[207月2026 16:41:07.113] [main/INFO] [cpw.mods.modlauncher.Launcher/MODLAUNCHER]: ModLauncher running: args [--username, silentor322, --version, 齿轮盛宴1.21.1, --gameDir, D:\MC_games\versions\齿轮盛宴1.21.1, --assetsDir, D:\MC_games\assets, --assetIndex, 17, --uuid, 4d0a966ddc6949378eb6823e987f8b1a, --accessToken, ????????, --clientId, ${clientid}, --xuid, ${auth_xuid}, --userType, msa, --versionType, PCL, --width, 854, --height, 480, --fml.neoForgeVersion, 21.1.240, --fml.fmlVersion, 4.0.43, --fml.mcVersion, 1.21.1, --fml.neoFormVersion, 20240808.144430, --launchTarget, forgeclient]
[207月2026 16:41:07.124] [main/INFO] [cpw.mods.modlauncher.Launcher/MODLAUNCHER]: JVM identified as Oracle Corporation Java HotSpot(TM) 64-Bit Server VM 21.0.11+9-LTS-211
[207月2026 16:41:07.126] [main/INFO] [cpw.mods.modlauncher.Launcher/MODLAUNCHER]: ModLauncher 11.0.5+main.901c6ea8 starting: java version 21.0.11 by Oracle Corporation; OS Windows 11 arch amd64 version 10.0
[207月2026 16:41:08.436] [main/INFO] [Sodium-GraphicsAdapterProbe/]: Searching for graphics cards...
[207月2026 16:41:08.520] [main/INFO] [Sodium-GraphicsAdapterProbe/]: Found graphics adapter: AdapterInfo{vendor=NVIDIA, description='NVIDIA GeForce RTX 3070 Ti Laptop GPU', adapterType=0x00002313, openglIcdFilePath='C:\WINDOWS\System32\DriverStore\FileRepository\nvami.inf_amd64_1a0e2bbd9919af1d\nvoglv64.dll', openglIcdVersion=32.0.16.1074}
[207月2026 16:41:08.521] [main/INFO] [Sodium-GraphicsAdapterProbe/]: Found graphics adapter: AdapterInfo{vendor=AMD, description='AMD Radeon(TM) Graphics', adapterType=0x0000232B, openglIcdFilePath='C:\WINDOWS\System32\DriverStore\FileRepository\u0201588.inf_amd64_18d847f3215007c5\B026184\atig6pxx.dll', openglIcdVersion=32.0.21043.19003}
[207月2026 16:41:08.524] [main/WARN] [Sodium-Workarounds/]: Sodium has applied one or more workarounds to prevent crashes or other issues on your system: [NVIDIA_THREADED_OPTIMIZATIONS_BROKEN, AMD_GAME_OPTIMIZATION_BROKEN]
[207月2026 16:41:08.525] [main/WARN] [Sodium-Workarounds/]: This is not necessarily an issue, but it may result in certain features or optimizations being disabled. You can sometimes fix these issues by upgrading your graphics driver.
[207月2026 16:41:08.525] [main/INFO] [Sodium-NvidiaWorkarounds/]: Modifying process environment to apply workarounds for the NVIDIA graphics driver...
[207月2026 16:41:08.528] [main/INFO] [net.neoforged.fml.loading.ImmediateWindowHandler/]: Loading ImmediateWindowProvider fmlearlywindow
[207月2026 16:41:08.569] [main/INFO] [EARLYDISPLAY/]: Trying GL version 4.6
[207月2026 16:41:08.849] [main/INFO] [EARLYDISPLAY/]: Requested GL version 4.6 got version 4.6
[207月2026 16:41:08.999] [main/INFO] [mixin/]: SpongePowered MIXIN Subsystem Version=0.8.7 Source=union:/D:/MC_games/libraries/net/fabricmc/sponge-mixin/0.15.2+mixin.0.8.7/sponge-mixin-0.15.2+mixin.0.8.7.jar%23175!/ Service=ModLauncher Env=CLIENT
[207月2026 16:41:09.059] [main/INFO] [Hotai/]: Reading patched classes
[207月2026 16:41:09.192] [pool-2-thread-1/INFO] [EARLYDISPLAY/]: GL info: NVIDIA GeForce RTX 3070 Ti Laptop GPU/PCIe/SSE2 GL version 4.6.0 NVIDIA 610.74, NVIDIA Corporation
[207月2026 16:41:10.991] [main/INFO] [net.neoforged.fml.loading.moddiscovery.ModDiscoverer/SCAN]: Found mod file "client-1.21.1-20240808.144430-srg.jar" [locator: production client provider +net.neoforged:neoforge:21.1.240:client]
[207月2026 16:41:11.009] [main/INFO] [net.neoforged.fml.loading.moddiscovery.ModDiscoverer/SCAN]: Found mod file "neoforge-21.1.240-universal.jar" [locator: PathBasedLocator[name=neoforge, paths=[D:\MC_games\libraries\net\neoforged\neoforge\21.1.240\neoforge-21.1.240-universal.jar]], reader: mod manifest]
[207月2026 16:41:11.012] [main/INFO] [net.neoforged.fml.loading.moddiscovery.ModDiscoverer/SCAN]: Found library file "~nonexistent" [locator: org.sinytra.connector.locator.ConnectorEarlyLocatorBootstrap@46e64760]
[207月2026 16:41:11.046] [main/INFO] [net.neoforged.fml.loading.moddiscovery.ModDiscoverer/SCAN]: Found mod file "net.caffeinemc.sodium-neoforge-0.8.12+mc1.21.1-mod.jar" [locator: net.caffeinemc.mods.sodium.service.SodiumServiceModLocator@2f0ed952, reader: mod manifest]
[207月2026 16:41:11.050] [main/INFO] [net.neoforged.fml.loading.moddiscovery.ModDiscoverer/SCAN]: Found mod file "fabric-rendering-data-attachment-v1-0.3.48+73761d2e19.jar" [locator: net.caffeinemc.mods.sodium.service.SodiumServiceModLocator@2f0ed952, reader: mod manifest]
[207月2026 16:41:11.053] [main/INFO] [net.neoforged.fml.loading.moddiscovery.ModDiscoverer/SCAN]: Found mod file "fabric-renderer-api-v1-3.4.1+9125b6dc19.jar" [locator: net.caffeinemc.mods.sodium.service.SodiumServiceModLocator@2f0ed952, reader: mod manifest]
[207月2026 16:41:11.055] [main/INFO] [net.neoforged.fml.loading.moddiscovery.ModDiscoverer/SCAN]: Found mod file "fabric-block-view-api-v2-1.0.10+9afaaf8c19.jar" [locator: net.caffeinemc.mods.sodium.service.SodiumServiceModLocator@2f0ed952, reader: mod manifest]
[207月2026 16:41:11.057] [main/INFO] [net.neoforged.fml.loading.moddiscovery.ModDiscoverer/SCAN]: Found mod file "fabric-api-base-0.4.42+d1308ded19.jar" [locator: net.caffeinemc.mods.sodium.service.SodiumServiceModLocator@2f0ed952, reader: mod manifest]
[207月2026 16:41:11.065] [main/INFO] [net.neoforged.fml.loading.moddiscovery.ModDiscoverer/SCAN]: Found mod file "[3D 皮肤层] skinlayers3d-neoforge-1.11.2-mc1.21.1.jar" [locator: {mods folder locator at D:\MC_games\versions\齿轮盛宴1.21.1\mods}, reader: mod manifest]
[207月2026 16:41:11.069] [main/INFO] [net.neoforged.fml.loading.moddiscovery.ModDiscoverer/SCAN]: Found mod file "[AE2扩展] ExtendedAE-1.21-2.2.29-neoforge.jar" [locator: {mods folder locator at D:\MC_games\versions\齿轮盛宴1.21.1\mods}, reader: mod manifest]
[207月2026 16:41:11.072] [main/INFO] [net.neoforged.fml.loading.moddiscovery.ModDiscoverer/SCAN]: Found mod file "[AE2无线终端] ae2wtlib-19.5.1.jar" [locator: {mods folder locator at D:\MC_games\versions\齿轮盛宴1.21.1\mods}, reader: mod manifest]
[207月2026 16:41:11.075] [main/INFO] [net.neoforged.fml.loading.moddiscovery.ModDiscoverer/SCAN]: Found mod file "[FTB 任务] ftb-quests-neoforge-2101.1.27.jar" [locator: {mods folder locator at D:\MC_games\versions\齿轮盛宴1.21.1\mods}, reader: mod manifest]
[207月2026 16:41:11.078] [main/INFO] [net.neoforged.fml.loading.moddiscovery.ModDiscoverer/SCAN]: Found mod file "[FTB 区块] ftb-chunks-neoforge-2101.1.20.jar" [locator: {mods folder locator at D:\MC_games\versions\齿轮盛宴1.21.1\mods}, reader: mod manifest]
[207月2026 16:41:11.080] [main/INFO] [net.neoforged.fml.loading.moddiscovery.ModDiscoverer/SCAN]: Found mod file "[FTB 团队] ftb-teams-neoforge-2101.1.10.jar" [locator: {mods folder locator at D:\MC_games\versions\齿轮盛宴1.21.1\mods}, reader: mod manifest]
[207月2026 16:41:11.083] [main/INFO] [net.neoforged.fml.loading.moddiscovery.ModDiscoverer/SCAN]: Found mod file "[Integrated Stronghold] integrated_stronghold-1.1.4+1.21.1-neoforge.jar" [locator: {mods folder locator at D:\MC_games\versions\齿轮盛宴1.21.1\mods}, reader: mod manifest]
[207月2026 16:41:11.086] [main/INFO] [net.neoforged.fml.loading.moddiscovery.ModDiscoverer/SCAN]: Found mod file "[JEI物品管理器] jei-1.21.1-neoforge-19.39.0.368.jar" [locator: {mods folder locator at D:\MC_games\versions\齿轮盛宴1.21.1\mods}, reader: mod manifest]
[207月2026 16:41:11.089] [main/INFO] [net.neoforged.fml.loading.moddiscovery.ModDiscoverer/SCAN]: Found mod file "[JEI药水效果] jeed-1.21-2.3.2.jar" [locator: {mods folder locator at D:\MC_games\versions\齿轮盛宴1.21.1\mods}, reader: mod manifest]
[207月2026 16:41:11.092] [main/INFO] [net.neoforged.fml.loading.moddiscovery.ModDiscoverer/SCAN]: Found mod file "[MEGA存储单元] megacells-4.11.0.jar" [locator: {mods folder locator at D:\MC_games\versions\齿轮盛宴1.21.1\mods}, reader: mod manifest]
[207月2026 16:41:11.095] [main/INFO] [net.neoforged.fml.loading.moddiscovery.ModDiscoverer/SCAN]: Found mod file "[Moderately Enough Effect Descriptions] meed-1.21.1-8.0.1.jar" [locator: {mods folder locator at D:\MC_games\versions\齿轮盛宴1.21.1\mods}, reader: mod manifest]
[207月2026 16:41:11.099] [main/INFO] [net.neoforged.fml.loading.moddiscovery.ModDiscoverer/SCAN]: Found mod file "[MrCrayfish 的家具：重制] refurbished_furniture-neoforge-1.21.1-1.0.22.jar" [locator: {mods folder locator at D:\MC_games\versions\齿轮盛宴1.21.1\mods}, reader: mod manifest]
[207月2026 16:41:11.103] [main/INFO] [net.neoforged.fml.loading.moddiscovery.ModDiscoverer/SCAN]: Found mod file "[OMNI 存储元件] ae2omnicells-1.21.1-neoforge-1.1.6.jar" [locator: {mods folder locator at D:\MC_games\versions\齿轮盛宴1.21.1\mods}, reader: mod manifest]
[207月2026 16:41:11.106] [main/INFO] [net.neoforged.fml.loading.moddiscovery.ModDiscoverer/SCAN]: Found mod file "[Xaero的世界地图] xaeroworldmap-neoforge-1.21.1-1.44.2.jar" [locator: {mods folder locator at D:\MC_games\versions\齿轮盛宴1.21.1\mods}, reader: mod manifest]
[207月2026 16:41:11.109] [main/INFO] [net.neoforged.fml.loading.moddiscovery.ModDiscoverer/SCAN]: Found mod file "[Xaero的小地图] xaerominimap-neoforge-1.21.1-26.4.2.jar" [locator: {mods folder locator at D:\MC_games\versions\齿轮盛宴1.21.1\mods}, reader: mod manifest]
[207月2026 16:41:11.112] [main/INFO] [net.neoforged.fml.loading.moddiscovery.ModDiscoverer/SCAN]: Found mod file "[YUNG 的下界要塞优化] YungsBetterNetherFortresses-1.21.1-NeoForge-3.1.5.jar" [locator: {mods folder locator at D:\MC_games\versions\齿轮盛宴1.21.1\mods}, reader: mod manifest]
[207月2026 16:41:11.115] [main/INFO] [net.neoforged.fml.loading.moddiscovery.ModDiscoverer/SCAN]: Found mod file "[YUNG 的地牢优化] YungsBetterDungeons-1.21.1-NeoForge-5.1.4.jar" [locator: {mods folder locator at D:\MC_games\versions\齿轮盛宴1.21.1\mods}, reader: mod manifest]
[207月2026 16:41:11.117] [main/INFO] [net.neoforged.fml.loading.moddiscovery.ModDiscoverer/SCAN]: Found mod file "[YUNG 的末地岛屿优化] YungsBetterEndIsland-1.21.1-NeoForge-3.1.2.jar" [locator: {mods folder locator at D:\MC_games\versions\齿轮盛宴1.21.1\mods}, reader: mod manifest]
[207月2026 16:41:11.121] [main/INFO] [net.neoforged.fml.loading.moddiscovery.ModDiscoverer/SCAN]: Found mod file "[YUNG 的桥] YungsBridges-1.21.1-NeoForge-5.1.1.jar" [locator: {mods folder locator at D:\MC_games\versions\齿轮盛宴1.21.1\mods}, reader: mod manifest]
[207月2026 16:41:11.123] [main/INFO] [net.neoforged.fml.loading.moddiscovery.ModDiscoverer/SCAN]: Found mod file "[YUNG 的沙漠神殿优化] YungsBetterDesertTemples-1.21.1-NeoForge-4.1.5.jar" [locator: {mods folder locator at D:\MC_games\versions\齿轮盛宴1.21.1\mods}, reader: mod manifest]
[207月2026 16:41:11.125] [main/INFO] [net.neoforged.fml.loading.moddiscovery.ModDiscoverer/SCAN]: Found mod file "[YUNG 的沼泽小屋优化] YungsBetterWitchHuts-1.21.1-NeoForge-4.1.1.jar" [locator: {mods folder locator at D:\MC_games\versions\齿轮盛宴1.21.1\mods}, reader: mod manifest]
[207月2026 16:41:11.128] [main/INFO] [net.neoforged.fml.loading.moddiscovery.ModDiscoverer/SCAN]: Found mod file "[YUNG 的洞穴优化] YungsBetterCaves-1.21.1-NeoForge-3.1.4.jar" [locator: {mods folder locator at D:\MC_games\versions\齿轮盛宴1.21.1\mods}, reader: mod manifest]
[207月2026 16:41:11.130] [main/INFO] [net.neoforged.fml.loading.moddiscovery.ModDiscoverer/SCAN]: Found mod file "[YUNG 的海底神殿优化] YungsBetterOceanMonuments-1.21.1-NeoForge-4.1.2.jar" [locator: {mods folder locator at D:\MC_games\versions\齿轮盛宴1.21.1\mods}, reader: mod manifest]
[207月2026 16:41:11.133] [main/INFO] [net.neoforged.fml.loading.moddiscovery.ModDiscoverer/SCAN]: Found mod file "[YUNG 的矿井优化] YungsBetterMineshafts-1.21.1-NeoForge-5.1.1.jar" [locator: {mods folder locator at D:\MC_games\versions\齿轮盛宴1.21.1\mods}, reader: mod manifest]
[207月2026 16:41:11.135] [main/INFO] [net.neoforged.fml.loading.moddiscovery.ModDiscoverer/SCAN]: Found mod file "[YUNG 的要塞优化] YungsBetterStrongholds-1.21.1-NeoForge-5.1.3.jar" [locator: {mods folder locator at D:\MC_games\versions\齿轮盛宴1.21.1\mods}, reader: mod manifest]
[207月2026 16:41:11.138] [main/INFO] [net.neoforged.fml.loading.moddiscovery.ModDiscoverer/SCAN]: Found mod file "[YUNG的丛林神庙优化] YungsBetterJungleTemples-1.21.1-NeoForge-3.1.2.jar" [locator: {mods folder locator at D:\MC_games\versions\齿轮盛宴1.21.1\mods}, reader: mod manifest]
[207月2026 16:41:11.140] [main/INFO] [net.neoforged.fml.loading.moddiscovery.ModDiscoverer/SCAN]: Found mod file "[不死图腾插槽／不死图腾槽位] charmofundying-neoforge-9.1.0+1.21.1.jar" [locator: {mods folder locator at D:\MC_games\versions\齿轮盛宴1.21.1\mods}, reader: mod manifest]
[207月2026 16:41:11.144] [main/INFO] [net.neoforged.fml.loading.moddiscovery.ModDiscoverer/SCAN]: Found mod file "[乡村乐事] rusticdelight-neoforge-1.21-1.6.1.jar" [locator: {mods folder locator at D:\MC_games\versions\齿轮盛宴1.21.1\mods}, reader: mod manifest]
[207月2026 16:41:11.146] [main/INFO] [net.neoforged.fml.loading.moddiscovery.ModDiscoverer/SCAN]: Found gamelibrary file "[交易刷新] traderefresh-3.0.4.jar" [locator: {mods folder locator at D:\MC_games\versions\齿轮盛宴1.21.1\mods}, reader: mod manifest]
[207月2026 16:41:11.149] [main/INFO] [net.neoforged.fml.loading.moddiscovery.ModDiscoverer/SCAN]: Found mod file "[传送石碑／指路石] waystones-neoforge-1.21.1-21.1.37.jar" [locator: {mods folder locator at D:\MC_games\versions\齿轮盛宴1.21.1\mods}, reader: mod manifest]
[207月2026 16:41:11.153] [main/INFO] [net.neoforged.fml.loading.moddiscovery.ModDiscoverer/SCAN]: Found mod file "[农夫乐事] FarmersDelight-1.21.1-1.3.2.jar" [locator: {mods folder locator at D:\MC_games\versions\齿轮盛宴1.21.1\mods}, reader: mod manifest]
[207月2026 16:41:11.155] [main/INFO] [net.neoforged.fml.loading.moddiscovery.ModDiscoverer/SCAN]: Found mod file "[冰山] Iceberg-1.21.1-neoforge-1.3.2.jar" [locator: {mods folder locator at D:\MC_games\versions\齿轮盛宴1.21.1\mods}, reader: mod manifest]
[207月2026 16:41:11.160] [main/INFO] [net.neoforged.fml.loading.moddiscovery.ModDiscoverer/SCAN]: Found mod file "[冰火传说社区版] iceandfire-2.1-beta.1.jar" [locator: {mods folder locator at D:\MC_games\versions\齿轮盛宴1.21.1\mods}, reader: mod manifest]
[207月2026 16:41:11.163] [main/INFO] [net.neoforged.fml.loading.moddiscovery.ModDiscoverer/SCAN]: Found mod file "[别创建新世界！] 0world2create-neoforge-1.21.1-1.0.0.jar" [locator: {mods folder locator at D:\MC_games\versions\齿轮盛宴1.21.1\mods}, reader: mod manifest]
[207月2026 16:41:11.165] [main/INFO] [net.neoforged.fml.loading.moddiscovery.ModDiscoverer/SCAN]: Found mod file "[功能性存储] functionalstorage-1.21.1-1.5.7.jar" [locator: {mods folder locator at D:\MC_games\versions\齿轮盛宴1.21.1\mods}, reader: mod manifest]
[207月2026 16:41:11.168] [main/INFO] [net.neoforged.fml.loading.moddiscovery.ModDiscoverer/SCAN]: Found mod file "[加速渲染] acceleratedrendering-1.0.14-1.21.1-alpha.jar" [locator: {mods folder locator at D:\MC_games\versions\齿轮盛宴1.21.1\mods}, reader: mod manifest]
[207月2026 16:41:11.171] [main/INFO] [net.neoforged.fml.loading.moddiscovery.ModDiscoverer/SCAN]: Found mod file "[动态 FPS] dynamic-fps-3.11.4+minecraft-1.21.0-neoforge.jar" [locator: {mods folder locator at D:\MC_games\versions\齿轮盛宴1.21.1\mods}, reader: mod manifest]
[207月2026 16:41:11.175] [main/INFO] [net.neoforged.fml.loading.moddiscovery.ModDiscoverer/SCAN]: Found mod file "[动态准星] dynamiccrosshair-9.11+1.21.1-neoforge.jar" [locator: {mods folder locator at D:\MC_games\versions\齿轮盛宴1.21.1\mods}, reader: mod manifest]
[207月2026 16:41:11.177] [main/INFO] [net.neoforged.fml.loading.moddiscovery.ModDiscoverer/SCAN]: Found mod file "[午餐肉乐事] luncheon-meat-s-delight-1.0.6-neoforge-1.21.1.jar" [locator: {mods folder locator at D:\MC_games\versions\齿轮盛宴1.21.1\mods}, reader: mod manifest]
[207月2026 16:41:11.179] [main/INFO] [net.neoforged.fml.loading.moddiscovery.ModDiscoverer/SCAN]: Found mod file "[可视性能侦测] observable-5.4.4.jar" [locator: {mods folder locator at D:\MC_games\versions\齿轮盛宴1.21.1\mods}, reader: mod manifest]
[207月2026 16:41:11.194] [main/INFO] [net.neoforged.fml.loading.moddiscovery.ModDiscoverer/SCAN]: Found mod file "[地牢乐事] neoforge-dungeonsdelight-1.21.1-1.5.0.jar" [locator: {mods folder locator at D:\MC_games\versions\齿轮盛宴1.21.1\mods}, reader: mod manifest]
[207月2026 16:41:11.198] [main/INFO] [net.neoforged.fml.loading.moddiscovery.ModDiscoverer/SCAN]: Found mod file "[地牢建筑统合] idas-1.13.7+1.21.1-neoforge.jar" [locator: {mods folder locator at D:\MC_games\versions\齿轮盛宴1.21.1\mods}, reader: mod manifest]
[207月2026 16:41:11.201] [main/INFO] [net.neoforged.fml.loading.moddiscovery.ModDiscoverer/SCAN]: Found mod file "[垃圾桶] trashcans-1.0.18c-neoforge-mc1.21.jar" [locator: {mods folder locator at D:\MC_games\versions\齿轮盛宴1.21.1\mods}, reader: mod manifest]
[207月2026 16:41:11.203] [main/INFO] [net.neoforged.fml.loading.moddiscovery.ModDiscoverer/SCAN]: Found mod file "[垃圾槽] trashslot-neoforge-1.21.1-21.1.11.jar" [locator: {mods folder locator at D:\MC_games\versions\齿轮盛宴1.21.1\mods}, reader: mod manifest]
[207月2026 16:41:11.205] [main/INFO] [net.neoforged.fml.loading.moddiscovery.ModDiscoverer/SCAN]: Found mod file "[多元乐事] culturaldelights-0.17.8.jar" [locator: {mods folder locator at D:\MC_games\versions\齿轮盛宴1.21.1\mods}, reader: mod manifest]
[207月2026 16:41:11.207] [main/INFO] [net.neoforged.fml.loading.moddiscovery.ModDiscoverer/SCAN]: Found mod file "[多态合成] polymorph-neoforge-1.1.0+1.21.1.jar" [locator: {mods folder locator at D:\MC_games\versions\齿轮盛宴1.21.1\mods}, reader: mod manifest]
[207月2026 16:41:11.209] [main/INFO] [net.neoforged.fml.loading.moddiscovery.ModDiscoverer/SCAN]: Found mod file "[夸克-奇思妙想] QuarkOddities-1.21.1.jar" [locator: {mods folder locator at D:\MC_games\versions\齿轮盛宴1.21.1\mods}, reader: mod manifest]
[207月2026 16:41:11.213] [main/INFO] [net.neoforged.fml.loading.moddiscovery.ModDiscoverer/SCAN]: Found mod file "[夸克] Quark-4.1-482.jar" [locator: {mods folder locator at D:\MC_games\versions\齿轮盛宴1.21.1\mods}, reader: mod manifest]
[207月2026 16:41:11.215] [main/INFO] [net.neoforged.fml.loading.moddiscovery.ModDiscoverer/SCAN]: Found mod file "[奇异饰品] artifacts-neoforge-13.2.1.jar" [locator: {mods folder locator at D:\MC_games\versions\齿轮盛宴1.21.1\mods}, reader: mod manifest]
[207月2026 16:41:11.219] [main/INFO] [net.neoforged.fml.loading.moddiscovery.ModDiscoverer/SCAN]: Found mod file "[女仆厨房] maidsoulkitchen-1.21.1-beta-v0.1.4.jar" [locator: {mods folder locator at D:\MC_games\versions\齿轮盛宴1.21.1\mods}, reader: mod manifest]
[207月2026 16:41:11.222] [main/INFO] [net.neoforged.fml.loading.moddiscovery.ModDiscoverer/SCAN]: Found mod file "[妖怪之山通用库] mysterious_mountain_lib-1.2.15-1.21.1.jar" [locator: {mods folder locator at D:\MC_games\versions\齿轮盛宴1.21.1\mods}, reader: mod manifest]
[207月2026 16:41:11.224] [main/INFO] [net.neoforged.fml.loading.moddiscovery.ModDiscoverer/SCAN]: Found mod file "[实体渲染机制优化] entityculling-neoforge-1.10.5-mc1.21.1.jar" [locator: {mods folder locator at D:\MC_games\versions\齿轮盛宴1.21.1\mods}, reader: mod manifest]
[207月2026 16:41:11.226] [main/INFO] [net.neoforged.fml.loading.moddiscovery.ModDiscoverer/SCAN]: Found mod file "[属性修复] attributefix-neoforge-1.21.1-21.1.3.jar" [locator: {mods folder locator at D:\MC_games\versions\齿轮盛宴1.21.1\mods}, reader: mod manifest]
[207月2026 16:41:11.229] [main/INFO] [net.neoforged.fml.loading.moddiscovery.ModDiscoverer/SCAN]: Found mod file "[屠宰工艺] butchercraft-2.6.5.jar" [locator: {mods folder locator at D:\MC_games\versions\齿轮盛宴1.21.1\mods}, reader: mod manifest]
[207月2026 16:41:11.231] [main/INFO] [net.neoforged.fml.loading.moddiscovery.ModDiscoverer/SCAN]: Found mod file "[工业平台] Industrial Platform-1.21.1-1.8.0.jar" [locator: {mods folder locator at D:\MC_games\versions\齿轮盛宴1.21.1\mods}, reader: mod manifest]
[207月2026 16:41:11.233] [main/INFO] [net.neoforged.fml.loading.moddiscovery.ModDiscoverer/SCAN]: Found mod file "[帕秋莉手册] Patchouli-1.21.1-93-NEOFORGE.jar" [locator: {mods folder locator at D:\MC_games\versions\齿轮盛宴1.21.1\mods}, reader: mod manifest]
[207月2026 16:41:11.236] [main/INFO] [net.neoforged.fml.loading.moddiscovery.ModDiscoverer/SCAN]: Found mod file "[应用机动] appliedcreate-1.21.1-1.1.6.jar" [locator: {mods folder locator at D:\MC_games\versions\齿轮盛宴1.21.1\mods}, reader: mod manifest]
[207月2026 16:41:11.240] [main/INFO] [net.neoforged.fml.loading.moddiscovery.ModDiscoverer/SCAN]: Found mod file "[应用能源2] appliedenergistics2-19.2.17.jar" [locator: {mods folder locator at D:\MC_games\versions\齿轮盛宴1.21.1\mods}, reader: mod manifest]
[207月2026 16:41:11.242] [main/INFO] [net.neoforged.fml.loading.moddiscovery.ModDiscoverer/SCAN]: Found mod file "[建筑手杖-耕云钓月版] constructionwand-kots-1.21.1-2.16.9.jar" [locator: {mods folder locator at D:\MC_games\versions\齿轮盛宴1.21.1\mods}, reader: mod manifest]
[207月2026 16:41:11.244] [main/INFO] [net.neoforged.fml.loading.moddiscovery.ModDiscoverer/SCAN]: Found mod file "[怪物增强] improvedmobs-1.21.1-1.15.2-neoforge.jar" [locator: {mods folder locator at D:\MC_games\versions\齿轮盛宴1.21.1\mods}, reader: mod manifest]
[207月2026 16:41:11.246] [main/INFO] [net.neoforged.fml.loading.moddiscovery.ModDiscoverer/SCAN]: Found mod file "[护甲上限突破] overloadedarmorbar-neoforge-1.21-2.jar" [locator: {mods folder locator at D:\MC_games\versions\齿轮盛宴1.21.1\mods}, reader: mod manifest]
[207月2026 16:41:11.248] [main/INFO] [net.neoforged.fml.loading.moddiscovery.ModDiscoverer/SCAN]: Found mod file "[拾取提示] PickUpNotifier-v21.1.1-1.21.1-NeoForge.jar" [locator: {mods folder locator at D:\MC_games\versions\齿轮盛宴1.21.1\mods}, reader: mod manifest]
[207月2026 16:41:11.250] [main/INFO] [net.neoforged.fml.loading.moddiscovery.ModDiscoverer/SCAN]: Found mod file "[探险者指南针] ExplorersCompass-1.21.1-3.4.0-neoforge.jar" [locator: {mods folder locator at D:\MC_games\versions\齿轮盛宴1.21.1\mods}, reader: mod manifest]
[207月2026 16:41:11.252] [main/INFO] [net.neoforged.fml.loading.moddiscovery.ModDiscoverer/SCAN]: Found mod file "[提示] tipsmod-neoforge-1.21.1-21.1.3.jar" [locator: {mods folder locator at D:\MC_games\versions\齿轮盛宴1.21.1\mods}, reader: mod manifest]
[207月2026 16:41:11.254] [main/INFO] [net.neoforged.fml.loading.moddiscovery.ModDiscoverer/SCAN]: Found mod file "[搬运] carryon-neoforge-1.21.1-2.2.5.8.jar" [locator: {mods folder locator at D:\MC_games\versions\齿轮盛宴1.21.1\mods}, reader: mod manifest]
[207月2026 16:41:11.256] [main/INFO] [net.neoforged.fml.loading.moddiscovery.ModDiscoverer/SCAN]: Found mod file "[救救我的答辩网络] smsn-neoforge-1.4.3-1.21.1.jar" [locator: {mods folder locator at D:\MC_games\versions\齿轮盛宴1.21.1\mods}, reader: mod manifest]
[207月2026 16:41:11.258] [main/INFO] [net.neoforged.fml.loading.moddiscovery.ModDiscoverer/SCAN]: Found mod file "[料理乐事] cuisinedelight-1.2.10.jar" [locator: {mods folder locator at D:\MC_games\versions\齿轮盛宴1.21.1\mods}, reader: mod manifest]
[207月2026 16:41:11.260] [main/INFO] [net.neoforged.fml.loading.moddiscovery.ModDiscoverer/SCAN]: Found mod file "[旅人标题] TravelersTitles-1.21.1-NeoForge-5.1.3.jar" [locator: {mods folder locator at D:\MC_games\versions\齿轮盛宴1.21.1\mods}, reader: mod manifest]
[207月2026 16:41:11.263] [main/INFO] [net.neoforged.fml.loading.moddiscovery.ModDiscoverer/SCAN]: Found mod file "[时装盔甲重置版] cosmeticarmorreworked-1.21.1-v1-neoforge.jar" [locator: {mods folder locator at D:\MC_games\versions\齿轮盛宴1.21.1\mods}, reader: mod manifest]
[207月2026 16:41:11.266] [main/INFO] [net.neoforged.fml.loading.moddiscovery.ModDiscoverer/SCAN]: Found mod file "[旷野之息高塔 ：再重制] totw_modded-neoforge-1.21-1.0.9.jar" [locator: {mods folder locator at D:\MC_games\versions\齿轮盛宴1.21.1\mods}, reader: mod manifest]
[207月2026 16:41:11.269] [main/INFO] [net.neoforged.fml.loading.moddiscovery.ModDiscoverer/SCAN]: Found mod file "[普罗米修斯] prometheus-neoforge-1.21-1.2.5.jar" [locator: {mods folder locator at D:\MC_games\versions\齿轮盛宴1.21.1\mods}, reader: mod manifest]
[207月2026 16:41:11.275] [main/INFO] [net.neoforged.fml.loading.moddiscovery.ModDiscoverer/SCAN]: Found mod file "[暮色森林] twilightforest-1.21.1-4.8.3345-universal.jar" [locator: {mods folder locator at D:\MC_games\versions\齿轮盛宴1.21.1\mods}, reader: mod manifest]
[207月2026 16:41:11.278] [main/INFO] [net.neoforged.fml.loading.moddiscovery.ModDiscoverer/SCAN]: Found mod file "[更好的Boss血条] enhancedbossbars-1.0.0.jar" [locator: {mods folder locator at D:\MC_games\versions\齿轮盛宴1.21.1\mods}, reader: mod manifest]
[207月2026 16:41:11.281] [main/INFO] [net.neoforged.fml.loading.moddiscovery.ModDiscoverer/SCAN]: Found mod file "[更好的末地城] BetterEndCities-BetterEnd-1.21.jar" [locator: {mods folder locator at D:\MC_games\versions\齿轮盛宴1.21.1\mods}, reader: mod manifest]
[207月2026 16:41:11.285] [main/INFO] [net.neoforged.fml.loading.moddiscovery.ModDiscoverer/SCAN]: Found mod file "[更好的进度] BetterAdvancements-NeoForge-1.21.1-0.4.3.21.jar" [locator: {mods folder locator at D:\MC_games\versions\齿轮盛宴1.21.1\mods}, reader: mod manifest]
[207月2026 16:41:11.288] [main/INFO] [net.neoforged.fml.loading.moddiscovery.ModDiscoverer/SCAN]: Found mod file "[更美观的血条] colorfulhearts-neoforge-1.21.1-10.5.9.jar" [locator: {mods folder locator at D:\MC_games\versions\齿轮盛宴1.21.1\mods}, reader: mod manifest]
[207月2026 16:41:11.290] [main/INFO] [net.neoforged.fml.loading.moddiscovery.ModDiscoverer/SCAN]: Found mod file "[更高级联机设置] mcwifipnp-1.9.0-1.21-neoforge.jar" [locator: {mods folder locator at D:\MC_games\versions\齿轮盛宴1.21.1\mods}, reader: mod manifest]
[207月2026 16:41:11.293] [main/INFO] [net.neoforged.fml.loading.moddiscovery.ModDiscoverer/SCAN]: Found mod file "[末地乐事] ends_delight-2.6.1+neoforge.1.21.1.jar" [locator: {mods folder locator at D:\MC_games\versions\齿轮盛宴1.21.1\mods}, reader: mod manifest]
[207月2026 16:41:11.299] [main/INFO] [net.neoforged.fml.loading.moddiscovery.ModDiscoverer/SCAN]: Found mod file "[机械动力] create-1.21.1-6.0.10.jar" [locator: {mods folder locator at D:\MC_games\versions\齿轮盛宴1.21.1\mods}, reader: mod manifest]
[207月2026 16:41:11.301] [main/INFO] [net.neoforged.fml.loading.moddiscovery.ModDiscoverer/SCAN]: Found mod file "[机械动力航空学：工具枪] create_aeronautics_toolgun-0.2.3.jar" [locator: {mods folder locator at D:\MC_games\versions\齿轮盛宴1.21.1\mods}, reader: mod manifest]
[207月2026 16:41:11.304] [main/INFO] [net.neoforged.fml.loading.moddiscovery.ModDiscoverer/SCAN]: Found mod file "[机械动力：中央厨房] create-central-kitchen-2.5.0.jar" [locator: {mods folder locator at D:\MC_games\versions\齿轮盛宴1.21.1\mods}, reader: mod manifest]
[207月2026 16:41:11.306] [main/INFO] [net.neoforged.fml.loading.moddiscovery.ModDiscoverer/SCAN]: Found mod file "[机械动力：乡村结构] create_rustic_structures-1.0.1-neoforge-1.21.1.jar" [locator: {mods folder locator at D:\MC_games\versions\齿轮盛宴1.21.1\mods}, reader: mod manifest]
[207月2026 16:41:11.309] [main/INFO] [net.neoforged.fml.loading.moddiscovery.ModDiscoverer/SCAN]: Found mod file "[机械动力：伪装方块+] copycats-3.0.4+mc.1.21.1-neoforge.jar" [locator: {mods folder locator at D:\MC_games\versions\齿轮盛宴1.21.1\mods}, reader: mod manifest]
[207月2026 16:41:11.312] [main/INFO] [net.neoforged.fml.loading.moddiscovery.ModDiscoverer/SCAN]: Found mod file "[机械动力：内饰] interiors-1.21.1-neoforge-0.6.1.jar" [locator: {mods folder locator at D:\MC_games\versions\齿轮盛宴1.21.1\mods}, reader: mod manifest]
[207月2026 16:41:11.315] [main/INFO] [net.neoforged.fml.loading.moddiscovery.ModDiscoverer/SCAN]: Found mod file "[机械动力：冶金学] createmetallurgy-1.0.3-1.21.1.jar" [locator: {mods folder locator at D:\MC_games\versions\齿轮盛宴1.21.1\mods}, reader: mod manifest]
[207月2026 16:41:11.319] [main/INFO] [net.neoforged.fml.loading.moddiscovery.ModDiscoverer/SCAN]: Found mod file "[机械动力：创想附加] createaddition-1.6.0.jar" [locator: {mods folder locator at D:\MC_games\versions\齿轮盛宴1.21.1\mods}, reader: mod manifest]
[207月2026 16:41:11.321] [main/INFO] [net.neoforged.fml.loading.moddiscovery.ModDiscoverer/SCAN]: Found mod file "[机械动力：创意传动] create_connected-1.3.2-mc1.21.1.jar" [locator: {mods folder locator at D:\MC_games\versions\齿轮盛宴1.21.1\mods}, reader: mod manifest]
[207月2026 16:41:11.324] [main/INFO] [net.neoforged.fml.loading.moddiscovery.ModDiscoverer/SCAN]: Found mod file "[机械动力：动力刷怪笼] create_mechanical_spawner-1.21.1-1.3.2-6.0.10.jar" [locator: {mods folder locator at D:\MC_games\versions\齿轮盛宴1.21.1\mods}, reader: mod manifest]
[207月2026 16:41:11.326] [main/INFO] [net.neoforged.fml.loading.moddiscovery.ModDiscoverer/SCAN]: Found mod file "[机械动力：动力加载器] create_power_loader-2.0.5-mc1.21.1.jar" [locator: {mods folder locator at D:\MC_games\versions\齿轮盛宴1.21.1\mods}, reader: mod manifest]
[207月2026 16:41:11.330] [main/INFO] [net.neoforged.fml.loading.moddiscovery.ModDiscoverer/SCAN]: Found mod file "[机械动力：北极星] Northstar-0.6.3+1.21.1.jar" [locator: {mods folder locator at D:\MC_games\versions\齿轮盛宴1.21.1\mods}, reader: mod manifest]
[207月2026 16:41:11.332] [main/INFO] [net.neoforged.fml.loading.moddiscovery.ModDiscoverer/SCAN]: Found mod file "[机械动力：原子核动] createnuclear-1.3.2-beta.3-neoforge.jar" [locator: {mods folder locator at D:\MC_games\versions\齿轮盛宴1.21.1\mods}, reader: mod manifest]
[207月2026 16:41:11.336] [main/INFO] [net.neoforged.fml.loading.moddiscovery.ModDiscoverer/SCAN]: Found mod file "[机械动力：又在幻想了] create_fantasizing-1.21.1-1.2.0-b2.jar" [locator: {mods folder locator at D:\MC_games\versions\齿轮盛宴1.21.1\mods}, reader: mod manifest]
[207月2026 16:41:11.338] [main/INFO] [net.neoforged.fml.loading.moddiscovery.ModDiscoverer/SCAN]: Found mod file "[机械动力：咖啡馆] createcafe-1.4.3.jar" [locator: {mods folder locator at D:\MC_games\versions\齿轮盛宴1.21.1\mods}, reader: mod manifest]
[207月2026 16:41:11.340] [main/INFO] [net.neoforged.fml.loading.moddiscovery.ModDiscoverer/SCAN]: Found mod file "[机械动力：喷气背包] create_jetpack-forge-5.1.2.jar" [locator: {mods folder locator at D:\MC_games\versions\齿轮盛宴1.21.1\mods}, reader: mod manifest]
[207月2026 16:41:11.342] [main/INFO] [net.neoforged.fml.loading.moddiscovery.ModDiscoverer/SCAN]: Found mod file "[机械动力：懒惰刻] CreateLazyTick-2.4.9-6.0.x-neoforge-1.21.1.jar" [locator: {mods folder locator at D:\MC_games\versions\齿轮盛宴1.21.1\mods}, reader: mod manifest]
[207月2026 16:41:11.344] [main/INFO] [net.neoforged.fml.loading.moddiscovery.ModDiscoverer/SCAN]: Found mod file "[机械动力：推进工程] createpropulsion-1.1.4.jar" [locator: {mods folder locator at D:\MC_games\versions\齿轮盛宴1.21.1\mods}, reader: mod manifest]
[207月2026 16:41:11.347] [main/INFO] [net.neoforged.fml.loading.moddiscovery.ModDiscoverer/SCAN]: Found mod file "[机械动力：更多仪表] extra_gauges-2.1.2.jar" [locator: {mods folder locator at D:\MC_games\versions\齿轮盛宴1.21.1\mods}, reader: mod manifest]
[207月2026 16:41:11.349] [main/INFO] [net.neoforged.fml.loading.moddiscovery.ModDiscoverer/SCAN]: Found mod file "[机械动力：更快的蓝图加农炮] CreateFastSchematicCannon-1.4.1-neoforge-1.21.1.jar" [locator: {mods folder locator at D:\MC_games\versions\齿轮盛宴1.21.1\mods}, reader: mod manifest]
[207月2026 16:41:11.352] [main/INFO] [net.neoforged.fml.loading.moddiscovery.ModDiscoverer/SCAN]: Found mod file "[机械动力：末影传输] createendertransmission-2.1.1-1.21.1.jar" [locator: {mods folder locator at D:\MC_games\versions\齿轮盛宴1.21.1\mods}, reader: mod manifest]
[207月2026 16:41:11.354] [main/INFO] [net.neoforged.fml.loading.moddiscovery.ModDiscoverer/SCAN]: Found mod file "[机械动力：柴油动力] createdieselgenerators-1.21.1-1.3.14.jar" [locator: {mods folder locator at D:\MC_games\versions\齿轮盛宴1.21.1\mods}, reader: mod manifest]
[207月2026 16:41:11.356] [main/INFO] [net.neoforged.fml.loading.moddiscovery.ModDiscoverer/SCAN]: Found mod file "[机械动力：模式蓝图] create_pattern_schematics-2.0.10.jar" [locator: {mods folder locator at D:\MC_games\versions\齿轮盛宴1.21.1\mods}, reader: mod manifest]
[207月2026 16:41:11.358] [main/INFO] [net.neoforged.fml.loading.moddiscovery.ModDiscoverer/SCAN]: Found mod file "[机械动力：油炸] create_deepfried-forge-1.21.1-0.1.3C.jar" [locator: {mods folder locator at D:\MC_games\versions\齿轮盛宴1.21.1\mods}, reader: mod manifest]
[207月2026 16:41:11.361] [main/INFO] [net.neoforged.fml.loading.moddiscovery.ModDiscoverer/SCAN]: Found mod file "[机械动力：流光溢彩] createprism-1.2.2.jar" [locator: {mods folder locator at D:\MC_games\versions\齿轮盛宴1.21.1\mods}, reader: mod manifest]
[207月2026 16:41:11.363] [main/INFO] [net.neoforged.fml.loading.moddiscovery.ModDiscoverer/SCAN]: Found mod file "[机械动力：液体燃料] createliquidfuel-2.1.1-1.21.1.jar" [locator: {mods folder locator at D:\MC_games\versions\齿轮盛宴1.21.1\mods}, reader: mod manifest]
[207月2026 16:41:11.367] [main/INFO] [net.neoforged.fml.loading.moddiscovery.ModDiscoverer/SCAN]: Found mod file "[机械动力：火炮] createbigcannons-5.11.7+mc.1.21.1.jar" [locator: {mods folder locator at D:\MC_games\versions\齿轮盛宴1.21.1\mods}, reader: mod manifest]
[207月2026 16:41:11.369] [main/INFO] [net.neoforged.fml.loading.moddiscovery.ModDiscoverer/SCAN]: Found mod file "[机械动力：物品附加] create-stuff-additions1.21.1_v2.1.4a.jar" [locator: {mods folder locator at D:\MC_games\versions\齿轮盛宴1.21.1\mods}, reader: mod manifest]
[207月2026 16:41:11.373] [main/INFO] [net.neoforged.fml.loading.moddiscovery.ModDiscoverer/SCAN]: Found mod file "[机械动力：物流附加] createadditionallogistics-1.21.1-1.4.5.jar" [locator: {mods folder locator at D:\MC_games\versions\齿轮盛宴1.21.1\mods}, reader: mod manifest]
[207月2026 16:41:11.375] [main/INFO] [net.neoforged.fml.loading.moddiscovery.ModDiscoverer/SCAN]: Found mod file "[机械动力：甜食] create-confectionery1.21.1_v1.1.3b.jar" [locator: {mods folder locator at D:\MC_games\versions\齿轮盛宴1.21.1\mods}, reader: mod manifest]
[207月2026 16:41:11.377] [main/INFO] [net.neoforged.fml.loading.moddiscovery.ModDiscoverer/SCAN]: Found mod file "[机械动力：电气时代] create-new-age-1.2.0+neoforge-mc1.21.1.jar" [locator: {mods folder locator at D:\MC_games\versions\齿轮盛宴1.21.1\mods}, reader: mod manifest]
[207月2026 16:41:11.379] [main/INFO] [net.neoforged.fml.loading.moddiscovery.ModDiscoverer/SCAN]: Found mod file "[机械动力：矿石开掘] createoreexcavation-1.21-1.6.8.jar" [locator: {mods folder locator at D:\MC_games\versions\齿轮盛宴1.21.1\mods}, reader: mod manifest]
[207月2026 16:41:11.382] [main/INFO] [net.neoforged.fml.loading.moddiscovery.ModDiscoverer/SCAN]: Found mod file "[机械动力：筛子] createsifter-1.21.1-2.3.0.jar" [locator: {mods folder locator at D:\MC_games\versions\齿轮盛宴1.21.1\mods}, reader: mod manifest]
[207月2026 16:41:11.384] [main/INFO] [net.neoforged.fml.loading.moddiscovery.ModDiscoverer/SCAN]: Found mod file "[机械动力：航空学] create-aeronautics-bundled-1.21.1-1.3.0.jar" [locator: {mods folder locator at D:\MC_games\versions\齿轮盛宴1.21.1\mods}, reader: mod manifest]
[207月2026 16:41:11.388] [main/INFO] [net.neoforged.fml.loading.moddiscovery.ModDiscoverer/SCAN]: Found mod file "[机械动力：赛博护目镜] CreateCyberGoggles-1.21.1-8.1.3-NeoForge.jar" [locator: {mods folder locator at D:\MC_games\versions\齿轮盛宴1.21.1\mods}, reader: mod manifest]
[207月2026 16:41:11.391] [main/INFO] [net.neoforged.fml.loading.moddiscovery.ModDiscoverer/SCAN]: Found mod file "[机械动力：铁路导航] createrailwaysnavigator-neoforge-1.21.1-beta-0.9.1-C6.jar" [locator: {mods folder locator at D:\MC_games\versions\齿轮盛宴1.21.1\mods}, reader: mod manifest]
[207月2026 16:41:11.394] [main/INFO] [net.neoforged.fml.loading.moddiscovery.ModDiscoverer/SCAN]: Found mod file "[机械动力：附魔工业] create-enchantment-industry-2.5.0-preview-alpha1.jar" [locator: {mods folder locator at D:\MC_games\versions\齿轮盛宴1.21.1\mods}, reader: mod manifest]
[207月2026 16:41:11.397] [main/INFO] [net.neoforged.fml.loading.moddiscovery.ModDiscoverer/SCAN]: Found mod file "[机械动力：齿轮与麦穗] create_ratatouille-1.21.1-1.4.0.jar" [locator: {mods folder locator at D:\MC_games\versions\齿轮盛宴1.21.1\mods}, reader: mod manifest]
[207月2026 16:41:11.399] [main/INFO] [net.neoforged.fml.loading.moddiscovery.ModDiscoverer/SCAN]: Found mod file "[机械动力：齿轮与麦穗的炸物拓展] ratatouille_fried_delights-1.0.4.jar" [locator: {mods folder locator at D:\MC_games\versions\齿轮盛宴1.21.1\mods}, reader: mod manifest]
[207月2026 16:41:11.403] [main/INFO] [net.neoforged.fml.loading.moddiscovery.ModDiscoverer/SCAN]: Found mod file "[机械动力：龙+] CreateDragonsPlus-1.11.2b.jar" [locator: {mods folder locator at D:\MC_games\versions\齿轮盛宴1.21.1\mods}, reader: mod manifest]
[207月2026 16:41:11.406] [main/INFO] [net.neoforged.fml.loading.moddiscovery.ModDiscoverer/SCAN]: Found mod file "[果园乐事] fruitsdelight-1.2.14.jar" [locator: {mods folder locator at D:\MC_games\versions\齿轮盛宴1.21.1\mods}, reader: mod manifest]
[207月2026 16:41:11.409] [main/INFO] [net.neoforged.fml.loading.moddiscovery.ModDiscoverer/SCAN]: Found mod file "[树叶渲染优化] cullleaves-neoforge-4.1.1+1.21.1.jar" [locator: {mods folder locator at D:\MC_games\versions\齿轮盛宴1.21.1\mods}, reader: mod manifest]
[207月2026 16:41:11.412] [main/INFO] [net.neoforged.fml.loading.moddiscovery.ModDiscoverer/SCAN]: Found mod file "[森罗厨房：国味] kaleidoscope_chinesefood-1.1.8-neoforge+1.21.1.jar" [locator: {mods folder locator at D:\MC_games\versions\齿轮盛宴1.21.1\mods}, reader: mod manifest]
[207月2026 16:41:11.415] [main/INFO] [net.neoforged.fml.loading.moddiscovery.ModDiscoverer/SCAN]: Found mod file "[森罗厨房：自动化] kaleidoscopecookery_automation-1.0.2.jar" [locator: {mods folder locator at D:\MC_games\versions\齿轮盛宴1.21.1\mods}, reader: mod manifest]
[207月2026 16:41:11.418] [main/INFO] [net.neoforged.fml.loading.moddiscovery.ModDiscoverer/SCAN]: Found mod file "[森罗物语：下界] kaleidoscope_nether-1.1.4-neoforge+mc1.21.1.jar" [locator: {mods folder locator at D:\MC_games\versions\齿轮盛宴1.21.1\mods}, reader: mod manifest]
[207月2026 16:41:11.421] [main/INFO] [net.neoforged.fml.loading.moddiscovery.ModDiscoverer/SCAN]: Found mod file "[森罗物语：兼容] kaleidoscope_compat-2.9.7-neoforge+mc1.21.1.jar" [locator: {mods folder locator at D:\MC_games\versions\齿轮盛宴1.21.1\mods}, reader: mod manifest]
[207月2026 16:41:11.425] [main/INFO] [net.neoforged.fml.loading.moddiscovery.ModDiscoverer/SCAN]: Found mod file "[森罗物语：厨房] kaleidoscopecookery-1.4.1-neoforge+mc1.21.1.jar" [locator: {mods folder locator at D:\MC_games\versions\齿轮盛宴1.21.1\mods}, reader: mod manifest]
[207月2026 16:41:11.428] [main/INFO] [net.neoforged.fml.loading.moddiscovery.ModDiscoverer/SCAN]: Found mod file "[森罗物语：暮色] kaleidoscope_twilight-1.0.6-neoforge+mc1.21.1.jar" [locator: {mods folder locator at D:\MC_games\versions\齿轮盛宴1.21.1\mods}, reader: mod manifest]
[207月2026 16:41:11.430] [main/INFO] [net.neoforged.fml.loading.moddiscovery.ModDiscoverer/SCAN]: Found mod file "[森罗物语：末地] kaleidoscope_end-1.0.14-neoforge+mc1.21.1.jar" [locator: {mods folder locator at D:\MC_games\versions\齿轮盛宴1.21.1\mods}, reader: mod manifest]
[207月2026 16:41:11.433] [main/INFO] [net.neoforged.fml.loading.moddiscovery.ModDiscoverer/SCAN]: Found mod file "[森罗物语：玩偶] kaleidoscopedoll-1.4.1-neoforge+mc1.21.1.jar" [locator: {mods folder locator at D:\MC_games\versions\齿轮盛宴1.21.1\mods}, reader: mod manifest]
[207月2026 16:41:11.435] [main/INFO] [net.neoforged.fml.loading.moddiscovery.ModDiscoverer/SCAN]: Found mod file "[森罗物语：酒馆] kaleidoscopetavern-1.2.0-neoforge+mc1.21.1.jar" [locator: {mods folder locator at D:\MC_games\versions\齿轮盛宴1.21.1\mods}, reader: mod manifest]
[207月2026 16:41:11.438] [main/INFO] [net.neoforged.fml.loading.moddiscovery.ModDiscoverer/SCAN]: Found mod file "[森罗酒馆：世界名酒] kaleidoscope_world_liquor-1.1.7-neoforge+1.21.1.jar" [locator: {mods folder locator at D:\MC_games\versions\齿轮盛宴1.21.1\mods}, reader: mod manifest]
[207月2026 16:41:11.440] [main/INFO] [net.neoforged.fml.loading.moddiscovery.ModDiscoverer/SCAN]: Found mod file "[模组目录] catalogue-neoforge-1.21.1-1.11.2.jar" [locator: {mods folder locator at D:\MC_games\versions\齿轮盛宴1.21.1\mods}, reader: mod manifest]
[207月2026 16:41:11.442] [main/INFO] [net.neoforged.fml.loading.moddiscovery.ModDiscoverer/SCAN]: Found mod file "[正版离线共存] trueuuid-1.1.2-neoforge1.21.1.jar" [locator: {mods folder locator at D:\MC_games\versions\齿轮盛宴1.21.1\mods}, reader: mod manifest]
[207月2026 16:41:11.444] [main/INFO] [net.neoforged.fml.loading.moddiscovery.ModDiscoverer/SCAN]: Found mod file "[永恒之门] GatewaysToEternity-1.21.1-5.1.0.jar" [locator: {mods folder locator at D:\MC_games\versions\齿轮盛宴1.21.1\mods}, reader: mod manifest]
[207月2026 16:41:11.446] [main/INFO] [net.neoforged.fml.loading.moddiscovery.ModDiscoverer/SCAN]: Found mod file "[沉浸农艺] letsdo-farm_and_charm-neoforge-1.1.22.jar" [locator: {mods folder locator at D:\MC_games\versions\齿轮盛宴1.21.1\mods}, reader: mod manifest]
[207月2026 16:41:11.448] [main/INFO] [net.neoforged.fml.loading.moddiscovery.ModDiscoverer/SCAN]: Found mod file "[沉浸式奏乐] immersive_melodies-neoforge-0.6.4+1.21.1.jar" [locator: {mods folder locator at D:\MC_games\versions\齿轮盛宴1.21.1\mods}, reader: mod manifest]
[207月2026 16:41:11.450] [main/INFO] [net.neoforged.fml.loading.moddiscovery.ModDiscoverer/SCAN]: Found mod file "[沉浸式飞机] immersive_aircraft-1.4.6+1.21.1-neoforge.jar" [locator: {mods folder locator at D:\MC_games\versions\齿轮盛宴1.21.1\mods}, reader: mod manifest]
[207月2026 16:41:11.452] [main/INFO] [net.neoforged.fml.loading.moddiscovery.ModDiscoverer/SCAN]: Found mod file "[沉浸画框] immersive_paintings-neoforge-1.21.1-0.7.8.jar" [locator: {mods folder locator at D:\MC_games\versions\齿轮盛宴1.21.1\mods}, reader: mod manifest]
[207月2026 16:41:11.454] [main/INFO] [net.neoforged.fml.loading.moddiscovery.ModDiscoverer/SCAN]: Found mod file "[海洋乐事] oceansdelight-neoforge-1.0.4-1.21.1.jar" [locator: {mods folder locator at D:\MC_games\versions\齿轮盛宴1.21.1\mods}, reader: mod manifest]
[207月2026 16:41:11.456] [main/INFO] [net.neoforged.fml.loading.moddiscovery.ModDiscoverer/SCAN]: Found mod file "[游戏内账号切换] IAS-9.0.7+1.21.1-neoforge.jar" [locator: {mods folder locator at D:\MC_games\versions\齿轮盛宴1.21.1\mods}, reader: mod manifest]
[207月2026 16:41:11.458] [main/INFO] [net.neoforged.fml.loading.moddiscovery.ModDiscoverer/SCAN]: Found mod file "[火炬大师] torchmaster-neoforge-1.21.1-21.1.9.jar" [locator: {mods folder locator at D:\MC_games\versions\齿轮盛宴1.21.1\mods}, reader: mod manifest]
[207月2026 16:41:11.461] [main/INFO] [net.neoforged.fml.loading.moddiscovery.ModDiscoverer/SCAN]: Found mod file "[烘焙坊] bakeries-1.21.1-NeoForge-1.0.1.jar" [locator: {mods folder locator at D:\MC_games\versions\齿轮盛宴1.21.1\mods}, reader: mod manifest]
[207月2026 16:41:11.463] [main/INFO] [net.neoforged.fml.loading.moddiscovery.ModDiscoverer/SCAN]: Found mod file "[烧烤乐事] barbequesdelight-1.3.0.jar" [locator: {mods folder locator at D:\MC_games\versions\齿轮盛宴1.21.1\mods}, reader: mod manifest]
[207月2026 16:41:11.465] [main/INFO] [net.neoforged.fml.loading.moddiscovery.ModDiscoverer/SCAN]: Found mod file "[煨茶酝露] letsdo-herbalbrews-neoforge-1.1.3.jar" [locator: {mods folder locator at D:\MC_games\versions\齿轮盛宴1.21.1\mods}, reader: mod manifest]
[207月2026 16:41:11.467] [main/INFO] [net.neoforged.fml.loading.moddiscovery.ModDiscoverer/SCAN]: Found mod file "[物品物理掉落] ItemPhysicLite_NEOFORGE_v1.6.11_mc1.21.1.jar" [locator: {mods folder locator at D:\MC_games\versions\齿轮盛宴1.21.1\mods}, reader: mod manifest]
[207月2026 16:41:11.470] [main/INFO] [net.neoforged.fml.loading.moddiscovery.ModDiscoverer/SCAN]: Found mod file "[物品边框] ItemBorders-1.21-neoforge-1.2.5.jar" [locator: {mods folder locator at D:\MC_games\versions\齿轮盛宴1.21.1\mods}, reader: mod manifest]
[207月2026 16:41:11.472] [main/INFO] [net.neoforged.fml.loading.moddiscovery.ModDiscoverer/SCAN]: Found mod file "[犀牛] rhino-2101.2.7-build.85.jar" [locator: {mods folder locator at D:\MC_games\versions\齿轮盛宴1.21.1\mods}, reader: mod manifest]
[207月2026 16:41:11.474] [main/INFO] [net.neoforged.fml.loading.moddiscovery.ModDiscoverer/SCAN]: Found mod file "[玉 ?] Jade-1.21.1-NeoForge-15.10.5.jar" [locator: {mods folder locator at D:\MC_games\versions\齿轮盛宴1.21.1\mods}, reader: mod manifest]
[207月2026 16:41:11.477] [main/INFO] [net.neoforged.fml.loading.moddiscovery.ModDiscoverer/SCAN]: Found mod file "[玉米乐事] corn_delight-1.2.10-1.21.1.jar" [locator: {mods folder locator at D:\MC_games\versions\齿轮盛宴1.21.1\mods}, reader: mod manifest]
[207月2026 16:41:11.519] [main/INFO] [net.neoforged.fml.loading.moddiscovery.ModDiscoverer/SCAN]: Found mod file "[现代化 UI] ModernUI-NeoForge-1.21.1-3.13.0.1-universal.jar" [locator: {mods folder locator at D:\MC_games\versions\齿轮盛宴1.21.1\mods}, reader: mod manifest]
[207月2026 16:41:11.522] [main/INFO] [net.neoforged.fml.loading.moddiscovery.ModDiscoverer/SCAN]: Found mod file "[现代化修复] modernfix-neoforge-5.27.20+mc1.21.1.jar" [locator: {mods folder locator at D:\MC_games\versions\齿轮盛宴1.21.1\mods}, reader: mod manifest]
[207月2026 16:41:11.524] [main/INFO] [net.neoforged.fml.loading.moddiscovery.ModDiscoverer/SCAN]: Found mod file "[生活调味料：胡萝卜版] solcarrot-1.21.1-1.16.6.jar" [locator: {mods folder locator at D:\MC_games\versions\齿轮盛宴1.21.1\mods}, reader: mod manifest]
[207月2026 16:41:11.526] [main/INFO] [net.neoforged.fml.loading.moddiscovery.ModDiscoverer/SCAN]: Found mod file "[生活调味料：辣条版] spiceoflifelatiao-neoforge-1.4.7.jar" [locator: {mods folder locator at D:\MC_games\versions\齿轮盛宴1.21.1\mods}, reader: mod manifest]
[207月2026 16:41:11.528] [main/INFO] [net.neoforged.fml.loading.moddiscovery.ModDiscoverer/SCAN]: Found mod file "[盛节精酿] letsdo-brewery-neoforge-2.1.9.jar" [locator: {mods folder locator at D:\MC_games\versions\齿轮盛宴1.21.1\mods}, reader: mod manifest]
[207月2026 16:41:11.530] [main/INFO] [net.neoforged.fml.loading.moddiscovery.ModDiscoverer/SCAN]: Found mod file "[矿工乐事] minersdelight-1.21.1-1.4.5.jar" [locator: {mods folder locator at D:\MC_games\versions\齿轮盛宴1.21.1\mods}, reader: mod manifest]
[207月2026 16:41:11.532] [main/INFO] [net.neoforged.fml.loading.moddiscovery.ModDiscoverer/SCAN]: Found mod file "[禁用聊天举报] NoChatReports-NEOFORGE-1.21.1-v2.9.1.jar" [locator: {mods folder locator at D:\MC_games\versions\齿轮盛宴1.21.1\mods}, reader: mod manifest]
[207月2026 16:41:11.534] [main/INFO] [net.neoforged.fml.loading.moddiscovery.ModDiscoverer/SCAN]: Found mod file "[简单备份] SimpleBackups-1.21-4.0.30.jar" [locator: {mods folder locator at D:\MC_games\versions\齿轮盛宴1.21.1\mods}, reader: mod manifest]
[207月2026 16:41:11.537] [main/INFO] [net.neoforged.fml.loading.moddiscovery.ModDiscoverer/SCAN]: Found mod file "[简单帽子] simplehats-neoforge-1.21.1-0.4.0.jar" [locator: {mods folder locator at D:\MC_games\versions\齿轮盛宴1.21.1\mods}, reader: mod manifest]
[207月2026 16:41:11.540] [main/INFO] [net.neoforged.fml.loading.moddiscovery.ModDiscoverer/SCAN]: Found mod file "[精妙核心] sophisticatedcore-1.21.1-1.4.76.2170.jar" [locator: {mods folder locator at D:\MC_games\versions\齿轮盛宴1.21.1\mods}, reader: mod manifest]
[207月2026 16:41:11.542] [main/INFO] [net.neoforged.fml.loading.moddiscovery.ModDiscoverer/SCAN]: Found mod file "[精妙背包] sophisticatedbackpacks-1.21.1-3.25.71.1997.jar" [locator: {mods folder locator at D:\MC_games\versions\齿轮盛宴1.21.1\mods}, reader: mod manifest]
[207月2026 16:41:11.544] [main/INFO] [net.neoforged.fml.loading.moddiscovery.ModDiscoverer/SCAN]: Found mod file "[经验机制改革] Clumps-neoforge-1.21.1-19.0.0.1.jar" [locator: {mods folder locator at D:\MC_games\versions\齿轮盛宴1.21.1\mods}, reader: mod manifest]
[207月2026 16:41:11.547] [main/INFO] [net.neoforged.fml.loading.moddiscovery.ModDiscoverer/SCAN]: Found mod file "[网络音乐机] netmusic-1.5.1-neoforge+mc1.21.1.jar" [locator: {mods folder locator at D:\MC_games\versions\齿轮盛宴1.21.1\mods}, reader: mod manifest]
[207月2026 16:41:11.549] [main/INFO] [net.neoforged.fml.loading.moddiscovery.ModDiscoverer/SCAN]: Found mod file "[群系替换器] biomereplacer-3.1-hippo-neo.jar" [locator: {mods folder locator at D:\MC_games\versions\齿轮盛宴1.21.1\mods}, reader: mod manifest]
[207月2026 16:41:11.551] [main/INFO] [net.neoforged.fml.loading.moddiscovery.ModDiscoverer/SCAN]: Found mod file "[群系间谍] biomespy-neoforge-1.21.1-1.3.3.jar" [locator: {mods folder locator at D:\MC_games\versions\齿轮盛宴1.21.1\mods}, reader: mod manifest]
[207月2026 16:41:11.553] [main/INFO] [net.neoforged.fml.loading.moddiscovery.ModDiscoverer/SCAN]: Found mod file "[聊天头像] chat_heads-0.15.2-neoforge-1.21.jar" [locator: {mods folder locator at D:\MC_games\versions\齿轮盛宴1.21.1\mods}, reader: mod manifest]
[207月2026 16:41:11.556] [main/INFO] [net.neoforged.fml.loading.moddiscovery.ModDiscoverer/SCAN]: Found mod file "[脚步声NeoForge版] PresenceFootsteps-1.21.1-1.12.0-beta.1-1.21NeoForge.jar" [locator: {mods folder locator at D:\MC_games\versions\齿轮盛宴1.21.1\mods}, reader: mod manifest]
[207月2026 16:41:11.558] [main/INFO] [net.neoforged.fml.loading.moddiscovery.ModDiscoverer/SCAN]: Found mod file "[自定义游戏加载界面] drippyloadingscreen_neoforge_3.1.2_MC_1.21.1.jar" [locator: {mods folder locator at D:\MC_games\versions\齿轮盛宴1.21.1\mods}, reader: mod manifest]
[207月2026 16:41:11.561] [main/INFO] [net.neoforged.fml.loading.moddiscovery.ModDiscoverer/SCAN]: Found mod file "[自然罗盘／生物群系指南针] NaturesCompass-1.21.1-3.4.0-neoforge.jar" [locator: {mods folder locator at D:\MC_games\versions\齿轮盛宴1.21.1\mods}, reader: mod manifest]
[207月2026 16:41:11.564] [main/INFO] [net.neoforged.fml.loading.moddiscovery.ModDiscoverer/SCAN]: Found mod file "[舒适用品] comforts-neoforge-9.0.5+1.21.1.jar" [locator: {mods folder locator at D:\MC_games\versions\齿轮盛宴1.21.1\mods}, reader: mod manifest]
[207月2026 16:41:11.566] [main/INFO] [net.neoforged.fml.loading.moddiscovery.ModDiscoverer/SCAN]: Found mod file "[节日乐事] festive_delight-2.0.0-neoforge-1.21.1.jar" [locator: {mods folder locator at D:\MC_games\versions\齿轮盛宴1.21.1\mods}, reader: mod manifest]
[207月2026 16:41:11.570] [main/INFO] [net.neoforged.fml.loading.moddiscovery.ModDiscoverer/SCAN]: Found mod file "[节气] EclipticSeasons-1.21.1-neoforge-0.13.9.6.jar" [locator: {mods folder locator at D:\MC_games\versions\齿轮盛宴1.21.1\mods}, reader: mod manifest]
[207月2026 16:41:11.572] [main/INFO] [net.neoforged.fml.loading.moddiscovery.ModDiscoverer/SCAN]: Found mod file "[苦力怕改革 ／ 苦力怕革新] CreeperOverhaul-neoforge-1.21.1-4.0.6.jar" [locator: {mods folder locator at D:\MC_games\versions\齿轮盛宴1.21.1\mods}, reader: mod manifest]
[207月2026 16:41:11.574] [main/INFO] [net.neoforged.fml.loading.moddiscovery.ModDiscoverer/SCAN]: Found mod file "[苹果皮] appleskin-neoforge-mc1.21-3.0.9.jar" [locator: {mods folder locator at D:\MC_games\versions\齿轮盛宴1.21.1\mods}, reader: mod manifest]
[207月2026 16:41:11.576] [main/INFO] [net.neoforged.fml.loading.moddiscovery.ModDiscoverer/SCAN]: Found mod file "[葡园酒香] letsdo-vinery-neoforge-1.5.3.jar" [locator: {mods folder locator at D:\MC_games\versions\齿轮盛宴1.21.1\mods}, reader: mod manifest]
[207月2026 16:41:11.580] [main/INFO] [net.neoforged.fml.loading.moddiscovery.ModDiscoverer/SCAN]: Found mod file "[蜜蜂领域／黄蜂领域] the_bumblezone-7.15.1+1.21.1-neoforge.jar" [locator: {mods folder locator at D:\MC_games\versions\齿轮盛宴1.21.1\mods}, reader: mod manifest]
[207月2026 16:41:11.583] [main/INFO] [net.neoforged.fml.loading.moddiscovery.ModDiscoverer/SCAN]: Found mod file "[蟹农乐事] crabbersdelight-1.21.1-1.2.6.jar" [locator: {mods folder locator at D:\MC_games\versions\齿轮盛宴1.21.1\mods}, reader: mod manifest]
[207月2026 16:41:11.585] [main/INFO] [net.neoforged.fml.loading.moddiscovery.ModDiscoverer/SCAN]: Found mod file "[装箱乐事] cratedelight-26.07.01-1.21-neoforge.jar" [locator: {mods folder locator at D:\MC_games\versions\齿轮盛宴1.21.1\mods}, reader: mod manifest]
[207月2026 16:41:11.587] [main/INFO] [net.neoforged.fml.loading.moddiscovery.ModDiscoverer/SCAN]: Found mod file "[让它们燃烧！] LETEMBURN-1.1.0.jar" [locator: {mods folder locator at D:\MC_games\versions\齿轮盛宴1.21.1\mods}, reader: mod manifest]
[207月2026 16:41:11.589] [main/INFO] [net.neoforged.fml.loading.moddiscovery.ModDiscoverer/SCAN]: Found mod file "[试验假人] dummmmmmy-1.21-2.0.12-neoforge.jar" [locator: {mods folder locator at D:\MC_games\versions\齿轮盛宴1.21.1\mods}, reader: mod manifest]
[207月2026 16:41:11.592] [main/INFO] [net.neoforged.fml.loading.moddiscovery.ModDiscoverer/SCAN]: Found mod file "[资源下载机] Resourcify (1.21.1-neoforge)-1.8.5.jar" [locator: {mods folder locator at D:\MC_games\versions\齿轮盛宴1.21.1\mods}, reader: mod manifest]
[207月2026 16:41:11.594] [main/INFO] [net.neoforged.fml.loading.moddiscovery.ModDiscoverer/SCAN]: Found mod file "[赏金] bountiful-neoforge-8.0.0-beta.2.jar" [locator: {mods folder locator at D:\MC_games\versions\齿轮盛宴1.21.1\mods}, reader: mod manifest]
[207月2026 16:41:11.596] [main/INFO] [net.neoforged.fml.loading.moddiscovery.ModDiscoverer/SCAN]: Found mod file "[越肩视角重制] ShoulderSurfing-NeoForge-1.21.1-5.0.7.jar" [locator: {mods folder locator at D:\MC_games\versions\齿轮盛宴1.21.1\mods}, reader: mod manifest]
[207月2026 16:41:11.600] [main/INFO] [net.neoforged.fml.loading.moddiscovery.ModDiscoverer/SCAN]: Found mod file "[车万女仆] touhoulittlemaid-1.5.3-neoforge+mc1.21.1.jar" [locator: {mods folder locator at D:\MC_games\versions\齿轮盛宴1.21.1\mods}, reader: mod manifest]
[207月2026 16:41:11.602] [main/INFO] [net.neoforged.fml.loading.moddiscovery.ModDiscoverer/SCAN]: Found mod file "[输入法冲突修复] IMBlocker-5.5.4-neoforge+1.20.6-1.21.8.jar" [locator: {mods folder locator at D:\MC_games\versions\齿轮盛宴1.21.1\mods}, reader: mod manifest]
[207月2026 16:41:11.604] [main/INFO] [net.neoforged.fml.loading.moddiscovery.ModDiscoverer/SCAN]: Found mod file "[进度牌匾] AdvancementPlaques-1.21.1-neoforge-1.6.8.jar" [locator: {mods folder locator at D:\MC_games\versions\齿轮盛宴1.21.1\mods}, reader: mod manifest]
[207月2026 16:41:11.606] [main/INFO] [net.neoforged.fml.loading.moddiscovery.ModDiscoverer/SCAN]: Found mod file "[连锁破坏] ftb-ultimine-neoforge-2101.1.15.jar" [locator: {mods folder locator at D:\MC_games\versions\齿轮盛宴1.21.1\mods}, reader: mod manifest]
[207月2026 16:41:11.609] [main/INFO] [net.neoforged.fml.loading.moddiscovery.ModDiscoverer/SCAN]: Found mod file "[通用意见反馈] generalfeedback-1.0.0.jar" [locator: {mods folder locator at D:\MC_games\versions\齿轮盛宴1.21.1\mods}, reader: mod manifest]
[207月2026 16:41:11.611] [main/INFO] [net.neoforged.fml.loading.moddiscovery.ModDiscoverer/SCAN]: Found mod file "[通用拼音搜索] jecharacters-1.21.1-neoforge-4.5.25.jar" [locator: {mods folder locator at D:\MC_games\versions\齿轮盛宴1.21.1\mods}, reader: mod manifest]
[207月2026 16:41:11.616] [main/INFO] [net.neoforged.fml.loading.moddiscovery.ModDiscoverer/SCAN]: Found mod file "[通用机械] Mekanism-1.21.1-10.7.19.85.jar" [locator: {mods folder locator at D:\MC_games\versions\齿轮盛宴1.21.1\mods}, reader: mod manifest]
[207月2026 16:41:11.618] [main/INFO] [net.neoforged.fml.loading.moddiscovery.ModDiscoverer/SCAN]: Found mod file "[那不勒斯风味] neapolitan-1.21.1-6.0.1.jar" [locator: {mods folder locator at D:\MC_games\versions\齿轮盛宴1.21.1\mods}, reader: mod manifest]
[207月2026 16:41:11.622] [main/INFO] [net.neoforged.fml.loading.moddiscovery.ModDiscoverer/SCAN]: Found mod file "[配置界面] configured-neoforge-1.21.1-2.6.3.jar" [locator: {mods folder locator at D:\MC_games\versions\齿轮盛宴1.21.1\mods}, reader: mod manifest]
[207月2026 16:41:11.634] [main/INFO] [net.neoforged.fml.loading.moddiscovery.ModDiscoverer/SCAN]: Found mod file "[钛] titanium-1.21-4.0.45.jar" [locator: {mods folder locator at D:\MC_games\versions\齿轮盛宴1.21.1\mods}, reader: mod manifest]
[207月2026 16:41:11.636] [main/INFO] [net.neoforged.fml.loading.moddiscovery.ModDiscoverer/SCAN]: Found mod file "[钠 · 扩展] sodium-extra-neoforge-0.9.3+mc1.21.1.jar" [locator: {mods folder locator at D:\MC_games\versions\齿轮盛宴1.21.1\mods}, reader: mod manifest]
[207月2026 16:41:11.638] [main/INFO] [net.neoforged.fml.loading.moddiscovery.ModDiscoverer/SCAN]: Found mod file "[钠／Embeddium：动态光源] sodiumdynamiclights-neoforge-1.0.10-1.21.1.jar" [locator: {mods folder locator at D:\MC_games\versions\齿轮盛宴1.21.1\mods}, reader: mod manifest]
[207月2026 16:41:11.640] [main/INFO] [net.neoforged.fml.loading.moddiscovery.ModDiscoverer/SCAN]: Found mod file "[钠／Embeddium：附属] sodiumextras-neoforge-1.0.8-1.21.1.jar" [locator: {mods folder locator at D:\MC_games\versions\齿轮盛宴1.21.1\mods}, reader: mod manifest]
[207月2026 16:41:11.646] [main/INFO] [net.neoforged.fml.loading.moddiscovery.ModDiscoverer/SCAN]: Found mod file "[铁氧体磁芯] ferritecore-7.0.3-neoforge.jar" [locator: {mods folder locator at D:\MC_games\versions\齿轮盛宴1.21.1\mods}, reader: mod manifest]
[207月2026 16:41:11.648] [main/INFO] [net.neoforged.fml.loading.moddiscovery.ModDiscoverer/SCAN]: Found mod file "[锂] lithium-neoforge-0.15.4+mc1.21.1.jar" [locator: {mods folder locator at D:\MC_games\versions\齿轮盛宴1.21.1\mods}, reader: mod manifest]
[207月2026 16:41:11.653] [main/INFO] [net.neoforged.fml.loading.moddiscovery.ModDiscoverer/SCAN]: Found mod file "[锦致装饰] supplementaries-neoforge-1.21.1-3.8.2.jar" [locator: {mods folder locator at D:\MC_games\versions\齿轮盛宴1.21.1\mods}, reader: mod manifest]
[207月2026 16:41:11.656] [main/INFO] [net.neoforged.fml.loading.moddiscovery.ModDiscoverer/SCAN]: Found mod file "[键位冲突显示] Controlling-neoforge-1.21.1-19.0.5.jar" [locator: {mods folder locator at D:\MC_games\versions\齿轮盛宴1.21.1\mods}, reader: mod manifest]
[207月2026 16:41:11.657] [main/INFO] [net.neoforged.fml.loading.moddiscovery.ModDiscoverer/SCAN]: Found mod file "[附魔描述] enchdesc-neoforge-1.21.1-21.1.10.jar" [locator: {mods folder locator at D:\MC_games\versions\齿轮盛宴1.21.1\mods}, reader: mod manifest]
[207月2026 16:41:11.660] [main/INFO] [net.neoforged.fml.loading.moddiscovery.ModDiscoverer/SCAN]: Found mod file "[随意乐事] casualnessdelight-0.6.jar" [locator: {mods folder locator at D:\MC_games\versions\齿轮盛宴1.21.1\mods}, reader: mod manifest]
[207月2026 16:41:11.662] [main/INFO] [net.neoforged.fml.loading.moddiscovery.ModDiscoverer/SCAN]: Found mod file "[静谧四季／季节] SereneSeasons-neoforge-1.21.1-10.1.0.3.jar" [locator: {mods folder locator at D:\MC_games\versions\齿轮盛宴1.21.1\mods}, reader: mod manifest]
[207月2026 16:41:11.664] [main/INFO] [net.neoforged.fml.loading.moddiscovery.ModDiscoverer/SCAN]: Found mod file "[鞘翅插槽 ／ 鞘翅槽位] elytraslot-neoforge-9.0.2+1.21.1.jar" [locator: {mods folder locator at D:\MC_games\versions\齿轮盛宴1.21.1\mods}, reader: mod manifest]
[207月2026 16:41:11.666] [main/INFO] [net.neoforged.fml.loading.moddiscovery.ModDiscoverer/SCAN]: Found mod file "[饮酒作乐] BrewinAndChewin-neoforge-4.5.0+1.21.1.jar" [locator: {mods folder locator at D:\MC_games\versions\齿轮盛宴1.21.1\mods}, reader: mod manifest]
[207月2026 16:41:11.669] [main/INFO] [net.neoforged.fml.loading.moddiscovery.ModDiscoverer/SCAN]: Found mod file "[高级战利品信息显示] AdvancedLootInfo-neoforge-1.21.1-1.12.0.jar" [locator: {mods folder locator at D:\MC_games\versions\齿轮盛宴1.21.1\mods}, reader: mod manifest]
[207月2026 16:41:11.671] [main/INFO] [net.neoforged.fml.loading.moddiscovery.ModDiscoverer/SCAN]: Found mod file "[鼠标手势] MouseTweaks-neoforge-mc1.21-2.26.1.jar" [locator: {mods folder locator at D:\MC_games\versions\齿轮盛宴1.21.1\mods}, reader: mod manifest]
[207月2026 16:41:11.673] [main/INFO] [net.neoforged.fml.loading.moddiscovery.ModDiscoverer/SCAN]: Found mod file "abnormals_delight-1.21.1-6.0.2.jar" [locator: {mods folder locator at D:\MC_games\versions\齿轮盛宴1.21.1\mods}, reader: mod manifest]
[207月2026 16:41:11.675] [main/INFO] [net.neoforged.fml.loading.moddiscovery.ModDiscoverer/SCAN]: Found mod file "accessories-neoforge-1.1.0-beta.53+1.21.1.jar" [locator: {mods folder locator at D:\MC_games\versions\齿轮盛宴1.21.1\mods}, reader: mod manifest]
[207月2026 16:41:11.677] [main/INFO] [net.neoforged.fml.loading.moddiscovery.ModDiscoverer/SCAN]: Found mod file "ae2ct-1.0.1.jar" [locator: {mods folder locator at D:\MC_games\versions\齿轮盛宴1.21.1\mods}, reader: mod manifest]
[207月2026 16:41:11.679] [main/INFO] [net.neoforged.fml.loading.moddiscovery.ModDiscoverer/SCAN]: Found mod file "AE2NetworkAnalyzer-1.21-2.1.5-neoforge.jar" [locator: {mods folder locator at D:\MC_games\versions\齿轮盛宴1.21.1\mods}, reader: mod manifest]
[207月2026 16:41:11.680] [main/INFO] [net.neoforged.fml.loading.moddiscovery.ModDiscoverer/SCAN]: Found mod file "aeronautics_display_link_fix-1.3-1.21.1.jar" [locator: {mods folder locator at D:\MC_games\versions\齿轮盛宴1.21.1\mods}, reader: mod manifest]
[207月2026 16:41:11.682] [main/INFO] [net.neoforged.fml.loading.moddiscovery.ModDiscoverer/SCAN]: Found mod file "aeroworks-1.3.0.jar" [locator: {mods folder locator at D:\MC_games\versions\齿轮盛宴1.21.1\mods}, reader: mod manifest]
[207月2026 16:41:11.687] [main/INFO] [net.neoforged.fml.loading.moddiscovery.ModDiscoverer/SCAN]: Found mod file "alexscaves-2.0.10.jar" [locator: {mods folder locator at D:\MC_games\versions\齿轮盛宴1.21.1\mods}, reader: mod manifest]
[207月2026 16:41:11.689] [main/INFO] [net.neoforged.fml.loading.moddiscovery.ModDiscoverer/SCAN]: Found mod file "alexsdelight-1.6.jar" [locator: {mods folder locator at D:\MC_games\versions\齿轮盛宴1.21.1\mods}, reader: mod manifest]
[207月2026 16:41:11.691] [main/INFO] [net.neoforged.fml.loading.moddiscovery.ModDiscoverer/SCAN]: Found mod file "AlwaysEat-neoforge-1.0.0.jar" [locator: {mods folder locator at D:\MC_games\versions\齿轮盛宴1.21.1\mods}, reader: mod manifest]
[207月2026 16:41:11.694] [main/INFO] [net.neoforged.fml.loading.moddiscovery.ModDiscoverer/SCAN]: Found mod file "amendments-neoforge-1.21-2.1.7.jar" [locator: {mods folder locator at D:\MC_games\versions\齿轮盛宴1.21.1\mods}, reader: mod manifest]
[207月2026 16:41:11.695] [main/INFO] [net.neoforged.fml.loading.moddiscovery.ModDiscoverer/SCAN]: Found mod file "ApothicAttributes-1.21.1-2.9.1.jar" [locator: {mods folder locator at D:\MC_games\versions\齿轮盛宴1.21.1\mods}, reader: mod manifest]
[207月2026 16:41:11.697] [main/INFO] [net.neoforged.fml.loading.moddiscovery.ModDiscoverer/SCAN]: Found mod file "architectury-13.0.8-neoforge.jar" [locator: {mods folder locator at D:\MC_games\versions\齿轮盛宴1.21.1\mods}, reader: mod manifest]
[207月2026 16:41:11.699] [main/INFO] [net.neoforged.fml.loading.moddiscovery.ModDiscoverer/SCAN]: Found mod file "azimuth-1.4.1.jar" [locator: {mods folder locator at D:\MC_games\versions\齿轮盛宴1.21.1\mods}, reader: mod manifest]
[207月2026 16:41:11.701] [main/INFO] [net.neoforged.fml.loading.moddiscovery.ModDiscoverer/SCAN]: Found mod file "balm-neoforge-1.21.1-21.0.63.jar" [locator: {mods folder locator at D:\MC_games\versions\齿轮盛宴1.21.1\mods}, reader: mod manifest]
[207月2026 16:41:11.704] [main/INFO] [net.neoforged.fml.loading.moddiscovery.ModDiscoverer/SCAN]: Found mod file "bclib-21.0.22.jar" [locator: {mods folder locator at D:\MC_games\versions\齿轮盛宴1.21.1\mods}, reader: mod manifest]
[207月2026 16:41:11.706] [main/INFO] [net.neoforged.fml.loading.moddiscovery.ModDiscoverer/SCAN]: Found mod file "better-compatability-checker-neoforge-21.1.8.jar" [locator: {mods folder locator at D:\MC_games\versions\齿轮盛宴1.21.1\mods}, reader: mod manifest]
[207月2026 16:41:11.707] [main/INFO] [net.neoforged.fml.loading.moddiscovery.ModDiscoverer/SCAN]: Found mod file "bettercombat-neoforge-2.4.0+1.21.1.jar" [locator: {mods folder locator at D:\MC_games\versions\齿轮盛宴1.21.1\mods}, reader: mod manifest]
[207月2026 16:41:11.711] [main/INFO] [net.neoforged.fml.loading.moddiscovery.ModDiscoverer/SCAN]: Found mod file "BetterEnd-21.0.26.jar" [locator: {mods folder locator at D:\MC_games\versions\齿轮盛宴1.21.1\mods}, reader: mod manifest]
[207月2026 16:41:11.713] [main/INFO] [net.neoforged.fml.loading.moddiscovery.ModDiscoverer/SCAN]: Found mod file "biggerstorage1.21.1-neoforge-1.0.0.jar" [locator: {mods folder locator at D:\MC_games\versions\齿轮盛宴1.21.1\mods}, reader: mod manifest]
[207月2026 16:41:11.716] [main/INFO] [net.neoforged.fml.loading.moddiscovery.ModDiscoverer/SCAN]: Found gamelibrary file "bits_n_bobs-2.1.11-beta.jar" [locator: {mods folder locator at D:\MC_games\versions\齿轮盛宴1.21.1\mods}, reader: mod manifest]
[207月2026 16:41:11.720] [main/INFO] [net.neoforged.fml.loading.moddiscovery.ModDiscoverer/SCAN]: Found mod file "blueprint-1.21.1-8.1.1.jar" [locator: {mods folder locator at D:\MC_games\versions\齿轮盛宴1.21.1\mods}, reader: mod manifest]
[207月2026 16:41:11.722] [main/INFO] [net.neoforged.fml.loading.moddiscovery.ModDiscoverer/SCAN]: Found mod file "bookshelf-neoforge-1.21.1-21.1.81.jar" [locator: {mods folder locator at D:\MC_games\versions\齿轮盛宴1.21.1\mods}, reader: mod manifest]
[207月2026 16:41:11.728] [main/INFO] [net.neoforged.fml.loading.moddiscovery.ModDiscoverer/SCAN]: Found mod file "BrandonsCore-1.21.1-3.2.1.309.jar" [locator: {mods folder locator at D:\MC_games\versions\齿轮盛宴1.21.1\mods}, reader: mod manifest]
[207月2026 16:41:11.730] [main/INFO] [net.neoforged.fml.loading.moddiscovery.ModDiscoverer/SCAN]: Found mod file "caelus-neoforge-7.0.1+1.21.1.jar" [locator: {mods folder locator at D:\MC_games\versions\齿轮盛宴1.21.1\mods}, reader: mod manifest]
[207月2026 16:41:11.732] [main/INFO] [net.neoforged.fml.loading.moddiscovery.ModDiscoverer/SCAN]: Found mod file "cavesdelight-1.4.0-snapshot-1.1-neoforge-1.21.1.jar" [locator: {mods folder locator at D:\MC_games\versions\齿轮盛宴1.21.1\mods}, reader: mod manifest]
[207月2026 16:41:11.734] [main/INFO] [net.neoforged.fml.loading.moddiscovery.ModDiscoverer/SCAN]: Found mod file "certain_questing_additions-neoforge-1.2.0.3+mc1.21.1.jar" [locator: {mods folder locator at D:\MC_games\versions\齿轮盛宴1.21.1\mods}, reader: mod manifest]
[207月2026 16:41:11.735] [main/INFO] [net.neoforged.fml.loading.moddiscovery.ModDiscoverer/SCAN]: Found mod file "chefsdelight-1.0.5-neoforge-1.21.1.jar" [locator: {mods folder locator at D:\MC_games\versions\齿轮盛宴1.21.1\mods}, reader: mod manifest]
[207月2026 16:41:11.737] [main/INFO] [net.neoforged.fml.loading.moddiscovery.ModDiscoverer/SCAN]: Found mod file "citadel-1.21.1-2.7.6.jar" [locator: {mods folder locator at D:\MC_games\versions\齿轮盛宴1.21.1\mods}, reader: mod manifest]
[207月2026 16:41:11.741] [main/INFO] [net.neoforged.fml.loading.moddiscovery.ModDiscoverer/SCAN]: Found mod file "citadel-2.7.1-1.21.1.jar" [locator: {mods folder locator at D:\MC_games\versions\齿轮盛宴1.21.1\mods}, reader: mod manifest]
[207月2026 16:41:11.743] [main/INFO] [net.neoforged.fml.loading.moddiscovery.ModDiscoverer/SCAN]: Found mod file "cloth-config-15.0.140-neoforge.jar" [locator: {mods folder locator at D:\MC_games\versions\齿轮盛宴1.21.1\mods}, reader: mod manifest]
[207月2026 16:41:11.745] [main/INFO] [net.neoforged.fml.loading.moddiscovery.ModDiscoverer/SCAN]: Found mod file "cmpackagecouriers-neoforge-2.3.0.jar" [locator: {mods folder locator at D:\MC_games\versions\齿轮盛宴1.21.1\mods}, reader: mod manifest]
[207月2026 16:41:11.747] [main/INFO] [net.neoforged.fml.loading.moddiscovery.ModDiscoverer/SCAN]: Found mod file "cnbridge-1.0.0.jar" [locator: {mods folder locator at D:\MC_games\versions\齿轮盛宴1.21.1\mods}, reader: mod manifest]
[207月2026 16:41:11.752] [main/INFO] [net.neoforged.fml.loading.moddiscovery.ModDiscoverer/SCAN]: Found mod file "cobblefordays-1.0.0.jar" [locator: {mods folder locator at D:\MC_games\versions\齿轮盛宴1.21.1\mods}, reader: mod manifest]
[207月2026 16:41:11.754] [main/INFO] [net.neoforged.fml.loading.moddiscovery.ModDiscoverer/SCAN]: Found mod file "cobweb-neoforge-1.21-1.4.0.jar" [locator: {mods folder locator at D:\MC_games\versions\齿轮盛宴1.21.1\mods}, reader: mod manifest]
[207月2026 16:41:11.761] [main/INFO] [net.neoforged.fml.loading.moddiscovery.ModDiscoverer/SCAN]: Found mod file "CodeChickenLib-1.21.1-4.6.1.526.jar" [locator: {mods folder locator at D:\MC_games\versions\齿轮盛宴1.21.1\mods}, reader: mod manifest]
[207月2026 16:41:11.764] [main/INFO] [net.neoforged.fml.loading.moddiscovery.ModDiscoverer/SCAN]: Found mod file "configurable-3.5.2+1.21.1-neoforge.jar" [locator: {mods folder locator at D:\MC_games\versions\齿轮盛宴1.21.1\mods}, reader: mod manifest]
[207月2026 16:41:11.767] [main/INFO] [net.neoforged.fml.loading.moddiscovery.ModDiscoverer/SCAN]: Found mod file "continuity-3.0.0+1.21.neoforge.jar" [locator: {mods folder locator at D:\MC_games\versions\齿轮盛宴1.21.1\mods}, reader: mod manifest]
[207月2026 16:41:11.770] [main/INFO] [net.neoforged.fml.loading.moddiscovery.ModDiscoverer/SCAN]: Found mod file "coroutil-neoforge-1.21.0-1.3.9.jar" [locator: {mods folder locator at D:\MC_games\versions\齿轮盛宴1.21.1\mods}, reader: mod manifest]
[207月2026 16:41:11.772] [main/INFO] [net.neoforged.fml.loading.moddiscovery.ModDiscoverer/SCAN]: Found mod file "cpapireforged-neo-1.21.1-1.2.2.jar" [locator: {mods folder locator at D:\MC_games\versions\齿轮盛宴1.21.1\mods}, reader: mod manifest]
[207月2026 16:41:11.775] [main/INFO] [net.neoforged.fml.loading.moddiscovery.ModDiscoverer/SCAN]: Found mod file "Create More Recipes-1.21.1-1.2.1-fix1.jar" [locator: {mods folder locator at D:\MC_games\versions\齿轮盛宴1.21.1\mods}, reader: mod manifest]
[207月2026 16:41:11.778] [main/INFO] [net.neoforged.fml.loading.moddiscovery.ModDiscoverer/SCAN]: Found mod file "create_aeronautics_transmission_linkage-0.2.5.jar" [locator: {mods folder locator at D:\MC_games\versions\齿轮盛宴1.21.1\mods}, reader: mod manifest]
[207月2026 16:41:11.781] [main/INFO] [net.neoforged.fml.loading.moddiscovery.ModDiscoverer/SCAN]: Found mod file "create_bic_bit-1.0.2C.jar" [locator: {mods folder locator at D:\MC_games\versions\齿轮盛宴1.21.1\mods}, reader: mod manifest]
[207月2026 16:41:11.784] [main/INFO] [net.neoforged.fml.loading.moddiscovery.ModDiscoverer/SCAN]: Found mod file "create_compatible_storage-2.11.0-neoforge.jar" [locator: {mods folder locator at D:\MC_games\versions\齿轮盛宴1.21.1\mods}, reader: mod manifest]
[207月2026 16:41:11.786] [main/INFO] [net.neoforged.fml.loading.moddiscovery.ModDiscoverer/SCAN]: Found mod file "create_enhanced_schematicannon-1.0.4.jar" [locator: {mods folder locator at D:\MC_games\versions\齿轮盛宴1.21.1\mods}, reader: mod manifest]
[207月2026 16:41:11.790] [main/INFO] [net.neoforged.fml.loading.moddiscovery.ModDiscoverer/SCAN]: Found mod file "create_jetpack_curios-1.2.0-neoforge-1.21.1.jar" [locator: {mods folder locator at D:\MC_games\versions\齿轮盛宴1.21.1\mods}, reader: mod manifest]
[207月2026 16:41:11.794] [main/INFO] [net.neoforged.fml.loading.moddiscovery.ModDiscoverer/SCAN]: Found mod file "create_mechanical_extruder-1.21.1-2.2.2-6.0.10.jar" [locator: {mods folder locator at D:\MC_games\versions\齿轮盛宴1.21.1\mods}, reader: mod manifest]
[207月2026 16:41:11.797] [main/INFO] [net.neoforged.fml.loading.moddiscovery.ModDiscoverer/SCAN]: Found mod file "create_simulated_additions-0.2.3-neoforge-1.21.1.jar" [locator: {mods folder locator at D:\MC_games\versions\齿轮盛宴1.21.1\mods}, reader: mod manifest]
[207月2026 16:41:11.799] [main/INFO] [net.neoforged.fml.loading.moddiscovery.ModDiscoverer/SCAN]: Found mod file "create_structures_arise-176.49.48 NeoForge 1.21.1.jar" [locator: {mods folder locator at D:\MC_games\versions\齿轮盛宴1.21.1\mods}, reader: mod manifest]
[207月2026 16:41:11.808] [main/INFO] [net.neoforged.fml.loading.moddiscovery.ModDiscoverer/SCAN]: Found mod file "create_submarine-2.2.4.jar" [locator: {mods folder locator at D:\MC_games\versions\齿轮盛宴1.21.1\mods}, reader: mod manifest]
[207月2026 16:41:11.811] [main/INFO] [net.neoforged.fml.loading.moddiscovery.ModDiscoverer/SCAN]: Found mod file "create_ultimate_factory-2.2.4-neoforge-1.21.1.jar" [locator: {mods folder locator at D:\MC_games\versions\齿轮盛宴1.21.1\mods}, reader: mod manifest]
[207月2026 16:41:11.813] [main/INFO] [net.neoforged.fml.loading.moddiscovery.ModDiscoverer/SCAN]: Found mod file "createaeronauticscurios-neoforge-1.21.1-2.1.jar" [locator: {mods folder locator at D:\MC_games\versions\齿轮盛宴1.21.1\mods}, reader: mod manifest]
[207月2026 16:41:11.815] [main/INFO] [net.neoforged.fml.loading.moddiscovery.ModDiscoverer/SCAN]: Found mod file "createbetterfps-1.21.1-1.1.4.jar" [locator: {mods folder locator at D:\MC_games\versions\齿轮盛宴1.21.1\mods}, reader: mod manifest]
[207月2026 16:41:11.819] [main/INFO] [net.neoforged.fml.loading.moddiscovery.ModDiscoverer/SCAN]: Found mod file "createdeco-2.1.3.jar" [locator: {mods folder locator at D:\MC_games\versions\齿轮盛宴1.21.1\mods}, reader: mod manifest]
[207月2026 16:41:11.821] [main/INFO] [net.neoforged.fml.loading.moddiscovery.ModDiscoverer/SCAN]: Found mod file "createfluidstuffs-neoforge-1.2.1.jar" [locator: {mods folder locator at D:\MC_games\versions\齿轮盛宴1.21.1\mods}, reader: mod manifest]
[207月2026 16:41:11.823] [main/INFO] [net.neoforged.fml.loading.moddiscovery.ModDiscoverer/SCAN]: Found mod file "createstockbridge-1.21.1-0.2.0.jar" [locator: {mods folder locator at D:\MC_games\versions\齿轮盛宴1.21.1\mods}, reader: mod manifest]
[207月2026 16:41:11.824] [main/INFO] [net.neoforged.fml.loading.moddiscovery.ModDiscoverer/SCAN]: Found mod file "createtransmission-1.2.1+neoforge-create6-1.21.1.jar" [locator: {mods folder locator at D:\MC_games\versions\齿轮盛宴1.21.1\mods}, reader: mod manifest]
[207月2026 16:41:11.827] [main/INFO] [net.neoforged.fml.loading.moddiscovery.ModDiscoverer/SCAN]: Found mod file "createultimine-1.21.1-neoforge-1.3.2.jar" [locator: {mods folder locator at D:\MC_games\versions\齿轮盛宴1.21.1\mods}, reader: mod manifest]
[207月2026 16:41:11.829] [main/INFO] [net.neoforged.fml.loading.moddiscovery.ModDiscoverer/SCAN]: Found mod file "createutilities-0.3.7+mc1.21.1.jar" [locator: {mods folder locator at D:\MC_games\versions\齿轮盛宴1.21.1\mods}, reader: mod manifest]
[207月2026 16:41:11.831] [main/INFO] [net.neoforged.fml.loading.moddiscovery.ModDiscoverer/SCAN]: Found mod file "createvintageneoforged-1.21.1-1.3.7.jar" [locator: {mods folder locator at D:\MC_games\versions\齿轮盛宴1.21.1\mods}, reader: mod manifest]
[207月2026 16:41:11.835] [main/INFO] [net.neoforged.fml.loading.moddiscovery.ModDiscoverer/SCAN]: Found mod file "CreativeCore_NEOFORGE_v2.13.41_mc1.21.1.jar" [locator: {mods folder locator at D:\MC_games\versions\齿轮盛宴1.21.1\mods}, reader: mod manifest]
[207月2026 16:41:11.837] [main/INFO] [net.neoforged.fml.loading.moddiscovery.ModDiscoverer/SCAN]: Found mod file "cristellib-neoforge-1.21.1-3.1.7.jar" [locator: {mods folder locator at D:\MC_games\versions\齿轮盛宴1.21.1\mods}, reader: mod manifest]
[207月2026 16:41:11.839] [main/INFO] [net.neoforged.fml.loading.moddiscovery.ModDiscoverer/SCAN]: Found mod file "curios-neoforge-9.0.15+1.21.1.jar" [locator: {mods folder locator at D:\MC_games\versions\齿轮盛宴1.21.1\mods}, reader: mod manifest]
[207月2026 16:41:11.840] [main/INFO] [net.neoforged.fml.loading.moddiscovery.ModDiscoverer/SCAN]: Found mod file "curios-neoforge-9.5.1+1.21.1.jar" [locator: {mods folder locator at D:\MC_games\versions\齿轮盛宴1.21.1\mods}, reader: mod manifest]
[207月2026 16:41:11.842] [main/INFO] [net.neoforged.fml.loading.moddiscovery.ModDiscoverer/SCAN]: Found mod file "deployer-0.1.2.jar" [locator: {mods folder locator at D:\MC_games\versions\齿轮盛宴1.21.1\mods}, reader: mod manifest]
[207月2026 16:41:11.845] [main/INFO] [net.neoforged.fml.loading.moddiscovery.ModDiscoverer/SCAN]: Found mod file "displaydelight-1.6.0.jar" [locator: {mods folder locator at D:\MC_games\versions\齿轮盛宴1.21.1\mods}, reader: mod manifest]
[207月2026 16:41:11.847] [main/INFO] [net.neoforged.fml.loading.moddiscovery.ModDiscoverer/SCAN]: Found mod file "dragonlib-neoforge-1.21.1-beta-3.0.28.jar" [locator: {mods folder locator at D:\MC_games\versions\齿轮盛宴1.21.1\mods}, reader: mod manifest]
[207月2026 16:41:11.857] [main/INFO] [net.neoforged.fml.loading.moddiscovery.ModDiscoverer/SCAN]: Found mod file "DramaticDoors-NeoQuiFab-1.21.1-3.3.2.jar" [locator: {mods folder locator at D:\MC_games\versions\齿轮盛宴1.21.1\mods}, reader: mod manifest]
[207月2026 16:41:11.860] [main/INFO] [net.neoforged.fml.loading.moddiscovery.ModDiscoverer/SCAN]: Found mod file "drivebywire-0.3.0.jar" [locator: {mods folder locator at D:\MC_games\versions\齿轮盛宴1.21.1\mods}, reader: mod manifest]
[207月2026 16:41:11.862] [main/INFO] [net.neoforged.fml.loading.moddiscovery.ModDiscoverer/SCAN]: Found mod file "dsbg-1.0-1.21.1-neoforge.jar" [locator: {mods folder locator at D:\MC_games\versions\齿轮盛宴1.21.1\mods}, reader: mod manifest]
[207月2026 16:41:11.865] [main/INFO] [net.neoforged.fml.loading.moddiscovery.ModDiscoverer/SCAN]: Found mod file "DumplingsDelightRewrapped-1.21.1-1.4.1.jar" [locator: {mods folder locator at D:\MC_games\versions\齿轮盛宴1.21.1\mods}, reader: mod manifest]
[207月2026 16:41:11.867] [main/INFO] [net.neoforged.fml.loading.moddiscovery.ModDiscoverer/SCAN]: Found mod file "dynamiclantern-1.8.0.jar" [locator: {mods folder locator at D:\MC_games\versions\齿轮盛宴1.21.1\mods}, reader: mod manifest]
[207月2026 16:41:11.871] [main/INFO] [net.neoforged.fml.loading.moddiscovery.ModDiscoverer/SCAN]: Found mod file "dynamiclights-v1.9.3-mc1.17-26.2.9-mod.jar" [locator: {mods folder locator at D:\MC_games\versions\齿轮盛宴1.21.1\mods}, reader: mod manifest]
[207月2026 16:41:11.874] [main/INFO] [net.neoforged.fml.loading.moddiscovery.ModDiscoverer/SCAN]: Found mod file "ElysiumAPI-1.21.1-2.0.0-BETA.6.jar" [locator: {mods folder locator at D:\MC_games\versions\齿轮盛宴1.21.1\mods}, reader: mod manifest]
[207月2026 16:41:11.877] [main/INFO] [net.neoforged.fml.loading.moddiscovery.ModDiscoverer/SCAN]: Found mod file "end_portal_recept-1.5.5 Release-neoforge-1.21.1.jar" [locator: {mods folder locator at D:\MC_games\versions\齿轮盛宴1.21.1\mods}, reader: mod manifest]
[207月2026 16:41:11.880] [main/INFO] [net.neoforged.fml.loading.moddiscovery.ModDiscoverer/SCAN]: Found mod file "EuphoriaPatcher-1.9.3-r5.8.1-neoforge.jar" [locator: {mods folder locator at D:\MC_games\versions\齿轮盛宴1.21.1\mods}, reader: mod manifest]
[207月2026 16:41:11.883] [main/INFO] [net.neoforged.fml.loading.moddiscovery.ModDiscoverer/SCAN]: Found mod file "fancymenu_neoforge_3.9.8_MC_1.21.1.jar" [locator: {mods folder locator at D:\MC_games\versions\齿轮盛宴1.21.1\mods}, reader: mod manifest]
[207月2026 16:41:11.886] [main/INFO] [net.neoforged.fml.loading.moddiscovery.ModDiscoverer/SCAN]: Found mod file "fastboot-1.21.x-v1.3neo.jar" [locator: {mods folder locator at D:\MC_games\versions\齿轮盛宴1.21.1\mods}, reader: mod manifest]
[207月2026 16:41:11.889] [main/INFO] [net.neoforged.fml.loading.moddiscovery.ModDiscoverer/SCAN]: Found mod file "ForgeConfigAPIPort-v21.1.6-1.21.1-NeoForge.jar" [locator: {mods folder locator at D:\MC_games\versions\齿轮盛宴1.21.1\mods}, reader: mod manifest]
[207月2026 16:41:11.891] [main/INFO] [net.neoforged.fml.loading.moddiscovery.ModDiscoverer/SCAN]: Found mod file "forgified-fabric-api-0.116.14+2.3.0+1.21.1.jar" [locator: {mods folder locator at D:\MC_games\versions\齿轮盛宴1.21.1\mods}, reader: mod manifest]
[207月2026 16:41:11.894] [main/INFO] [net.neoforged.fml.loading.moddiscovery.ModDiscoverer/SCAN]: Found mod file "fragmentum-neoforge-1.21.1-2.2.4.jar" [locator: {mods folder locator at D:\MC_games\versions\齿轮盛宴1.21.1\mods}, reader: mod manifest]
[207月2026 16:41:11.896] [main/INFO] [net.neoforged.fml.loading.moddiscovery.ModDiscoverer/SCAN]: Found mod file "framework-neoforge-1.21.1-0.13.11.jar" [locator: {mods folder locator at D:\MC_games\versions\齿轮盛宴1.21.1\mods}, reader: mod manifest]
[207月2026 16:41:11.899] [main/INFO] [net.neoforged.fml.loading.moddiscovery.ModDiscoverer/SCAN]: Found mod file "freecam-neoforge-1.3.0+mc1.21.jar" [locator: {mods folder locator at D:\MC_games\versions\齿轮盛宴1.21.1\mods}, reader: mod manifest]
[207月2026 16:41:11.901] [main/INFO] [net.neoforged.fml.loading.moddiscovery.ModDiscoverer/SCAN]: Found mod file "ftb-essentials-neoforge-2101.1.10.jar" [locator: {mods folder locator at D:\MC_games\versions\齿轮盛宴1.21.1\mods}, reader: mod manifest]
[207月2026 16:41:11.903] [main/INFO] [net.neoforged.fml.loading.moddiscovery.ModDiscoverer/SCAN]: Found mod file "ftb-filter-system-neoforge-21.1.4.jar" [locator: {mods folder locator at D:\MC_games\versions\齿轮盛宴1.21.1\mods}, reader: mod manifest]
[207月2026 16:41:11.906] [main/INFO] [net.neoforged.fml.loading.moddiscovery.ModDiscoverer/SCAN]: Found mod file "ftb-library-neoforge-2101.1.33.jar" [locator: {mods folder locator at D:\MC_games\versions\齿轮盛宴1.21.1\mods}, reader: mod manifest]
[207月2026 16:41:11.908] [main/INFO] [net.neoforged.fml.loading.moddiscovery.ModDiscoverer/SCAN]: Found mod file "ftb-ranks-neoforge-2101.1.3.jar" [locator: {mods folder locator at D:\MC_games\versions\齿轮盛宴1.21.1\mods}, reader: mod manifest]
[207月2026 16:41:11.910] [main/INFO] [net.neoforged.fml.loading.moddiscovery.ModDiscoverer/SCAN]: Found mod file "ftb-xmod-compat-neoforge-21.1.9.jar" [locator: {mods folder locator at D:\MC_games\versions\齿轮盛宴1.21.1\mods}, reader: mod manifest]
[207月2026 16:41:11.912] [main/INFO] [net.neoforged.fml.loading.moddiscovery.ModDiscoverer/SCAN]: Found mod file "ftbquestslangsplitter-1.0.5.jar" [locator: {mods folder locator at D:\MC_games\versions\齿轮盛宴1.21.1\mods}, reader: mod manifest]
[207月2026 16:41:11.914] [main/INFO] [net.neoforged.fml.loading.moddiscovery.ModDiscoverer/SCAN]: Found mod file "ftbxaerocompat-neoforge-1.1.4.jar" [locator: {mods folder locator at D:\MC_games\versions\齿轮盛宴1.21.1\mods}, reader: mod manifest]
[207月2026 16:41:11.916] [main/INFO] [net.neoforged.fml.loading.moddiscovery.ModDiscoverer/SCAN]: Found mod file "fzzy_config-0.7.6+1.21+neoforge.jar" [locator: {mods folder locator at D:\MC_games\versions\齿轮盛宴1.21.1\mods}, reader: mod manifest]
[207月2026 16:41:11.919] [main/INFO] [net.neoforged.fml.loading.moddiscovery.ModDiscoverer/SCAN]: Found mod file "geckolib-neoforge-1.21.1-4.9.2.jar" [locator: {mods folder locator at D:\MC_games\versions\齿轮盛宴1.21.1\mods}, reader: mod manifest]
[207月2026 16:41:11.922] [main/INFO] [net.neoforged.fml.loading.moddiscovery.ModDiscoverer/SCAN]: Found mod file "GlitchCore-neoforge-1.21.1-2.1.0.2.jar" [locator: {mods folder locator at D:\MC_games\versions\齿轮盛宴1.21.1\mods}, reader: mod manifest]
[207月2026 16:41:11.925] [main/INFO] [net.neoforged.fml.loading.moddiscovery.ModDiscoverer/SCAN]: Found mod file "Glodium-1.21-2.2-neoforge.jar" [locator: {mods folder locator at D:\MC_games\versions\齿轮盛宴1.21.1\mods}, reader: mod manifest]
[207月2026 16:41:11.930] [main/INFO] [net.neoforged.fml.loading.moddiscovery.ModDiscoverer/SCAN]: Found mod file "guideme-21.1.17.jar" [locator: {mods folder locator at D:\MC_games\versions\齿轮盛宴1.21.1\mods}, reader: mod manifest]
[207月2026 16:41:11.932] [main/INFO] [net.neoforged.fml.loading.moddiscovery.ModDiscoverer/SCAN]: Found mod file "integrated_api-1.7.4+1.21.1-neoforge.jar" [locator: {mods folder locator at D:\MC_games\versions\齿轮盛宴1.21.1\mods}, reader: mod manifest]
[207月2026 16:41:11.934] [main/INFO] [net.neoforged.fml.loading.moddiscovery.ModDiscoverer/SCAN]: Found mod file "integrated_villages-1.3.3+1.21.1-neoforge.jar" [locator: {mods folder locator at D:\MC_games\versions\齿轮盛宴1.21.1\mods}, reader: mod manifest]
[207月2026 16:41:11.937] [main/INFO] [net.neoforged.fml.loading.moddiscovery.ModDiscoverer/SCAN]: Found mod file "iris-flywheel-compat-NeoForge-2.4.0.jar" [locator: {mods folder locator at D:\MC_games\versions\齿轮盛宴1.21.1\mods}, reader: mod manifest]
[207月2026 16:41:11.939] [main/INFO] [net.neoforged.fml.loading.moddiscovery.ModDiscoverer/SCAN]: Found mod file "iris-neoforge-1.8.14-beta.1+mc1.21.1.jar" [locator: {mods folder locator at D:\MC_games\versions\齿轮盛宴1.21.1\mods}, reader: mod manifest]
[207月2026 16:41:11.940] [main/INFO] [net.neoforged.fml.loading.moddiscovery.ModDiscoverer/SCAN]: Found mod file "JadeAddons-1.21.1-NeoForge-6.1.0.jar" [locator: {mods folder locator at D:\MC_games\versions\齿轮盛宴1.21.1\mods}, reader: mod manifest]
[207月2026 16:41:11.943] [main/INFO] [net.neoforged.fml.loading.moddiscovery.ModDiscoverer/SCAN]: Found mod file "jupiter-2.3.7-1.21.1-neoforge.jar" [locator: {mods folder locator at D:\MC_games\versions\齿轮盛宴1.21.1\mods}, reader: mod manifest]
[207月2026 16:41:11.945] [main/INFO] [net.neoforged.fml.loading.moddiscovery.ModDiscoverer/SCAN]: Found mod file "justenoughbreeding-neoforge-1.21.1-3.1.0.jar" [locator: {mods folder locator at D:\MC_games\versions\齿轮盛宴1.21.1\mods}, reader: mod manifest]
[207月2026 16:41:11.946] [main/INFO] [net.neoforged.fml.loading.moddiscovery.ModDiscoverer/SCAN]: Found mod file "kambrik-neoforge-8.0.0-beta.2.jar" [locator: {mods folder locator at D:\MC_games\versions\齿轮盛宴1.21.1\mods}, reader: mod manifest]
[207月2026 16:41:11.948] [main/INFO] [net.neoforged.fml.loading.moddiscovery.ModDiscoverer/SCAN]: Found mod file "Kiwi-1.21.1-NeoForge-15.8.7.jar" [locator: {mods folder locator at D:\MC_games\versions\齿轮盛宴1.21.1\mods}, reader: mod manifest]
[207月2026 16:41:11.957] [main/INFO] [net.neoforged.fml.loading.moddiscovery.ModDiscoverer/SCAN]: Found mod file "konkrete_neoforge_1.9.9_MC_1.21.jar" [locator: {mods folder locator at D:\MC_games\versions\齿轮盛宴1.21.1\mods}, reader: mod manifest]
[207月2026 16:41:11.960] [main/INFO] [net.neoforged.fml.loading.moddiscovery.ModDiscoverer/SCAN]: Found library file "kotlinforforge-5.12.0-all.jar" [locator: {mods folder locator at D:\MC_games\versions\齿轮盛宴1.21.1\mods}, reader: mod manifest]
[207月2026 16:41:11.962] [main/INFO] [net.neoforged.fml.loading.moddiscovery.ModDiscoverer/SCAN]: Found mod file "krypton_fnp-neoforge-1.21.1-0.2.28.1-1.21.1.jar" [locator: {mods folder locator at D:\MC_games\versions\齿轮盛宴1.21.1\mods}, reader: mod manifest]
[207月2026 16:41:11.963] [main/INFO] [net.neoforged.fml.loading.moddiscovery.ModDiscoverer/SCAN]: Found mod file "kubejs-create-neoforge-2101.3.1-build.18.jar" [locator: {mods folder locator at D:\MC_games\versions\齿轮盛宴1.21.1\mods}, reader: mod manifest]
[207月2026 16:41:11.966] [main/INFO] [net.neoforged.fml.loading.moddiscovery.ModDiscoverer/SCAN]: Found mod file "kubejs-neoforge-2101.7.2-build.368.jar" [locator: {mods folder locator at D:\MC_games\versions\齿轮盛宴1.21.1\mods}, reader: mod manifest]
[207月2026 16:41:11.968] [main/INFO] [net.neoforged.fml.loading.moddiscovery.ModDiscoverer/SCAN]: Found mod file "kubejsdelight-1.1.6.jar" [locator: {mods folder locator at D:\MC_games\versions\齿轮盛宴1.21.1\mods}, reader: mod manifest]
[207月2026 16:41:11.970] [main/INFO] [net.neoforged.fml.loading.moddiscovery.ModDiscoverer/SCAN]: Found mod file "lctech-1.21-0.2.2.7.jar" [locator: {mods folder locator at D:\MC_games\versions\齿轮盛宴1.21.1\mods}, reader: mod manifest]
[207月2026 16:41:11.973] [main/INFO] [net.neoforged.fml.loading.moddiscovery.ModDiscoverer/SCAN]: Found mod file "ldlib2-neoforge-1.21.1-2.2.29-all.jar" [locator: {mods folder locator at D:\MC_games\versions\齿轮盛宴1.21.1\mods}, reader: mod manifest]
[207月2026 16:41:11.976] [main/INFO] [net.neoforged.fml.loading.moddiscovery.ModDiscoverer/SCAN]: Found mod file "lightmanscurrency-1.21-2.3.0.5.jar" [locator: {mods folder locator at D:\MC_games\versions\齿轮盛宴1.21.1\mods}, reader: mod manifest]
[207月2026 16:41:11.979] [main/INFO] [net.neoforged.fml.loading.moddiscovery.ModDiscoverer/SCAN]: Found mod file "lithostitched-1.7.13-neoforge-21.1.jar" [locator: {mods folder locator at D:\MC_games\versions\齿轮盛宴1.21.1\mods}, reader: mod manifest]
[207月2026 16:41:11.981] [main/INFO] [net.neoforged.fml.loading.moddiscovery.ModDiscoverer/SCAN]: Found mod file "lodestone-1.21.1-1.8.2.jar" [locator: {mods folder locator at D:\MC_games\versions\齿轮盛宴1.21.1\mods}, reader: mod manifest]
[207月2026 16:41:11.982] [main/INFO] [net.neoforged.fml.loading.moddiscovery.ModDiscoverer/SCAN]: Found mod file "lootjs-neoforge-1.21.1-3.7.0.jar" [locator: {mods folder locator at D:\MC_games\versions\齿轮盛宴1.21.1\mods}, reader: mod manifest]
[207月2026 16:41:11.984] [main/INFO] [net.neoforged.fml.loading.moddiscovery.ModDiscoverer/SCAN]: Found mod file "lootr-neoforge-1.21.1-1.11.37.122.jar" [locator: {mods folder locator at D:\MC_games\versions\齿轮盛宴1.21.1\mods}, reader: mod manifest]
[207月2026 16:41:11.986] [main/INFO] [net.neoforged.fml.loading.moddiscovery.ModDiscoverer/SCAN]: Found mod file "man_of_many_planes-0.2.1+1.21.1-neoforge.jar" [locator: {mods folder locator at D:\MC_games\versions\齿轮盛宴1.21.1\mods}, reader: mod manifest]
[207月2026 16:41:11.988] [main/INFO] [net.neoforged.fml.loading.moddiscovery.ModDiscoverer/SCAN]: Found mod file "mechanicals-1.21.1-1.1.6.jar" [locator: {mods folder locator at D:\MC_games\versions\齿轮盛宴1.21.1\mods}, reader: mod manifest]
[207月2026 16:41:11.990] [main/INFO] [net.neoforged.fml.loading.moddiscovery.ModDiscoverer/SCAN]: Found mod file "melody_neoforge_1.0.10_MC_1.21.jar" [locator: {mods folder locator at D:\MC_games\versions\齿轮盛宴1.21.1\mods}, reader: mod manifest]
[207月2026 16:41:11.991] [main/INFO] [net.neoforged.fml.loading.moddiscovery.ModDiscoverer/SCAN]: Found mod file "midnightlib-neoforge-1.9.3+1.21.1.jar" [locator: {mods folder locator at D:\MC_games\versions\齿轮盛宴1.21.1\mods}, reader: mod manifest]
[207月2026 16:41:11.994] [main/INFO] [net.neoforged.fml.loading.moddiscovery.ModDiscoverer/SCAN]: Found mod file "moonlight-neoforge-1.21.1-3.1.2.jar" [locator: {mods folder locator at D:\MC_games\versions\齿轮盛宴1.21.1\mods}, reader: mod manifest]
[207月2026 16:41:11.995] [main/INFO] [net.neoforged.fml.loading.moddiscovery.ModDiscoverer/SCAN]: Found mod file "morejs-neoforge-1.21.1-0.16.0.jar" [locator: {mods folder locator at D:\MC_games\versions\齿轮盛宴1.21.1\mods}, reader: mod manifest]
[207月2026 16:41:11.997] [main/INFO] [net.neoforged.fml.loading.moddiscovery.ModDiscoverer/SCAN]: Found mod file "Multiblocked2-1.21-1.21.1-21.0.10.jar" [locator: {mods folder locator at D:\MC_games\versions\齿轮盛宴1.21.1\mods}, reader: mod manifest]
[207月2026 16:41:11.999] [main/INFO] [net.neoforged.fml.loading.moddiscovery.ModDiscoverer/SCAN]: Found mod file "mutil-1.21.1-6.3.1.jar" [locator: {mods folder locator at D:\MC_games\versions\齿轮盛宴1.21.1\mods}, reader: mod manifest]
[207月2026 16:41:12.001] [main/INFO] [net.neoforged.fml.loading.moddiscovery.ModDiscoverer/SCAN]: Found mod file "MyNethersDelight-1.21.1-1.10.2.jar" [locator: {mods folder locator at D:\MC_games\versions\齿轮盛宴1.21.1\mods}, reader: mod manifest]
[207月2026 16:41:12.002] [main/INFO] [net.neoforged.fml.loading.moddiscovery.ModDiscoverer/SCAN]: Found mod file "nebulusbetterportals-1.0.8-neoforge-1.21.1.jar" [locator: {mods folder locator at D:\MC_games\versions\齿轮盛宴1.21.1\mods}, reader: mod manifest]
[207月2026 16:41:12.004] [main/INFO] [net.neoforged.fml.loading.moddiscovery.ModDiscoverer/SCAN]: Found mod file "neobeefix-1.21.1-2.0.1.jar" [locator: {mods folder locator at D:\MC_games\versions\齿轮盛宴1.21.1\mods}, reader: mod manifest]
[207月2026 16:41:12.007] [main/INFO] [net.neoforged.fml.loading.moddiscovery.ModDiscoverer/SCAN]: Found mod file "neoforge-runiclib-1.21.1-5.0.7.jar" [locator: {mods folder locator at D:\MC_games\versions\齿轮盛宴1.21.1\mods}, reader: mod manifest]
[207月2026 16:41:12.009] [main/INFO] [net.neoforged.fml.loading.moddiscovery.ModDiscoverer/SCAN]: Found mod file "neruina-3.3.3+1.21.1-neoforge.jar" [locator: {mods folder locator at D:\MC_games\versions\齿轮盛宴1.21.1\mods}, reader: mod manifest]
[207月2026 16:41:12.011] [main/INFO] [net.neoforged.fml.loading.moddiscovery.ModDiscoverer/SCAN]: Found mod file "northstar-curios-compat-neoforge-1.3.1.jar" [locator: {mods folder locator at D:\MC_games\versions\齿轮盛宴1.21.1\mods}, reader: mod manifest]
[207月2026 16:41:12.012] [main/INFO] [net.neoforged.fml.loading.moddiscovery.ModDiscoverer/SCAN]: Found mod file "obscure_tooltips-neoforge-1.21.1-4.2.2.jar" [locator: {mods folder locator at D:\MC_games\versions\齿轮盛宴1.21.1\mods}, reader: mod manifest]
[207月2026 16:41:12.014] [main/INFO] [net.neoforged.fml.loading.moddiscovery.ModDiscoverer/SCAN]: Found mod file "OctoLib-NEOFORGE-0.6.2+1.21.jar" [locator: {mods folder locator at D:\MC_games\versions\齿轮盛宴1.21.1\mods}, reader: mod manifest]
[207月2026 16:41:12.017] [main/INFO] [net.neoforged.fml.loading.moddiscovery.ModDiscoverer/SCAN]: Found mod file "OELib-neoforge-1.21.1-0.2.3.jar" [locator: {mods folder locator at D:\MC_games\versions\齿轮盛宴1.21.1\mods}, reader: mod manifest]
[207月2026 16:41:12.019] [main/INFO] [net.neoforged.fml.loading.moddiscovery.ModDiscoverer/SCAN]: Found mod file "omnilook-0.2.1.jar" [locator: {mods folder locator at D:\MC_games\versions\齿轮盛宴1.21.1\mods}, reader: mod manifest]
[207月2026 16:41:12.020] [main/INFO] [net.neoforged.fml.loading.moddiscovery.ModDiscoverer/SCAN]: Found mod file "oneenoughitem-neoforge-1.21.1-1.0.8.jar" [locator: {mods folder locator at D:\MC_games\versions\齿轮盛宴1.21.1\mods}, reader: mod manifest]
[207月2026 16:41:12.022] [main/INFO] [net.neoforged.fml.loading.moddiscovery.ModDiscoverer/SCAN]: Found mod file "OneEnoughValue-1.0.0-1.21.1.jar" [locator: {mods folder locator at D:\MC_games\versions\齿轮盛宴1.21.1\mods}, reader: mod manifest]
[207月2026 16:41:12.024] [main/INFO] [net.neoforged.fml.loading.moddiscovery.ModDiscoverer/SCAN]: Found mod file "owo-lib-neoforge-0.12.15.5-beta.1+1.21.jar" [locator: {mods folder locator at D:\MC_games\versions\齿轮盛宴1.21.1\mods}, reader: mod manifest]
[207月2026 16:41:12.025] [main/INFO] [net.neoforged.fml.loading.moddiscovery.ModDiscoverer/SCAN]: Found mod file "packetfixer-3.3.1-1.20.5-1.21.X-merged.jar" [locator: {mods folder locator at D:\MC_games\versions\齿轮盛宴1.21.1\mods}, reader: mod manifest]
[207月2026 16:41:12.027] [main/INFO] [net.neoforged.fml.loading.moddiscovery.ModDiscoverer/SCAN]: Found mod file "Placebo-1.21.1-9.9.1.jar" [locator: {mods folder locator at D:\MC_games\versions\齿轮盛宴1.21.1\mods}, reader: mod manifest]
[207月2026 16:41:12.028] [main/INFO] [net.neoforged.fml.loading.moddiscovery.ModDiscoverer/SCAN]: Found mod file "player-animation-lib-forge-2.0.4+1.21.1.jar" [locator: {mods folder locator at D:\MC_games\versions\齿轮盛宴1.21.1\mods}, reader: mod manifest]
[207月2026 16:41:12.031] [main/INFO] [net.neoforged.fml.loading.moddiscovery.ModDiscoverer/SCAN]: Found mod file "PlayerAnimationLibNeoforge-1.1.5+mc.1.21.1.jar" [locator: {mods folder locator at D:\MC_games\versions\齿轮盛宴1.21.1\mods}, reader: mod manifest]
[207月2026 16:41:12.033] [main/INFO] [net.neoforged.fml.loading.moddiscovery.ModDiscoverer/SCAN]: Found mod file "polyeng-0.4.1.jar" [locator: {mods folder locator at D:\MC_games\versions\齿轮盛宴1.21.1\mods}, reader: mod manifest]
[207月2026 16:41:12.034] [main/INFO] [net.neoforged.fml.loading.moddiscovery.ModDiscoverer/SCAN]: Found mod file "ponderjs-neoforge-1.21.1-2.4.0.jar" [locator: {mods folder locator at D:\MC_games\versions\齿轮盛宴1.21.1\mods}, reader: mod manifest]
[207月2026 16:41:12.036] [main/INFO] [net.neoforged.fml.loading.moddiscovery.ModDiscoverer/SCAN]: Found mod file "prickle-neoforge-1.21.1-21.1.11.jar" [locator: {mods folder locator at D:\MC_games\versions\齿轮盛宴1.21.1\mods}, reader: mod manifest]
[207月2026 16:41:12.038] [main/INFO] [net.neoforged.fml.loading.moddiscovery.ModDiscoverer/SCAN]: Found mod file "Prism-1.21.1-neoforge-1.0.11.jar" [locator: {mods folder locator at D:\MC_games\versions\齿轮盛宴1.21.1\mods}, reader: mod manifest]
[207月2026 16:41:12.039] [main/INFO] [net.neoforged.fml.loading.moddiscovery.ModDiscoverer/SCAN]: Found mod file "ProbeJS-8.0.3.jar" [locator: {mods folder locator at D:\MC_games\versions\齿轮盛宴1.21.1\mods}, reader: mod manifest]
[207月2026 16:41:12.042] [main/INFO] [net.neoforged.fml.loading.moddiscovery.ModDiscoverer/SCAN]: Found mod file "PuzzlesLib-v21.1.52-1.21.1-NeoForge.jar" [locator: {mods folder locator at D:\MC_games\versions\齿轮盛宴1.21.1\mods}, reader: mod manifest]
[207月2026 16:41:12.044] [main/INFO] [net.neoforged.fml.loading.moddiscovery.ModDiscoverer/SCAN]: Found mod file "quality_food-1.21.1-2.3.6.jar" [locator: {mods folder locator at D:\MC_games\versions\齿轮盛宴1.21.1\mods}, reader: mod manifest]
[207月2026 16:41:12.046] [main/INFO] [net.neoforged.fml.loading.moddiscovery.ModDiscoverer/SCAN]: Found mod file "radiantgear-neoforge-4.2.3+1.21.1.jar" [locator: {mods folder locator at D:\MC_games\versions\齿轮盛宴1.21.1\mods}, reader: mod manifest]
[207月2026 16:41:12.055] [main/INFO] [net.neoforged.fml.loading.moddiscovery.ModDiscoverer/SCAN]: Found mod file "railways-0.3.0-beta+neoforge-mc1.21.1.jar" [locator: {mods folder locator at D:\MC_games\versions\齿轮盛宴1.21.1\mods}, reader: mod manifest]
[207月2026 16:41:12.057] [main/INFO] [net.neoforged.fml.loading.moddiscovery.ModDiscoverer/SCAN]: Found mod file "renderjs-neoforge-2101.2.4.jar" [locator: {mods folder locator at D:\MC_games\versions\齿轮盛宴1.21.1\mods}, reader: mod manifest]
[207月2026 16:41:12.059] [main/INFO] [net.neoforged.fml.loading.moddiscovery.ModDiscoverer/SCAN]: Found mod file "resourcefulconfig-neoforge-1.21-3.0.11.jar" [locator: {mods folder locator at D:\MC_games\versions\齿轮盛宴1.21.1\mods}, reader: mod manifest]
[207月2026 16:41:12.061] [main/INFO] [net.neoforged.fml.loading.moddiscovery.ModDiscoverer/SCAN]: Found mod file "resourcefullib-neoforge-1.21-3.0.12.jar" [locator: {mods folder locator at D:\MC_games\versions\齿轮盛宴1.21.1\mods}, reader: mod manifest]
[207月2026 16:41:12.063] [main/INFO] [net.neoforged.fml.loading.moddiscovery.ModDiscoverer/SCAN]: Found mod file "ritchiesprojectilelib-2.1.2-mc.1.21.1-neoforge.jar" [locator: {mods folder locator at D:\MC_games\versions\齿轮盛宴1.21.1\mods}, reader: mod manifest]
[207月2026 16:41:12.065] [main/INFO] [net.neoforged.fml.loading.moddiscovery.ModDiscoverer/SCAN]: Found mod file "sable-neoforge-1.21.1-2.0.3.jar" [locator: {mods folder locator at D:\MC_games\versions\齿轮盛宴1.21.1\mods}, reader: mod manifest]
[207月2026 16:41:12.068] [main/INFO] [net.neoforged.fml.loading.moddiscovery.ModDiscoverer/SCAN]: Found mod file "sable-schematic-api-0.4.0.jar" [locator: {mods folder locator at D:\MC_games\versions\齿轮盛宴1.21.1\mods}, reader: mod manifest]
[207月2026 16:41:12.070] [main/INFO] [net.neoforged.fml.loading.moddiscovery.ModDiscoverer/SCAN]: Found mod file "Searchables-neoforge-1.21.1-1.0.2.jar" [locator: {mods folder locator at D:\MC_games\versions\齿轮盛宴1.21.1\mods}, reader: mod manifest]
[207月2026 16:41:12.071] [main/INFO] [net.neoforged.fml.loading.moddiscovery.ModDiscoverer/SCAN]: Found mod file "seasonhud-neoforge-1.21.1-2.0.6.jar" [locator: {mods folder locator at D:\MC_games\versions\齿轮盛宴1.21.1\mods}, reader: mod manifest]
[207月2026 16:41:12.073] [main/INFO] [net.neoforged.fml.loading.moddiscovery.ModDiscoverer/SCAN]: Found mod file "servercore-neoforge-1.5.19+1.21.1.jar" [locator: {mods folder locator at D:\MC_games\versions\齿轮盛宴1.21.1\mods}, reader: mod manifest]
[207月2026 16:41:12.075] [main/INFO] [net.neoforged.fml.loading.moddiscovery.ModDiscoverer/SCAN]: Found mod file "shadowizardlib-1.3.3.jar" [locator: {mods folder locator at D:\MC_games\versions\齿轮盛宴1.21.1\mods}, reader: mod manifest]
[207月2026 16:41:12.077] [main/INFO] [net.neoforged.fml.loading.moddiscovery.ModDiscoverer/SCAN]: Found mod file "sliceanddice-neoforge-4.3.2.jar" [locator: {mods folder locator at D:\MC_games\versions\齿轮盛宴1.21.1\mods}, reader: mod manifest]
[207月2026 16:41:12.079] [main/INFO] [net.neoforged.fml.loading.moddiscovery.ModDiscoverer/SCAN]: Found mod file "someassemblyrequired-5.2.8.jar" [locator: {mods folder locator at D:\MC_games\versions\齿轮盛宴1.21.1\mods}, reader: mod manifest]
[207月2026 16:41:12.081] [main/INFO] [net.neoforged.fml.loading.moddiscovery.ModDiscoverer/SCAN]: Found mod file "sophisticatedbackpackscreateintegration-1.21.1-0.1.8.134.jar" [locator: {mods folder locator at D:\MC_games\versions\齿轮盛宴1.21.1\mods}, reader: mod manifest]
[207月2026 16:41:12.082] [main/INFO] [net.neoforged.fml.loading.moddiscovery.ModDiscoverer/SCAN]: Found mod file "soul-fire-d-neoforge-1.21-6.1.0.jar" [locator: {mods folder locator at D:\MC_games\versions\齿轮盛宴1.21.1\mods}, reader: mod manifest]
[207月2026 16:41:12.084] [main/INFO] [net.neoforged.fml.loading.moddiscovery.ModDiscoverer/SCAN]: Found mod file "sqlite-jdbc-3.53.2.0+2026-06-06-all.jar" [locator: {mods folder locator at D:\MC_games\versions\齿轮盛宴1.21.1\mods}, reader: mod manifest]
[207月2026 16:41:12.086] [main/INFO] [net.neoforged.fml.loading.moddiscovery.ModDiscoverer/SCAN]: Found gamelibrary file "struts-1.2.7.jar" [locator: {mods folder locator at D:\MC_games\versions\齿轮盛宴1.21.1\mods}, reader: mod manifest]
[207月2026 16:41:12.087] [main/INFO] [net.neoforged.fml.loading.moddiscovery.ModDiscoverer/SCAN]: Found mod file "supermartijn642configlib-1.1.8-neoforge-mc1.21.jar" [locator: {mods folder locator at D:\MC_games\versions\齿轮盛宴1.21.1\mods}, reader: mod manifest]
[207月2026 16:41:12.089] [main/INFO] [net.neoforged.fml.loading.moddiscovery.ModDiscoverer/SCAN]: Found mod file "supermartijn642corelib-1.1.21-neoforge-mc1.21.jar" [locator: {mods folder locator at D:\MC_games\versions\齿轮盛宴1.21.1\mods}, reader: mod manifest]
[207月2026 16:41:12.092] [main/INFO] [net.neoforged.fml.loading.moddiscovery.ModDiscoverer/SCAN]: Found mod file "t_and_t-neoforge-fabric-1.13.9+1.21.1.jar" [locator: {mods folder locator at D:\MC_games\versions\齿轮盛宴1.21.1\mods}, reader: mod manifest]
[207月2026 16:41:12.104] [main/INFO] [net.neoforged.fml.loading.moddiscovery.ModDiscoverer/SCAN]: Found mod file "tacz-neoforge-1.21.1-1.1.8-hotfix-r3.jar" [locator: {mods folder locator at D:\MC_games\versions\齿轮盛宴1.21.1\mods}, reader: mod manifest]
[207月2026 16:41:12.107] [main/INFO] [net.neoforged.fml.loading.moddiscovery.ModDiscoverer/SCAN]: Found mod file "taczaddon-1.21.1-1.1.8-alpha.jar" [locator: {mods folder locator at D:\MC_games\versions\齿轮盛宴1.21.1\mods}, reader: mod manifest]
[207月2026 16:41:12.109] [main/INFO] [net.neoforged.fml.loading.moddiscovery.ModDiscoverer/SCAN]: Found mod file "tectonic-3.0.26-neoforge-21.1.jar" [locator: {mods folder locator at D:\MC_games\versions\齿轮盛宴1.21.1\mods}, reader: mod manifest]
[207月2026 16:41:12.111] [main/INFO] [net.neoforged.fml.loading.moddiscovery.ModDiscoverer/SCAN]: Found mod file "tenshilib-1.21.1-2.2.5-neoforge.jar" [locator: {mods folder locator at D:\MC_games\versions\齿轮盛宴1.21.1\mods}, reader: mod manifest]
[207月2026 16:41:12.113] [main/INFO] [net.neoforged.fml.loading.moddiscovery.ModDiscoverer/SCAN]: Found mod file "Terralith_1.21.x_v2.6.2.jar" [locator: {mods folder locator at D:\MC_games\versions\齿轮盛宴1.21.1\mods}, reader: mod manifest]
[207月2026 16:41:12.116] [main/INFO] [net.neoforged.fml.loading.moddiscovery.ModDiscoverer/SCAN]: Found mod file "tetra-1.21.1-6.13.0.jar" [locator: {mods folder locator at D:\MC_games\versions\齿轮盛宴1.21.1\mods}, reader: mod manifest]
[207月2026 16:41:12.118] [main/INFO] [net.neoforged.fml.loading.moddiscovery.ModDiscoverer/SCAN]: Found mod file "tracks-neoforge-1.21.1-1.0.1.jar" [locator: {mods folder locator at D:\MC_games\versions\齿轮盛宴1.21.1\mods}, reader: mod manifest]
[207月2026 16:41:12.120] [main/INFO] [net.neoforged.fml.loading.moddiscovery.ModDiscoverer/SCAN]: Found mod file "Trails&Tales+-NeoForge-1.21.1-1.0.jar" [locator: {mods folder locator at D:\MC_games\versions\齿轮盛宴1.21.1\mods}, reader: mod manifest]
[207月2026 16:41:12.121] [main/INFO] [net.neoforged.fml.loading.moddiscovery.ModDiscoverer/SCAN]: Found mod file "txnilib-neoforge-1.0.24-1.21.1.jar" [locator: {mods folder locator at D:\MC_games\versions\齿轮盛宴1.21.1\mods}, reader: mod manifest]
[207月2026 16:41:12.123] [main/INFO] [net.neoforged.fml.loading.moddiscovery.ModDiscoverer/SCAN]: Found mod file "uranus-2.4.1-1.21.1-neoforge.jar" [locator: {mods folder locator at D:\MC_games\versions\齿轮盛宴1.21.1\mods}, reader: mod manifest]
[207月2026 16:41:12.126] [main/INFO] [net.neoforged.fml.loading.moddiscovery.ModDiscoverer/SCAN]: Found mod file "vanillin-neoforge-1.21.1-1.1.3.jar" [locator: {mods folder locator at D:\MC_games\versions\齿轮盛宴1.21.1\mods}, reader: mod manifest]
[207月2026 16:41:12.129] [main/INFO] [net.neoforged.fml.loading.moddiscovery.ModDiscoverer/SCAN]: Found mod file "vintagedelight-kots-0.2.6.jar" [locator: {mods folder locator at D:\MC_games\versions\齿轮盛宴1.21.1\mods}, reader: mod manifest]
[207月2026 16:41:12.131] [main/INFO] [net.neoforged.fml.loading.moddiscovery.ModDiscoverer/SCAN]: Found mod file "vintageimprovements-1.21.1-0.0.0.5.jar" [locator: {mods folder locator at D:\MC_games\versions\齿轮盛宴1.21.1\mods}, reader: mod manifest]
[207月2026 16:41:12.132] [main/INFO] [net.neoforged.fml.loading.moddiscovery.ModDiscoverer/SCAN]: Found mod file "visual_keybinder-1.21.1-0.1.13-neoforge.jar" [locator: {mods folder locator at D:\MC_games\versions\齿轮盛宴1.21.1\mods}, reader: mod manifest]
[207月2026 16:41:12.134] [main/INFO] [net.neoforged.fml.loading.moddiscovery.ModDiscoverer/SCAN]: Found mod file "watut-neoforge-1.21.0-1.2.7.jar" [locator: {mods folder locator at D:\MC_games\versions\齿轮盛宴1.21.1\mods}, reader: mod manifest]
[207月2026 16:41:12.136] [main/INFO] [net.neoforged.fml.loading.moddiscovery.ModDiscoverer/SCAN]: Found mod file "world_preview-1.3.1.jar" [locator: {mods folder locator at D:\MC_games\versions\齿轮盛宴1.21.1\mods}, reader: mod manifest]
[207月2026 16:41:12.139] [main/INFO] [net.neoforged.fml.loading.moddiscovery.ModDiscoverer/SCAN]: Found mod file "worldweaver-21.0.23.jar" [locator: {mods folder locator at D:\MC_games\versions\齿轮盛宴1.21.1\mods}, reader: mod manifest]
[207月2026 16:41:12.140] [main/INFO] [net.neoforged.fml.loading.moddiscovery.ModDiscoverer/SCAN]: Found mod file "wunderlib-21.0.10.jar" [locator: {mods folder locator at D:\MC_games\versions\齿轮盛宴1.21.1\mods}, reader: mod manifest]
[207月2026 16:41:12.142] [main/INFO] [net.neoforged.fml.loading.moddiscovery.ModDiscoverer/SCAN]: Found mod file "xaeros_waystones_compatibility-NeoForge-1.21.1-2.1.0.jar" [locator: {mods folder locator at D:\MC_games\versions\齿轮盛宴1.21.1\mods}, reader: mod manifest]
[207月2026 16:41:12.143] [main/INFO] [net.neoforged.fml.loading.moddiscovery.ModDiscoverer/SCAN]: Found mod file "yeetusexperimentus-neoforge-87.0.0.jar" [locator: {mods folder locator at D:\MC_games\versions\齿轮盛宴1.21.1\mods}, reader: mod manifest]
[207月2026 16:41:12.145] [main/INFO] [net.neoforged.fml.loading.moddiscovery.ModDiscoverer/SCAN]: Found mod file "yet_another_config_lib_v3-3.8.2+1.21.1-neoforge.jar" [locator: {mods folder locator at D:\MC_games\versions\齿轮盛宴1.21.1\mods}, reader: mod manifest]
[207月2026 16:41:12.146] [main/INFO] [net.neoforged.fml.loading.moddiscovery.ModDiscoverer/SCAN]: Found mod file "YungsApi-1.21.1-NeoForge-5.1.6.jar" [locator: {mods folder locator at D:\MC_games\versions\齿轮盛宴1.21.1\mods}, reader: mod manifest]
[207月2026 16:41:12.148] [main/INFO] [net.neoforged.fml.loading.moddiscovery.ModDiscoverer/SCAN]: Found mod file "YungsExtras-1.21.1-NeoForge-5.1.1.jar" [locator: {mods folder locator at D:\MC_games\versions\齿轮盛宴1.21.1\mods}, reader: mod manifest]
[207月2026 16:41:12.150] [main/INFO] [net.neoforged.fml.loading.moddiscovery.ModDiscoverer/SCAN]: Found mod file "Zeta-1.1-40.jar" [locator: {mods folder locator at D:\MC_games\versions\齿轮盛宴1.21.1\mods}, reader: mod manifest]
[207月2026 16:41:12.151] [main/INFO] [net.neoforged.fml.loading.moddiscovery.ModDiscoverer/SCAN]: Found mod file "zstdnet-1.21.1-neoforge-1.4.7.jar" [locator: {mods folder locator at D:\MC_games\versions\齿轮盛宴1.21.1\mods}, reader: mod manifest]
[207月2026 16:41:14.389] [main/WARN] [net.neoforged.jarjar.selection.JarSelector/]: Attempted to select two dependency jars from JarJar which have the same identification: Nested Mod File  in Mod File: D:\MC_games\versions\齿轮盛宴1.21.1\mods\iris-flywheel-compat-NeoForge-2.4.0.jar and Nested Mod File  in Mod File: D:\MC_games\versions\齿轮盛宴1.21.1\mods\[机械动力] create-1.21.1-6.0.10.jar. Using Nested Mod File  in Mod File: D:\MC_games\versions\齿轮盛宴1.21.1\mods\iris-flywheel-compat-NeoForge-2.4.0.jar
[207月2026 16:41:14.390] [main/WARN] [net.neoforged.jarjar.selection.JarSelector/]: Attempted to select a dependency jar for JarJar which was passed in as source: fabric_renderer_api_v1. Using Mod File: 
[207月2026 16:41:14.391] [main/WARN] [net.neoforged.jarjar.selection.JarSelector/]: Attempted to select a dependency jar for JarJar which was passed in as source: playeranimator. Using Mod File: D:\MC_games\versions\齿轮盛宴1.21.1\mods\player-animation-lib-forge-2.0.4+1.21.1.jar
[207月2026 16:41:14.391] [main/WARN] [net.neoforged.jarjar.selection.JarSelector/]: Attempted to select a dependency jar for JarJar which was passed in as source: fabric_block_view_api_v2. Using Mod File: 
[207月2026 16:41:14.391] [main/WARN] [net.neoforged.jarjar.selection.JarSelector/]: Attempted to select a dependency jar for JarJar which was passed in as source: cloth_config. Using Mod File: D:\MC_games\versions\齿轮盛宴1.21.1\mods\cloth-config-15.0.140-neoforge.jar
[207月2026 16:41:14.391] [main/WARN] [net.neoforged.jarjar.selection.JarSelector/]: Attempted to select a dependency jar for JarJar which was passed in as source: library:net.fabricmc.loader. Using Mod File: \~nonexistent
[207月2026 16:41:14.391] [main/WARN] [net.neoforged.jarjar.selection.JarSelector/]: Attempted to select a dependency jar for JarJar which was passed in as source: resourcefulconfig. Using Mod File: D:\MC_games\versions\齿轮盛宴1.21.1\mods\resourcefulconfig-neoforge-1.21-3.0.11.jar
[207月2026 16:41:14.391] [main/WARN] [net.neoforged.jarjar.selection.JarSelector/]: Attempted to select a dependency jar for JarJar which was passed in as source: resourcefullib. Using Mod File: D:\MC_games\versions\齿轮盛宴1.21.1\mods\resourcefullib-neoforge-1.21-3.0.12.jar
[207月2026 16:41:14.391] [main/WARN] [net.neoforged.jarjar.selection.JarSelector/]: Attempted to select a dependency jar for JarJar which was passed in as source: architectury. Using Mod File: D:\MC_games\versions\齿轮盛宴1.21.1\mods\architectury-13.0.8-neoforge.jar
[207月2026 16:41:14.391] [main/WARN] [net.neoforged.jarjar.selection.JarSelector/]: Attempted to select a dependency jar for JarJar which was passed in as source: fabric_rendering_data_attachment_v1. Using Mod File: 
[207月2026 16:41:14.391] [main/WARN] [net.neoforged.jarjar.selection.JarSelector/]: Attempted to select a dependency jar for JarJar which was passed in as source: midnightlib. Using Mod File: D:\MC_games\versions\齿轮盛宴1.21.1\mods\midnightlib-neoforge-1.9.3+1.21.1.jar
[207月2026 16:41:14.391] [main/WARN] [net.neoforged.jarjar.selection.JarSelector/]: Attempted to select a dependency jar for JarJar which was passed in as source: fabric_api_base. Using Mod File: 
[207月2026 16:41:14.391] [main/WARN] [net.neoforged.jarjar.selection.JarSelector/]: Attempted to select a dependency jar for JarJar which was passed in as source: forgeconfigapiport. Using Mod File: D:\MC_games\versions\齿轮盛宴1.21.1\mods\ForgeConfigAPIPort-v21.1.6-1.21.1-NeoForge.jar
[207月2026 16:41:14.391] [main/WARN] [net.neoforged.jarjar.selection.JarSelector/]: Attempted to select a dependency jar for JarJar which was passed in as source: yet_another_config_lib_v3. Using Mod File: D:\MC_games\versions\齿轮盛宴1.21.1\mods\yet_another_config_lib_v3-3.8.2+1.21.1-neoforge.jar
[207月2026 16:41:14.391] [main/INFO] [net.neoforged.fml.loading.moddiscovery.locators.JarInJarDependencyLocator/]: Found 152 dependencies adding them to mods collection
[207月2026 16:41:14.391] [main/INFO] [net.neoforged.fml.loading.moddiscovery.ModDiscoverer/SCAN]: Found mod file "atmosphere-1.21.1-neoforge-1.0.14.jar" [parent: sliceanddice-neoforge-4.3.2.jar, locator: jarinjar, reader: mod manifest]
[207月2026 16:41:14.391] [main/INFO] [net.neoforged.fml.loading.moddiscovery.ModDiscoverer/SCAN]: Found gamelibrary file "Quack-0.4.10.115.jar" [parent: CodeChickenLib-1.21.1-4.6.1.526.jar, locator: jarinjar, reader: mod manifest]
[207月2026 16:41:14.391] [main/INFO] [net.neoforged.fml.loading.moddiscovery.ModDiscoverer/SCAN]: Found mod file "kuma-api-neoforge-21.0.8+1.21.jar" [parent: balm-neoforge-1.21.1-21.0.63.jar, locator: jarinjar, reader: mod manifest]
[207月2026 16:41:14.391] [main/INFO] [net.neoforged.fml.loading.moddiscovery.ModDiscoverer/SCAN]: Found library file "PinIn-1.6.0.jar" [parent: [通用拼音搜索] jecharacters-1.21.1-neoforge-4.5.25.jar, locator: jarinjar]
[207月2026 16:41:14.391] [main/INFO] [net.neoforged.fml.loading.moddiscovery.ModDiscoverer/SCAN]: Found mod file "codecui-neoforge-1.21.1-1.2.4.jar" [parent: moonlight-neoforge-1.21.1-3.1.2.jar, locator: jarinjar, reader: mod manifest]
[207月2026 16:41:14.391] [main/INFO] [net.neoforged.fml.loading.moddiscovery.ModDiscoverer/SCAN]: Found library file "glsl-processor-0.2.3.jar" [parent: veil-neoforge-1.21.1-4.1.4.jar, locator: jarinjar]
[207月2026 16:41:14.391] [main/INFO] [net.neoforged.fml.loading.moddiscovery.ModDiscoverer/SCAN]: Found library file "sewlia-config-1.0.0-20250810.044244-13.jar" [parent: krypton_fnp-neoforge-1.21.1-0.2.28.1-1.21.1.jar, locator: jarinjar]
[207月2026 16:41:14.391] [main/INFO] [net.neoforged.fml.loading.moddiscovery.ModDiscoverer/SCAN]: Found mod file "ponder-neoforge-1.0.82+mc1.21.1.jar" [parent: [机械动力] create-1.21.1-6.0.10.jar, locator: jarinjar, reader: mod manifest]
[207月2026 16:41:14.391] [main/INFO] [net.neoforged.fml.loading.moddiscovery.ModDiscoverer/SCAN]: Found mod file "fabric-item-api-v1-11.2.0+0c57911319.jar" [parent: forgified-fabric-api-0.116.14+2.3.0+1.21.1.jar, locator: jarinjar, reader: mod manifest]
[207月2026 16:41:14.391] [main/INFO] [net.neoforged.fml.loading.moddiscovery.ModDiscoverer/SCAN]: Found library file "greenlight-api-0.1.0+mc1.21.10.jar" [parent: [钠 · 扩展] sodium-extra-neoforge-0.9.3+mc1.21.1.jar, locator: jarinjar]
[207月2026 16:41:14.391] [main/INFO] [net.neoforged.fml.loading.moddiscovery.ModDiscoverer/SCAN]: Found mod file "fabric-rendering-fluids-v1-3.1.6+a51883b219.jar" [parent: forgified-fabric-api-0.116.14+2.3.0+1.21.1.jar, locator: jarinjar, reader: mod manifest]
[207月2026 16:41:14.391] [main/INFO] [net.neoforged.fml.loading.moddiscovery.ModDiscoverer/SCAN]: Found library file "github-api-2.0-rc.6.jar" [parent: neruina-3.3.3+1.21.1-neoforge.jar, locator: jarinjar]
[207月2026 16:41:14.391] [main/INFO] [net.neoforged.fml.loading.moddiscovery.ModDiscoverer/SCAN]: Found library file "MixinSquared-0.3.3.jar" [parent: mixinsquared-forge-0.3.3.jar, locator: jarinjar]
[207月2026 16:41:14.391] [main/INFO] [net.neoforged.fml.loading.moddiscovery.ModDiscoverer/SCAN]: Found mod file "apollib-1.1.5-neoforge-21.1.jar" [parent: tectonic-3.0.26-neoforge-21.1.jar, locator: jarinjar, reader: mod manifest]
[207月2026 16:41:14.391] [main/INFO] [net.neoforged.fml.loading.moddiscovery.ModDiscoverer/SCAN]: Found library file "arc3d-compiler-2026.2.0.jar" [parent: [现代化 UI] ModernUI-NeoForge-1.21.1-3.13.0.1-universal.jar, locator: jarinjar]
[207月2026 16:41:14.392] [main/INFO] [net.neoforged.fml.loading.moddiscovery.ModDiscoverer/SCAN]: Found library file "commons-math3-3.6.1.jar" [parent: tacz-neoforge-1.21.1-1.1.8-hotfix-r3.jar, locator: jarinjar]
[207月2026 16:41:14.392] [main/INFO] [net.neoforged.fml.loading.moddiscovery.ModDiscoverer/SCAN]: Found library file "netty-0.1.4.1.jar" [parent: owo-lib-neoforge-0.12.15.5-beta.1+1.21.jar, locator: jarinjar]
[207月2026 16:41:14.392] [main/INFO] [net.neoforged.fml.loading.moddiscovery.ModDiscoverer/SCAN]: Found mod file "fabric-convention-tags-v1-2.1.7+7f945d5b19.jar" [parent: forgified-fabric-api-0.116.14+2.3.0+1.21.1.jar, locator: jarinjar, reader: mod manifest]
[207月2026 16:41:14.392] [main/INFO] [net.neoforged.fml.loading.moddiscovery.ModDiscoverer/SCAN]: Found library file "kotlinx-coroutines-core-jvm-1.11.0.jar" [parent: kotlinforforge-5.12.0-all.jar, locator: jarinjar]
[207月2026 16:41:14.392] [main/INFO] [net.neoforged.fml.loading.moddiscovery.ModDiscoverer/SCAN]: Found library file "endec-0.1.8.1.jar" [parent: owo-lib-neoforge-0.12.15.5-beta.1+1.21.jar, locator: jarinjar]
[207月2026 16:41:14.392] [main/INFO] [net.neoforged.fml.loading.moddiscovery.ModDiscoverer/SCAN]: Found mod file "fabric-convention-tags-v2-2.12.0+75d3639619.jar" [parent: forgified-fabric-api-0.116.14+2.3.0+1.21.1.jar, locator: jarinjar, reader: mod manifest]
[207月2026 16:41:14.392] [main/INFO] [net.neoforged.fml.loading.moddiscovery.ModDiscoverer/SCAN]: Found mod file "fabric-command-api-v2-2.2.28+36d727be19.jar" [parent: forgified-fabric-api-0.116.14+2.3.0+1.21.1.jar, locator: jarinjar, reader: mod manifest]
[207月2026 16:41:14.392] [main/INFO] [net.neoforged.fml.loading.moddiscovery.ModDiscoverer/SCAN]: Found mod file "fabric-data-attachment-api-v1-1.4.7+26d408aa19.jar" [parent: forgified-fabric-api-0.116.14+2.3.0+1.21.1.jar, locator: jarinjar, reader: mod manifest]
[207月2026 16:41:14.392] [main/INFO] [net.neoforged.fml.loading.moddiscovery.ModDiscoverer/SCAN]: Found library file "javaparser-core-3.24.8.jar" [parent: ProbeJS-8.0.3.jar, locator: jarinjar]
[207月2026 16:41:14.392] [main/INFO] [net.neoforged.fml.loading.moddiscovery.ModDiscoverer/SCAN]: Found mod file "tiny-config-3.1.0-neoforge.jar" [parent: bettercombat-neoforge-2.4.0+1.21.1.jar, locator: jarinjar, reader: mod manifest]
[207月2026 16:41:14.392] [main/INFO] [net.neoforged.fml.loading.moddiscovery.ModDiscoverer/SCAN]: Found mod file "veil-neoforge-1.21.1-4.1.4.jar" [parent: sable-neoforge-1.21.1-2.0.3.jar, locator: jarinjar, reader: mod manifest]
[207月2026 16:41:14.392] [main/INFO] [net.neoforged.fml.loading.moddiscovery.ModDiscoverer/SCAN]: Found mod file "dev.simulated_team.simulated.simulated-neoforge-1.21.1-1.3.0.jar" [parent: [机械动力：航空学] create-aeronautics-bundled-1.21.1-1.3.0.jar, locator: jarinjar, reader: mod manifest]
[207月2026 16:41:14.392] [main/INFO] [net.neoforged.fml.loading.moddiscovery.ModDiscoverer/SCAN]: Found mod file "biolith-neoforge-3.0.10.jar" [parent: [夸克] Quark-4.1-482.jar, locator: jarinjar, reader: mod manifest]
[207月2026 16:41:14.392] [main/INFO] [net.neoforged.fml.loading.moddiscovery.ModDiscoverer/SCAN]: Found library file "kotlin-stdlib-jdk7-2.4.0.jar" [parent: kotlinforforge-5.12.0-all.jar, locator: jarinjar]
[207月2026 16:41:14.392] [main/INFO] [net.neoforged.fml.loading.moddiscovery.ModDiscoverer/SCAN]: Found library file "kotlin-stdlib-jdk8-2.4.0.jar" [parent: kotlinforforge-5.12.0-all.jar, locator: jarinjar]
[207月2026 16:41:14.392] [main/INFO] [net.neoforged.fml.loading.moddiscovery.ModDiscoverer/SCAN]: Found mod file "fabric-screen-api-v1-2.0.26+b4953c7419.jar" [parent: forgified-fabric-api-0.116.14+2.3.0+1.21.1.jar, locator: jarinjar, reader: mod manifest]
[207月2026 16:41:14.392] [main/INFO] [net.neoforged.fml.loading.moddiscovery.ModDiscoverer/SCAN]: Found library file "dazzleconf-core-1.3.0-M2.jar" [parent: servercore-neoforge-1.5.19+1.21.1.jar, locator: jarinjar]
[207月2026 16:41:14.392] [main/INFO] [net.neoforged.fml.loading.moddiscovery.ModDiscoverer/SCAN]: Found mod file "forgified-fabric-api-0.115.6+2.1.0+1.21.1.jar" [parent: txnilib-neoforge-1.0.24-1.21.1.jar, locator: jarinjar, reader: mod manifest]
[207月2026 16:41:14.392] [main/INFO] [net.neoforged.fml.loading.moddiscovery.ModDiscoverer/SCAN]: Found mod file "fabric-content-registries-v0-8.0.19+5e0d320019.jar" [parent: forgified-fabric-api-0.116.14+2.3.0+1.21.1.jar, locator: jarinjar, reader: mod manifest]
[207月2026 16:41:14.392] [main/INFO] [net.neoforged.fml.loading.moddiscovery.ModDiscoverer/SCAN]: Found library file "kotlinx-serialization-json-jvm-1.11.0.jar" [parent: kotlinforforge-5.12.0-all.jar, locator: jarinjar]
[207月2026 16:41:14.392] [main/INFO] [net.neoforged.fml.loading.moddiscovery.ModDiscoverer/SCAN]: Found library file "bytecodecs-1.1.2.jar" [parent: resourcefullib-neoforge-1.21-3.0.12.jar, locator: jarinjar]
[207月2026 16:41:14.392] [main/INFO] [net.neoforged.fml.loading.moddiscovery.ModDiscoverer/SCAN]: Found mod file "integration-neoforge-0.2.jar" [parent: [冰火传说社区版] iceandfire-2.1-beta.1.jar, locator: jarinjar, reader: mod manifest]
[207月2026 16:41:14.392] [main/INFO] [net.neoforged.fml.loading.moddiscovery.ModDiscoverer/SCAN]: Found mod file "greenhouseconfig_toml-1.1.0.jar" [parent: [饮酒作乐] BrewinAndChewin-neoforge-4.5.0+1.21.1.jar, locator: jarinjar, reader: mod manifest]
[207月2026 16:41:14.392] [main/INFO] [net.neoforged.fml.loading.moddiscovery.ModDiscoverer/SCAN]: Found mod file "athena-neoforge-1.21.1-4.0.6.jar" [parent: [蜜蜂领域／黄蜂领域] the_bumblezone-7.15.1+1.21.1-neoforge.jar, locator: jarinjar, reader: mod manifest]
[207月2026 16:41:14.392] [main/INFO] [net.neoforged.fml.loading.moddiscovery.ModDiscoverer/SCAN]: Found library file "exp4j-0.4.8.jar" [parent: [机械动力：更多仪表] extra_gauges-2.1.2.jar, locator: jarinjar]
[207月2026 16:41:14.392] [main/INFO] [net.neoforged.fml.loading.moddiscovery.ModDiscoverer/SCAN]: Found library file "snakeyaml-2.6.jar" [parent: servercore-neoforge-1.5.19+1.21.1.jar, locator: jarinjar]
[207月2026 16:41:14.392] [main/INFO] [net.neoforged.fml.loading.moddiscovery.ModDiscoverer/SCAN]: Found gamelibrary file "mixinextras-neoforge-0.5.3.jar" [parent: neoforge-21.1.240-universal.jar, locator: jarinjar, reader: mod manifest]
[207月2026 16:41:14.392] [main/INFO] [net.neoforged.fml.loading.moddiscovery.ModDiscoverer/SCAN]: Found gamelibrary file "l2serial-3.0.9+5.jar" [parent: [果园乐事] fruitsdelight-1.2.14.jar, locator: jarinjar, reader: mod manifest]
[207月2026 16:41:14.392] [main/INFO] [net.neoforged.fml.loading.moddiscovery.ModDiscoverer/SCAN]: Found mod file "fabric-game-rule-api-v1-1.0.53+36d727be19.jar" [parent: forgified-fabric-api-0.116.14+2.3.0+1.21.1.jar, locator: jarinjar, reader: mod manifest]
[207月2026 16:41:14.392] [main/INFO] [net.neoforged.fml.loading.moddiscovery.ModDiscoverer/SCAN]: Found mod file "fabric-api-lookup-api-v1-1.6.72+6244b11119.jar" [parent: forgified-fabric-api-0.116.14+2.3.0+1.21.1.jar, locator: jarinjar, reader: mod manifest]
[207月2026 16:41:14.392] [main/INFO] [net.neoforged.fml.loading.moddiscovery.ModDiscoverer/SCAN]: Found gamelibrary file "dev.ryanhcode.sable.sable-sable_rapier-1.21.1-2.0.3.jar" [parent: sable-neoforge-1.21.1-2.0.3.jar, locator: jarinjar, reader: mod manifest]
[207月2026 16:41:14.392] [main/INFO] [net.neoforged.fml.loading.moddiscovery.ModDiscoverer/SCAN]: Found gamelibrary file "mixinsquared-neoforge-0.3.3.jar" [parent: [群系替换器] biomereplacer-3.1-hippo-neo.jar, locator: jarinjar, reader: mod manifest]
[207月2026 16:41:14.392] [main/INFO] [net.neoforged.fml.loading.moddiscovery.ModDiscoverer/SCAN]: Found mod file "greenhouseconfig-2.2.3+1.21.1-neoforge.jar" [parent: [饮酒作乐] BrewinAndChewin-neoforge-4.5.0+1.21.1.jar, locator: jarinjar, reader: mod manifest]
[207月2026 16:41:14.392] [main/INFO] [net.neoforged.fml.loading.moddiscovery.ModDiscoverer/SCAN]: Found library file "bcel-6.6.1.jar" [parent: tacz-neoforge-1.21.1-1.1.8-hotfix-r3.jar, locator: jarinjar]
[207月2026 16:41:14.392] [main/INFO] [net.neoforged.fml.loading.moddiscovery.ModDiscoverer/SCAN]: Found library file "imageio-metadata-3.12.0.jar" [parent: yet-another-config-lib-3.6.6+1.21.1-neoforge.jar, locator: jarinjar]
[207月2026 16:41:14.392] [main/INFO] [net.neoforged.fml.loading.moddiscovery.ModDiscoverer/SCAN]: Found mod file "dynamiccrosshair-api-9.11+1.21.1-neoforge.jar" [parent: [动态准星] dynamiccrosshair-9.11+1.21.1-neoforge.jar, locator: jarinjar, reader: mod manifest]
[207月2026 16:41:14.392] [main/INFO] [net.neoforged.fml.loading.moddiscovery.ModDiscoverer/SCAN]: Found mod file "rcg_lib-1.21.1-NeoForge-1.0.2-beta.jar" [parent: [烘焙坊] bakeries-1.21.1-NeoForge-1.0.1.jar, locator: jarinjar, reader: mod manifest]
[207月2026 16:41:14.392] [main/INFO] [net.neoforged.fml.loading.moddiscovery.ModDiscoverer/SCAN]: Found library file "jcpp-1.4.14.jar" [parent: iris-neoforge-1.8.14-beta.1+mc1.21.1.jar, locator: jarinjar]
[207月2026 16:41:14.392] [main/INFO] [net.neoforged.fml.loading.moddiscovery.ModDiscoverer/SCAN]: Found library file "kotlin-stdlib-2.4.20-Beta1.jar" [parent: ldlib2-neoforge-1.21.1-2.2.29-all.jar, locator: jarinjar]
[207月2026 16:41:14.392] [main/INFO] [net.neoforged.fml.loading.moddiscovery.ModDiscoverer/SCAN]: Found mod file "simplebedrockmodel-2.2.1-neoforge+mc1.21.1.jar" [parent: tacz-neoforge-1.21.1-1.1.8-hotfix-r3.jar, locator: jarinjar, reader: mod manifest]
[207月2026 16:41:14.392] [main/INFO] [net.neoforged.fml.loading.moddiscovery.ModDiscoverer/SCAN]: Found library file "taffy-1.1.4.jar" [parent: ldlib2-neoforge-1.21.1-2.2.29-all.jar, locator: jarinjar]
[207月2026 16:41:14.392] [main/INFO] [net.neoforged.fml.loading.moddiscovery.ModDiscoverer/SCAN]: Found gamelibrary file "l2modularblocks-3.0.0+4.jar" [parent: [烧烤乐事] barbequesdelight-1.3.0.jar, locator: jarinjar, reader: mod manifest]
[207月2026 16:41:14.392] [main/INFO] [net.neoforged.fml.loading.moddiscovery.ModDiscoverer/SCAN]: Found library file "JustEnoughCharacters.coremod-neoforge.jar" [parent: [通用拼音搜索] jecharacters-1.21.1-neoforge-4.5.25.jar, locator: jarinjar, reader: mod manifest]
[207月2026 16:41:14.392] [main/INFO] [net.neoforged.fml.loading.moddiscovery.ModDiscoverer/SCAN]: Found library file "tomlkt-jvm-0.3.7.jar" [parent: fzzy_config-0.7.6+1.21+neoforge.jar, locator: jarinjar]
[207月2026 16:41:14.393] [main/INFO] [net.neoforged.fml.loading.moddiscovery.ModDiscoverer/SCAN]: Found mod file "fabric-entity-events-v1-1.8.0+e46a02ca19.jar" [parent: forgified-fabric-api-0.116.14+2.3.0+1.21.1.jar, locator: jarinjar, reader: mod manifest]
[207月2026 16:41:14.393] [main/INFO] [net.neoforged.fml.loading.moddiscovery.ModDiscoverer/SCAN]: Found library file "javassist-3.30.2-GA.jar" [parent: PlayerAnimationLibNeoforge-1.1.5+mc.1.21.1.jar, locator: jarinjar]
[207月2026 16:41:14.393] [main/INFO] [net.neoforged.fml.loading.moddiscovery.ModDiscoverer/SCAN]: Found library file "MathParser.org-mXparser-5.2.1.jar" [parent: man_of_many_planes-0.2.1+1.21.1-neoforge.jar, locator: jarinjar]
[207月2026 16:41:14.393] [main/INFO] [net.neoforged.fml.loading.moddiscovery.ModDiscoverer/SCAN]: Found library file "resourceful-cosmetics-4j-1.0.3.jar" [parent: [苦力怕改革 ／ 苦力怕革新] CreeperOverhaul-neoforge-1.21.1-4.0.6.jar, locator: jarinjar]
[207月2026 16:41:14.393] [main/INFO] [net.neoforged.fml.loading.moddiscovery.ModDiscoverer/SCAN]: Found library file "commonmark-0.25.0.jar" [parent: [现代化 UI] ModernUI-NeoForge-1.21.1-3.13.0.1-universal.jar, locator: jarinjar]
[207月2026 16:41:14.393] [main/INFO] [net.neoforged.fml.loading.moddiscovery.ModDiscoverer/SCAN]: Found library file "common-io-3.12.0.jar" [parent: yet-another-config-lib-3.6.6+1.21.1-neoforge.jar, locator: jarinjar]
[207月2026 16:41:14.393] [main/INFO] [net.neoforged.fml.loading.moddiscovery.ModDiscoverer/SCAN]: Found mod file "fabric-loot-api-v2-3.0.15+a3ee712d19.jar" [parent: forgified-fabric-api-0.115.6+2.1.0+1.21.1.jar, locator: jarinjar, reader: mod manifest]
[207月2026 16:41:14.393] [main/INFO] [net.neoforged.fml.loading.moddiscovery.ModDiscoverer/SCAN]: Found gamelibrary file "mixinsquared-forge-0.3.3.jar" [parent: [锦致装饰] supplementaries-neoforge-1.21.1-3.8.2.jar, locator: jarinjar, reader: mod manifest]
[207月2026 16:41:14.393] [main/INFO] [net.neoforged.fml.loading.moddiscovery.ModDiscoverer/SCAN]: Found mod file "conditional-mixin-neoforge-0.6.4.jar" [parent: [机械动力：附魔工业] create-enchantment-industry-2.5.0-preview-alpha1.jar, locator: jarinjar, reader: mod manifest]
[207月2026 16:41:14.393] [main/INFO] [net.neoforged.fml.loading.moddiscovery.ModDiscoverer/SCAN]: Found mod file "fabric-loot-api-v3-1.0.3+333dfad919.jar" [parent: forgified-fabric-api-0.115.6+2.1.0+1.21.1.jar, locator: jarinjar, reader: mod manifest]
[207月2026 16:41:14.393] [main/INFO] [net.neoforged.fml.loading.moddiscovery.ModDiscoverer/SCAN]: Found mod file "TRansition-1.0.21-1.21.1-neoforge-SNAPSHOT.jar" [parent: [3D 皮肤层] skinlayers3d-neoforge-1.11.2-mc1.21.1.jar, locator: jarinjar, reader: mod manifest]
[207月2026 16:41:14.393] [main/INFO] [net.neoforged.fml.loading.moddiscovery.ModDiscoverer/SCAN]: Found library file "imageio-webp-3.12.0.jar" [parent: yet-another-config-lib-3.6.6+1.21.1-neoforge.jar, locator: jarinjar]
[207月2026 16:41:14.393] [main/INFO] [net.neoforged.fml.loading.moddiscovery.ModDiscoverer/SCAN]: Found mod file "flightlib-neoforge-3.2.1.jar" [parent: [机械动力：喷气背包] create_jetpack-forge-5.1.2.jar, locator: jarinjar, reader: mod manifest]
[207月2026 16:41:14.393] [main/INFO] [net.neoforged.fml.loading.moddiscovery.ModDiscoverer/SCAN]: Found mod file "fabric-networking-api-v1-4.3.1+30a980d919.jar" [parent: forgified-fabric-api-0.116.14+2.3.0+1.21.1.jar, locator: jarinjar, reader: mod manifest]
[207月2026 16:41:14.393] [main/INFO] [net.neoforged.fml.loading.moddiscovery.ModDiscoverer/SCAN]: Found library file "kotlinx-serialization-core-jvm-1.11.0.jar" [parent: kotlinforforge-5.12.0-all.jar, locator: jarinjar]
[207月2026 16:41:14.393] [main/INFO] [net.neoforged.fml.loading.moddiscovery.ModDiscoverer/SCAN]: Found library file "auto-service-1.0.jar" [parent: configurable-3.5.2+1.21.1-neoforge.jar, locator: jarinjar]
[207月2026 16:41:14.393] [main/INFO] [net.neoforged.fml.loading.moddiscovery.ModDiscoverer/SCAN]: Found gamelibrary file "Registrate-MC1.21-1.3.0+67.jar" [parent: [机械动力] create-1.21.1-6.0.10.jar, locator: jarinjar, reader: mod manifest]
[207月2026 16:41:14.393] [main/INFO] [net.neoforged.fml.loading.moddiscovery.ModDiscoverer/SCAN]: Found library file "japng-0.5.3.jar" [parent: fancymenu_neoforge_3.9.8_MC_1.21.1.jar, locator: jarinjar]
[207月2026 16:41:14.393] [main/INFO] [net.neoforged.fml.loading.moddiscovery.ModDiscoverer/SCAN]: Found mod file "create_factory_abstractions-1.21.1-1.4.9.jar" [parent: cmpackagecouriers-neoforge-2.3.0.jar, locator: jarinjar, reader: mod manifest]
[207月2026 16:41:14.393] [main/INFO] [net.neoforged.fml.loading.moddiscovery.ModDiscoverer/SCAN]: Found mod file "fabric-lifecycle-events-v1-2.6.0+e40d8add19.jar" [parent: forgified-fabric-api-0.116.14+2.3.0+1.21.1.jar, locator: jarinjar, reader: mod manifest]
[207月2026 16:41:14.393] [main/INFO] [net.neoforged.fml.loading.moddiscovery.ModDiscoverer/SCAN]: Found library file "imageio-core-3.12.0.jar" [parent: yet-another-config-lib-3.6.6+1.21.1-neoforge.jar, locator: jarinjar]
[207月2026 16:41:14.393] [main/INFO] [net.neoforged.fml.loading.moddiscovery.ModDiscoverer/SCAN]: Found mod file "percale-neoforge-1.0.0-beta.1.jar" [parent: kambrik-neoforge-8.0.0-beta.2.jar, locator: jarinjar, reader: mod manifest]
[207月2026 16:41:14.393] [main/INFO] [net.neoforged.fml.loading.moddiscovery.ModDiscoverer/SCAN]: Found mod file "fabric-key-binding-api-v1-1.0.47+62cc7ce119.jar" [parent: forgified-fabric-api-0.115.6+2.1.0+1.21.1.jar, locator: jarinjar, reader: mod manifest]
[207月2026 16:41:14.393] [main/INFO] [net.neoforged.fml.loading.moddiscovery.ModDiscoverer/SCAN]: Found mod file "fabric-client-tags-api-v1-1.2.0+5adff2d719.jar" [parent: forgified-fabric-api-0.116.14+2.3.0+1.21.1.jar, locator: jarinjar, reader: mod manifest]
[207月2026 16:41:14.393] [main/INFO] [net.neoforged.fml.loading.moddiscovery.ModDiscoverer/SCAN]: Found mod file "esl-neoforge-1.21.1-1.0.3+neoforge-mc1.21.1.jar" [parent: [机械动力：电气时代] create-new-age-1.2.0+neoforge-mc1.21.1.jar, locator: jarinjar, reader: mod manifest]
[207月2026 16:41:14.393] [main/INFO] [net.neoforged.fml.loading.moddiscovery.ModDiscoverer/SCAN]: Found mod file "fabric-transfer-api-v1-5.4.4+6244b11119.jar" [parent: forgified-fabric-api-0.116.14+2.3.0+1.21.1.jar, locator: jarinjar, reader: mod manifest]
[207月2026 16:41:14.393] [main/INFO] [net.neoforged.fml.loading.moddiscovery.ModDiscoverer/SCAN]: Found library file "dazzleconf-ext-snakeyaml-1.3.0-M2.jar" [parent: servercore-neoforge-1.5.19+1.21.1.jar, locator: jarinjar]
[207月2026 16:41:14.393] [main/INFO] [net.neoforged.fml.loading.moddiscovery.ModDiscoverer/SCAN]: Found library file "luaj-core-3.0.8-figura.jar" [parent: fragmentum-neoforge-1.21.1-2.2.4.jar, locator: jarinjar]
[207月2026 16:41:14.393] [main/INFO] [net.neoforged.fml.loading.moddiscovery.ModDiscoverer/SCAN]: Found mod file "compat_manager-1.21.1-1.0.7.jar" [parent: deployer-0.1.2.jar, locator: jarinjar, reader: mod manifest]
[207月2026 16:41:14.393] [main/INFO] [net.neoforged.fml.loading.moddiscovery.ModDiscoverer/SCAN]: Found library file "jankson-0.1.5.1.jar" [parent: owo-lib-neoforge-0.12.15.5-beta.1+1.21.jar, locator: jarinjar]
[207月2026 16:41:14.393] [main/INFO] [net.neoforged.fml.loading.moddiscovery.ModDiscoverer/SCAN]: Found mod file "de.mari_023.ae2wtlib_api-19.5.1.jar" [parent: [AE2无线终端] ae2wtlib-19.5.1.jar, locator: jarinjar, reader: mod manifest]
[207月2026 16:41:14.393] [main/INFO] [net.neoforged.fml.loading.moddiscovery.ModDiscoverer/SCAN]: Found library file "json5-java-3.0.0.jar" [parent: apollib-1.1.5-neoforge-21.1.jar, locator: jarinjar]
[207月2026 16:41:14.393] [main/INFO] [net.neoforged.fml.loading.moddiscovery.ModDiscoverer/SCAN]: Found library file "net.neoforged.neoforge-coremods-21.1.240.jar" [parent: neoforge-21.1.240-universal.jar, locator: jarinjar, reader: mod manifest]
[207月2026 16:41:14.393] [main/INFO] [net.neoforged.fml.loading.moddiscovery.ModDiscoverer/SCAN]: Found mod file "fabric-model-loading-api-v1-2.1.0+6e8f52c719.jar" [parent: forgified-fabric-api-0.116.14+2.3.0+1.21.1.jar, locator: jarinjar, reader: mod manifest]
[207月2026 16:41:14.393] [main/INFO] [net.neoforged.fml.loading.moddiscovery.ModDiscoverer/SCAN]: Found library file "mae-1.1.2.jar" [parent: simplebedrockmodel-2.2.1-neoforge+mc1.21.1.jar, locator: jarinjar]
[207月2026 16:41:14.393] [main/INFO] [net.neoforged.fml.loading.moddiscovery.ModDiscoverer/SCAN]: Found mod file "dev.eriksonn.aeronautics.aeronautics-neoforge-1.21.1-1.3.0.jar" [parent: [机械动力：航空学] create-aeronautics-bundled-1.21.1-1.3.0.jar, locator: jarinjar, reader: mod manifest]
[207月2026 16:41:14.393] [main/INFO] [net.neoforged.fml.loading.moddiscovery.ModDiscoverer/SCAN]: Found mod file "xaerolib-neoforge-1.21.1-1.7.1.jar" [parent: [Xaero的世界地图] xaeroworldmap-neoforge-1.21.1-1.44.2.jar, locator: jarinjar, reader: mod manifest]
[207月2026 16:41:14.393] [main/INFO] [net.neoforged.fml.loading.moddiscovery.ModDiscoverer/SCAN]: Found mod file "fabric-screen-handler-api-v1-1.3.91+8dbc56dd19.jar" [parent: forgified-fabric-api-0.116.14+2.3.0+1.21.1.jar, locator: jarinjar, reader: mod manifest]
[207月2026 16:41:14.393] [main/INFO] [net.neoforged.fml.loading.moddiscovery.ModDiscoverer/SCAN]: Found mod file "fabric-resource-loader-v0-1.3.1+4ea8954419.jar" [parent: forgified-fabric-api-0.115.6+2.1.0+1.21.1.jar, locator: jarinjar, reader: mod manifest]
[207月2026 16:41:14.393] [main/INFO] [net.neoforged.fml.loading.moddiscovery.ModDiscoverer/SCAN]: Found mod file "TRender-1.0.15-1.21.1-neoforge-SNAPSHOT.jar" [parent: [实体渲染机制优化] entityculling-neoforge-1.10.5-mc1.21.1.jar, locator: jarinjar, reader: mod manifest]
[207月2026 16:41:14.393] [main/INFO] [net.neoforged.fml.loading.moddiscovery.ModDiscoverer/SCAN]: Found mod file "fabric-rendering-v1-5.1.0+1a09bd5a19.jar" [parent: forgified-fabric-api-0.116.14+2.3.0+1.21.1.jar, locator: jarinjar, reader: mod manifest]
[207月2026 16:41:14.393] [main/INFO] [net.neoforged.fml.loading.moddiscovery.ModDiscoverer/SCAN]: Found mod file "libbamboo-2.25+1.21.1-neoforge.jar" [parent: [动态准星] dynamiccrosshair-9.11+1.21.1-neoforge.jar, locator: jarinjar, reader: mod manifest]
[207月2026 16:41:14.393] [main/INFO] [net.neoforged.fml.loading.moddiscovery.ModDiscoverer/SCAN]: Found mod file "fabric-renderer-indigo-1.7.1+9125b6dc19.jar" [parent: forgified-fabric-api-0.116.14+2.3.0+1.21.1.jar, locator: jarinjar, reader: mod manifest]
[207月2026 16:41:14.393] [main/INFO] [net.neoforged.fml.loading.moddiscovery.ModDiscoverer/SCAN]: Found library file "yabn-1.0.3.jar" [parent: resourcefullib-neoforge-1.21-3.0.12.jar, locator: jarinjar]
[207月2026 16:41:14.394] [main/INFO] [net.neoforged.fml.loading.moddiscovery.ModDiscoverer/SCAN]: Found library file "kotlinx-coroutines-jdk8-1.11.0.jar" [parent: kotlinforforge-5.12.0-all.jar, locator: jarinjar]
[207月2026 16:41:14.394] [main/INFO] [net.neoforged.fml.loading.moddiscovery.ModDiscoverer/SCAN]: Found library file "battery-2.0.0.jar" [parent: [动态 FPS] dynamic-fps-3.11.4+minecraft-1.21.0-neoforge.jar, locator: jarinjar]
[207月2026 16:41:14.394] [main/INFO] [net.neoforged.fml.loading.moddiscovery.ModDiscoverer/SCAN]: Found library file "molang-compiler-3.1.1.19.jar" [parent: veil-neoforge-1.21.1-4.1.4.jar, locator: jarinjar]
[207月2026 16:41:14.394] [main/INFO] [net.neoforged.fml.loading.moddiscovery.ModDiscoverer/SCAN]: Found mod file "fabric-particles-v1-4.0.2+824f924c19.jar" [parent: forgified-fabric-api-0.116.14+2.3.0+1.21.1.jar, locator: jarinjar, reader: mod manifest]
[207月2026 16:41:14.394] [main/INFO] [net.neoforged.fml.loading.moddiscovery.ModDiscoverer/SCAN]: Found library file "animated-gif-lib-for-java-animated-gif-lib-1.7.jar" [parent: fancymenu_neoforge_3.9.8_MC_1.21.1.jar, locator: jarinjar]
[207月2026 16:41:14.394] [main/INFO] [net.neoforged.fml.loading.moddiscovery.ModDiscoverer/SCAN]: Found library file "common-image-3.12.0.jar" [parent: yet-another-config-lib-3.6.6+1.21.1-neoforge.jar, locator: jarinjar]
[207月2026 16:41:14.394] [main/INFO] [net.neoforged.fml.loading.moddiscovery.ModDiscoverer/SCAN]: Found mod file "fabric-transitive-access-wideners-v1-6.2.0+6c854b6f19.jar" [parent: forgified-fabric-api-0.115.6+2.1.0+1.21.1.jar, locator: jarinjar, reader: mod manifest]
[207月2026 16:41:14.394] [main/INFO] [net.neoforged.fml.loading.moddiscovery.ModDiscoverer/SCAN]: Found mod file "dev.ryanhcode.offroad.offroad-neoforge-1.21.1-1.3.0.jar" [parent: [机械动力：航空学] create-aeronautics-bundled-1.21.1-1.3.0.jar, locator: jarinjar, reader: mod manifest]
[207月2026 16:41:14.394] [main/INFO] [net.neoforged.fml.loading.moddiscovery.ModDiscoverer/SCAN]: Found library file "jankson-1.2.3.jar" [parent: cristellib-neoforge-1.21.1-3.1.7.jar, locator: jarinjar]
[207月2026 16:41:14.394] [main/INFO] [net.neoforged.fml.loading.moddiscovery.ModDiscoverer/SCAN]: Found library file "gson-0.1.5.1.jar" [parent: owo-lib-neoforge-0.12.15.5-beta.1+1.21.jar, locator: jarinjar]
[207月2026 16:41:14.394] [main/INFO] [net.neoforged.fml.loading.moddiscovery.ModDiscoverer/SCAN]: Found mod file "fabric-blockrenderlayer-v1-1.1.52+c290471319.jar" [parent: forgified-fabric-api-0.116.14+2.3.0+1.21.1.jar, locator: jarinjar, reader: mod manifest]
[207月2026 16:41:14.394] [main/INFO] [net.neoforged.fml.loading.moddiscovery.ModDiscoverer/SCAN]: Found mod file "l2harvester-3.0.0.jar" [parent: [果园乐事] fruitsdelight-1.2.14.jar, locator: jarinjar, reader: mod manifest]
[207月2026 16:41:14.394] [main/INFO] [net.neoforged.fml.loading.moddiscovery.ModDiscoverer/SCAN]: Found mod file "fabric-block-api-v1-1.1.0+b0c22bb819.jar" [parent: forgified-fabric-api-0.116.14+2.3.0+1.21.1.jar, locator: jarinjar, reader: mod manifest]
[207月2026 16:41:14.394] [main/INFO] [net.neoforged.fml.loading.moddiscovery.ModDiscoverer/SCAN]: Found library file "thedarkcolour.kfflang-5.12.0.jar" [parent: kotlinforforge-5.12.0-all.jar, locator: jarinjar, reader: mod manifest]
[207月2026 16:41:14.394] [main/INFO] [net.neoforged.fml.loading.moddiscovery.ModDiscoverer/SCAN]: Found mod file "spectrelib-neoforge-0.17.2+1.21.jar" [parent: [不死图腾插槽／不死图腾槽位] charmofundying-neoforge-9.1.0+1.21.1.jar, locator: jarinjar, reader: mod manifest]
[207月2026 16:41:14.394] [main/INFO] [net.neoforged.fml.loading.moddiscovery.ModDiscoverer/SCAN]: Found gamelibrary file "thedarkcolour.kfflib-5.12.0.jar" [parent: kotlinforforge-5.12.0-all.jar, locator: jarinjar, reader: mod manifest]
[207月2026 16:41:14.394] [main/INFO] [net.neoforged.fml.loading.moddiscovery.ModDiscoverer/SCAN]: Found mod file "fabric-resource-conditions-api-v1-4.3.0+5bdd099819.jar" [parent: forgified-fabric-api-0.115.6+2.1.0+1.21.1.jar, locator: jarinjar, reader: mod manifest]
[207月2026 16:41:14.394] [main/INFO] [net.neoforged.fml.loading.moddiscovery.ModDiscoverer/SCAN]: Found library file "luaj-jse-3.0.8-figura.jar" [parent: fragmentum-neoforge-1.21.1-2.2.4.jar, locator: jarinjar]
[207月2026 16:41:14.394] [main/INFO] [net.neoforged.fml.loading.moddiscovery.ModDiscoverer/SCAN]: Found library file "glsl-transformer-3.0.0-pre3.jar" [parent: iris-neoforge-1.8.14-beta.1+mc1.21.1.jar, locator: jarinjar]
[207月2026 16:41:14.394] [main/INFO] [net.neoforged.fml.loading.moddiscovery.ModDiscoverer/SCAN]: Found library file "javaparser-symbol-solver-core-3.24.8.jar" [parent: ProbeJS-8.0.3.jar, locator: jarinjar]
[207月2026 16:41:14.394] [main/INFO] [net.neoforged.fml.loading.moddiscovery.ModDiscoverer/SCAN]: Found mod file "thedarkcolour.kffmod-5.12.0.jar" [parent: kotlinforforge-5.12.0-all.jar, locator: jarinjar, reader: mod manifest]
[207月2026 16:41:14.394] [main/INFO] [net.neoforged.fml.loading.moddiscovery.ModDiscoverer/SCAN]: Found library file "gson-0.3.1.jar" [parent: configurable-3.5.2+1.21.1-neoforge.jar, locator: jarinjar]
[207月2026 16:41:14.394] [main/INFO] [net.neoforged.fml.loading.moddiscovery.ModDiscoverer/SCAN]: Found library file "kotlin-reflect-2.4.0.jar" [parent: kotlinforforge-5.12.0-all.jar, locator: jarinjar]
[207月2026 16:41:14.394] [main/INFO] [net.neoforged.fml.loading.moddiscovery.ModDiscoverer/SCAN]: Found mod file "sable-companion-common-1.21.1-1.6.0.jar" [parent: [锦致装饰] supplementaries-neoforge-1.21.1-3.8.2.jar, locator: jarinjar, reader: mod manifest]
[207月2026 16:41:14.394] [main/INFO] [net.neoforged.fml.loading.moddiscovery.ModDiscoverer/SCAN]: Found mod file "neoforge.jar" [parent: iris-flywheel-compat-NeoForge-2.4.0.jar, locator: jarinjar, reader: mod manifest]
[207月2026 16:41:14.394] [main/INFO] [net.neoforged.fml.loading.moddiscovery.ModDiscoverer/SCAN]: Found library file "velocity-native-3.4.0-SNAPSHOT.jar" [parent: krypton_fnp-neoforge-1.21.1-0.2.28.1-1.21.1.jar, locator: jarinjar]
[207月2026 16:41:14.394] [main/INFO] [net.neoforged.fml.loading.moddiscovery.ModDiscoverer/SCAN]: Found mod file "fabric-item-group-api-v1-4.1.7+e324903319.jar" [parent: forgified-fabric-api-0.115.6+2.1.0+1.21.1.jar, locator: jarinjar, reader: mod manifest]
[207月2026 16:41:14.394] [main/INFO] [net.neoforged.fml.loading.moddiscovery.ModDiscoverer/SCAN]: Found library file "yoga-1.0.0.jar" [parent: ldlib2-neoforge-1.21.1-2.2.29-all.jar, locator: jarinjar]
[207月2026 16:41:14.394] [main/INFO] [net.neoforged.fml.loading.moddiscovery.ModDiscoverer/SCAN]: Found mod file "greenhouseconfig_night_config-1.1.0.jar" [parent: greenhouseconfig_toml-1.1.0.jar, locator: jarinjar, reader: mod manifest]
[207月2026 16:41:14.394] [main/INFO] [net.neoforged.fml.loading.moddiscovery.ModDiscoverer/SCAN]: Found mod file "fabric-gametest-api-v1-2.0.5+29f188ce19.jar" [parent: forgified-fabric-api-0.115.6+2.1.0+1.21.1.jar, locator: jarinjar, reader: mod manifest]
[207月2026 16:41:14.394] [main/INFO] [net.neoforged.fml.loading.moddiscovery.ModDiscoverer/SCAN]: Found mod file "l2core-3.0.8+16.jar" [parent: [果园乐事] fruitsdelight-1.2.14.jar, locator: jarinjar, reader: mod manifest]
[207月2026 16:41:14.394] [main/INFO] [net.neoforged.fml.loading.moddiscovery.ModDiscoverer/SCAN]: Found mod file "fabric-biome-api-v1-13.0.31+1e62d33c19.jar" [parent: forgified-fabric-api-0.115.6+2.1.0+1.21.1.jar, locator: jarinjar, reader: mod manifest]
[207月2026 16:41:14.394] [main/INFO] [net.neoforged.fml.loading.moddiscovery.ModDiscoverer/SCAN]: Found library file "json-0.3.1.jar" [parent: configurable-3.5.2+1.21.1-neoforge.jar, locator: jarinjar]
[207月2026 16:41:14.394] [main/INFO] [net.neoforged.fml.loading.moddiscovery.ModDiscoverer/SCAN]: Found mod file "fabric-registry-sync-v0-5.3.2+f9aace1619.jar" [parent: forgified-fabric-api-0.116.14+2.3.0+1.21.1.jar, locator: jarinjar, reader: mod manifest]
[207月2026 16:41:14.394] [main/INFO] [net.neoforged.fml.loading.moddiscovery.ModDiscoverer/SCAN]: Found mod file "better-advanced-tooltips-2101.1.0-build.1.jar" [parent: kubejs-neoforge-2101.7.2-build.368.jar, locator: jarinjar, reader: mod manifest]
[207月2026 16:41:14.394] [main/INFO] [net.neoforged.fml.loading.moddiscovery.ModDiscoverer/SCAN]: Found mod file "fabric-recipe-api-v1-5.0.16+59440bcc19.jar" [parent: forgified-fabric-api-0.116.14+2.3.0+1.21.1.jar, locator: jarinjar, reader: mod manifest]
[207月2026 16:41:14.394] [main/INFO] [net.neoforged.fml.loading.moddiscovery.ModDiscoverer/SCAN]: Found library file "s.tf-asm-4.8.3345.jar" [parent: [暮色森林] twilightforest-1.21.1-4.8.3345-universal.jar, locator: jarinjar, reader: mod manifest]
[207月2026 16:41:14.394] [main/INFO] [net.neoforged.fml.loading.moddiscovery.ModDiscoverer/SCAN]: Found mod file "fabric-object-builder-api-v1-15.2.1+cc242efd19.jar" [parent: forgified-fabric-api-0.116.14+2.3.0+1.21.1.jar, locator: jarinjar, reader: mod manifest]
[207月2026 16:41:14.394] [main/INFO] [net.neoforged.fml.loading.moddiscovery.ModDiscoverer/SCAN]: Found gamelibrary file "mochafloats-4.1.0.jar" [parent: PlayerAnimationLibNeoforge-1.1.5+mc.1.21.1.jar, locator: jarinjar, reader: mod manifest]
[207月2026 16:41:14.395] [main/INFO] [net.neoforged.fml.loading.moddiscovery.ModDiscoverer/SCAN]: Found mod file "fabric-sound-api-v1-1.0.23+10b84f8419.jar" [parent: forgified-fabric-api-0.116.14+2.3.0+1.21.1.jar, locator: jarinjar, reader: mod manifest]
[207月2026 16:41:14.395] [main/INFO] [net.neoforged.fml.loading.moddiscovery.ModDiscoverer/SCAN]: Found mod file "fabric-message-api-v1-6.0.14+6a754fce19.jar" [parent: forgified-fabric-api-0.116.14+2.3.0+1.21.1.jar, locator: jarinjar, reader: mod manifest]
[207月2026 16:41:14.395] [main/INFO] [net.neoforged.fml.loading.moddiscovery.ModDiscoverer/SCAN]: Found mod file "expandability-neoforge-12.0.0.jar" [parent: [奇异饰品] artifacts-neoforge-13.2.1.jar, locator: jarinjar, reader: mod manifest]
[207月2026 16:41:14.395] [main/INFO] [net.neoforged.fml.loading.moddiscovery.ModDiscoverer/SCAN]: Found library file "tiny-java-server-1.0.0-build.33.jar" [parent: kubejs-neoforge-2101.7.2-build.368.jar, locator: jarinjar]
[207月2026 16:41:14.395] [main/INFO] [net.neoforged.fml.loading.moddiscovery.ModDiscoverer/SCAN]: Found library file "common-lang-3.12.0.jar" [parent: yet-another-config-lib-3.6.6+1.21.1-neoforge.jar, locator: jarinjar]
[207月2026 16:41:14.395] [main/INFO] [net.neoforged.fml.loading.moddiscovery.ModDiscoverer/SCAN]: Found mod file "fabric-data-generation-api-v1-20.3.0+3e2bcb4b19.jar" [parent: forgified-fabric-api-0.116.14+2.3.0+1.21.1.jar, locator: jarinjar, reader: mod manifest]
[207月2026 16:41:14.395] [main/INFO] [net.neoforged.fml.loading.moddiscovery.ModDiscoverer/SCAN]: Found mod file "fabric-tag-api-v1-1.3.0+3e2bcb4b19.jar" [parent: forgified-fabric-api-0.116.14+2.3.0+1.21.1.jar, locator: jarinjar, reader: mod manifest]
[207月2026 16:41:14.395] [main/INFO] [net.neoforged.fml.loading.moddiscovery.ModDiscoverer/SCAN]: Found library file "lunar-1.7.3.jar" [parent: OELib-neoforge-1.21.1-0.2.3.jar, locator: jarinjar]
[207月2026 16:41:14.395] [main/INFO] [net.neoforged.fml.loading.moddiscovery.ModDiscoverer/SCAN]: Found mod file "fabric-events-interaction-v0-0.7.14+86e0887119.jar" [parent: forgified-fabric-api-0.116.14+2.3.0+1.21.1.jar, locator: jarinjar, reader: mod manifest]
[207月2026 16:41:14.395] [main/INFO] [net.neoforged.fml.loading.moddiscovery.ModDiscoverer/SCAN]: Found library file "zstd-jni-1.5.7-7.jar" [parent: zstdnet-1.21.1-neoforge-1.4.7.jar, locator: jarinjar]
[207月2026 16:41:15.191] [main/INFO] [org.sinytra.connector.locator.FabricModsDiscoverer/SCAN]: Fabric mod metadata not found in jar kotlinforforge.all, ignoring
[207月2026 16:41:15.473] [main/INFO] [org.sinytra.connector.locator.DependencyResolver/]: Dependency resolution found 1 candidates to load
[207月2026 16:41:15.829] [main/INFO] [net.neoforged.fml.loading.moddiscovery.ModDiscoverer/SCAN]: Found mod file "continuity-3.0.0+1.21.neoforge_mapped_moj_1.21.1.jar" [locator: org.sinytra.connector.locator.ConnectorLocator@1b6924cb]
[207月2026 16:41:15.843] [main/INFO] [net.neoforged.fml.loading.moddiscovery.locators.JarInJarDependencyLocator/]: Found 2 dependencies adding them to mods collection
[207月2026 16:41:15.843] [main/INFO] [net.neoforged.fml.loading.moddiscovery.ModDiscoverer/SCAN]: Found mod file "org.sinytra.connector-2.0.0-beta.15+1.21.1-mod.jar" [parent: , locator: org.sinytra.connector.locator.ConnectorLocator@1b6924cb, reader: mod manifest]
[207月2026 16:41:15.843] [main/INFO] [net.neoforged.fml.loading.moddiscovery.ModDiscoverer/SCAN]: Found gamelibrary file "runtime-1.0.0+1.21.1.jar" [parent: , locator: org.sinytra.connector.locator.ConnectorLocator@1b6924cb, reader: mod manifest]
[207月2026 16:41:15.848] [main/INFO] [net.neoforged.fml.loading.moddiscovery.ModDiscoverer/]: 
     Mod List:
		Name Version (Mod Id)

		 Cave's Delight 1.4.0-snapshot-1.1 (cavesdelight)
		0World2Create 1.0.0 (oworld2create)
		3d-Skin-Layers 1.11.2 (skinlayers3d)
		[Let's Do] Brewery 2.1.9 (brewery)
		[Let's Do] Farm & Charm 1.1.22 (farm_and_charm)
		[Let's Do] HerbalBrews 1.1.3 (herbalbrews)
		[Let's Do] Vinery 1.5.3 (vinery)
		Abnormals Delight 6.0.2 (abnormals_delight)
		Accelerated Rendering 1.0.14-1.21.1-alpha (acceleratedrendering)
		Accessories 1.1.0-beta.53+1.21.1 (accessories)
		AdvancedLootInfo 1.12.0 (ali)
		Advancement Plaques 1.6.8 (advancementplaques)
		AE Omni Cells 1.1.6 (ae2omnicells)
		AE2CraftingTreeRefreshed 1.0.1 (ae2ct)
		AE2NetworkAnalyzer 1.21-2.1.5-neoforge (ae2netanalyser)
		AE2WTLib 19.5.1 (ae2wtlib)
		AE2WTLib API 19.5.1 (ae2wtlib_api)
		Aeronautics display link fix 1.3 (aeronautics_display_link_fix)
		Alex's Caves 2.0.10 (alexscaves)
		Alexs Delight 1.6 (alexsdelight)
		Always Eat 1.0.0 (always_eat)
		Amendments 1.21-2.1.7 (amendments)
		Apollib 1.1.5 (apollib)
		Apothic Attributes 2.9.1 (apothic_attributes)
		AppleSkin 3.0.9+mc1.21 (appleskin)
		Applied Create 1.1.6 (appliedcreate)
		Applied Energistics 2 19.2.17 (ae2)
		Architectury 13.0.8 (architectury)
		Artifacts 13.2.1 (artifacts)
		Athena 4.0.6 (athena)
		Atmosphere 1.0.14 (atmosphere)
		AttributeFix 21.1.3 (attributefix)
		Azimuth 1.4.1 (azimuth)
		Bakeries 1.21.1-NeoForge-1.0.1 (bakeries)
		Balm 21.0.63 (balm)
		Barbeque's Delight 1.3.0 (barbequesdelight)
		BCLib 21.0.22 (bclib)
		Better Advanced Tooltips 2101.1.0-build.1 (betteradvancedtooltips)
		Better Advancements 0.4.3.21 (betteradvancements)
		Better Combat 2.4.0+1.21.1 (bettercombat)
		Better Compatibility Checker 21.1.8 (bcc)
		Better End 21.0.26 (betterend)
		BetterEndCities-BetterEnd-1.21 1.21 (betterendcities_betterend_1_21)
		Biolith 3.0.10 (biolith)
		Biome Replacer 3.1-hippo (biome_replacer)
		BiomeSpy 1.3.3 (biomespy)
		Blueprint 8.1.1 (blueprint)
		Bookshelf 21.1.81 (bookshelf)
		Bountiful 8.0.0-beta.2 (bountiful)
		Brandon's Core 3.2.1.309 (brandonscore)
		Brewin' And Chewin' 4.5.0 (brewinandchewin)
		Butchercraft 2.6.5 (butchercraft)
		Caelus API 7.0.1+1.21.1 (caelus)
		Carry On 2.2.5 (carryon)
		CasualnessDelight 0.6 (casualnessdelight)
		Catalogue 1.11.2 (catalogue)
		Certain Questing Additions 1.2.0.3 (certain_questing_additions)
		Charm of Undying 9.1.0+1.21.1 (charmofundying)
		Chat Heads 0.15.2 (chat_heads)
		Chefs Delight 1.0.5 (chefsdelight)
		Citadel 2.7.6 (citadel)
		Cloth Config v15 API 15.0.140 (cloth_config)
		Clumps 19.0.0.1 (clumps)
		CobbleForDays 1.0.0 (cobblefordays)
		Cobweb 1.4.0 (cobweb)
		CodeChicken Lib 4.6.1.526 (codechickenlib)
		CodecUI 1.21.1-1.2.4 (codecui)
		Colorful Hearts 10.5.9 (colorfulhearts)
		Comforts 9.0.5+1.21.1 (comforts)
		Compat Manager 1.0.7 (compat_manager)
		conditional mixin 0.6.4 (conditional_mixin)
		Configurable 3.5.2 (configurable)
		Configured 2.6.3 (configured)
		Construction Wand KOTS 2.16.9 (constructionwand)
		Continuity 3.0.0_1.21.neoforge (continuity)
		Controlling 19.0.5 (controlling)
		Corn Delight 1.2.10-1.21.1 (corn_delight)
		CoroUtil 1.21.0-1.3.9 (coroutil)
		CosmeticArmorReworked 1.21.1-v1-neoforge (cosmeticarmorreworked)
		Crabber's Delight 1.2.6 (crabbersdelight)
		Crate Delight 26.07.01-1.21-neoforge (cratedelight)
		Create 6.0.10 (create)
		Create Aeronautics 1.3.0 (aeronautics_bundled)
		Create Aeronautics 1.3.0 (aeronautics)
		Create Aeronautics Curios Compat 2.0 (aeronautics_curios_compat)
		Create Aeronautics: Toolgun 0.2.3 (create_aeronautics_toolgun)
		Create Aeronautics: Transmission & Linkage 0.2.5 (aeronautics_utility_objects)
		Create Better Storages 1.1.0-1.21.1 (create_bs)
		Create Big Cannons 5.11.7 (createbigcannons)
		Create Bits 'n' Bobs 2.1.11-beta (bits_n_bobs)
		Create Cafe 1.4.3 (createcafe)
		Create Confectionery 1.1.3. (create_confectionery)
		Create Crafts & Additions 1.6.0 (createaddition)
		Create Deco 2.1.3 (createdeco)
		Create Deep Seas 2.2.4 (create_submarine)
		Create Diesel Generators 1.21.1-1.3.14 (createdieselgenerators)
		Create Ender Transmission 2.1.1-1.21.1 (createendertransmission)
		Create Factory Abstractions 1.4.9 (create_factory_abstractions)
		Create Jetpack 5.1.2 (create_jetpack)
		Create Liquid Fuel 2.1.1-1.21.1 (createliquidfuel)
		Create Mechanical Extruder 1.21.1-2.2.1-6.0.10 (create_mechanical_extruder)
		Create Metallurgy 1.0.3 (createmetallurgy)
		Create More Recipes 1.2.1-fix1 (cmr)
		Create More: Package Couriers 2.3.0 (cmpackagecouriers)
		Create Nuclear 1.3.2-beta.3 (createnuclear)
		Create Offroad 1.3.0 (offroad)
		Create Ore Excavation 1.6.8 (createoreexcavation)
		Create Propulsion: Simulated 1.1.4 (createpropulsion)
		Create Railways Navigator 1.21.1-beta-0.9.1-C6 (createrailwaysnavigator)
		Create Sifter 1.21.1-2.2.2 (createsifter)
		Create Simulated 1.3.0 (simulated)
		Create Slice & Dice 4.3.2 (sliceanddice)
		Create Stock Bridge 0.2.0 (createstockbridge)
		Create Stuff 'N Additions 2.1.4. (create_sa)
		Create Tracks 1.0.1 (tracks)
		Create Ultimine 1.3.2 (createultimine)
		Create Utilities (Unofficial Port) 0.3.7 (createutilities)
		Create: Additional Logistics 1.4.5 (createadditionallogistics)
		Create: Aeroworks 1.3.0 (aeroworks)
		Create: Bitterballen 1.0.2C (create_bic_bit)
		Create: Central Kitchen 2.5.0 (create_central_kitchen)
		Create: Compatible Storage 2.11.0-neoforge (create_compatible_storage)
		Create: Connected 1.3.2-mc1.21.1 (create_connected)
		Create: Copycats+ 3.0.4+mc.1.21.1-neoforge (copycats)
		Create: Cyber Goggles 8.1.3 (create_cyber_goggles)
		Create: Deepfried 0.1.3C (create_deepfried)
		Create: Dragons Plus 1.11.2b (create_dragons_plus)
		Create: Enchantment Industry 2.5.0-preview-alpha1 (create_enchantment_industry)
		Create: Enhanced Schematicannon 1.0.4 (create_enhanced_schematicannon)
		Create: Extra Gauges 2.1.2 (extra_gauges)
		Create: Fantasizing Again 1.2.0-b2 (create_fantasizing)
		Create: Fast Schematic Cannon 1.4.1-neoforge (createfastschematiccannon)
		Create: Interiors 0.6.1 (interiors)
		Create: Jetpack Curios 1.2.0 (create_jetpack_curios)
		Create: Mechanical spawner 1.3.1-6.0.10 (create_mechanical_spawner)
		Create: New Age 1.2.0+mc1.21.1 (create_new_age)
		Create: Northstar Aeronautics Bridge 1.0.0 (cnbridge)
		Create: Pattern Schematics 2.0.10 (create_pattern_schematics)
		Create: Power Loader 2.0.5-mc1.21.1 (create_power_loader)
		Create: Prismatic Shine 1.2.2 (createprism)
		Create: Rustic Structures 1.0.1 (create_rustic_structures)
		Create: Simulated Additions 0.2.3 (create_simulated_additions)
		Create: Steam 'n' Rails 1.21.1 0.3.0-beta+neoforge-mc1.21.1 (railways)
		Create: Structures Arise 176.49.48 (create_structures_arise)
		Create: Transmission 1.2.1+neoforge-create6-1.21.1 (createtransmission)
		Create: Ultimate Factory 2.2.4 (create_ultimate_factory)
		Create: Vintage Improvements 1.21.1-0.0.0.5 (vintageimprovements)
		Create: Vintage NeoForged 1.21.1-1.3.7 (createvintageneoforged)
		Create:Lazy Tick 2.4.9-6.0.x (createlazytick)
		CreateBetterFps 1.1.4 (createbetterfps)
		CreateFluidStuffs 1.2.1 (createfluidstuffs)
		CreativeCore 2.13.41 (creativecore)
		Creeper Overhaul 4.0.6 (creeperoverhaul)
		Cristel Lib 3.1.7 (cristellib)
		Cuisine Delight 1.2.10 (cuisinedelight)
		CullLeaves 4.1.1 (cullleaves)
		Cultural Delights 0.17.8 (culturaldelights)
		Curios API 9.5.1+1.21.1 (curios)
		Custom Portal API ReForged 1.2.2 (cpapireforged)
		Deployer 0.1.2 (deployer)
		Detected SetBlock Be Gone 1.0 (dsbg)
		Display Delight 1.6.0 (displaydelight)
		DragonLib 1.21.1-beta-3.0.28 (dragonlib)
		Dramatic Doors 1.21.1-3.3.2 (dramaticdoors)
		Drippy Loading Screen 3.1.2 (drippyloadingscreen)
		Drive By Wire 0.3.0 (drivebywire)
		Dumpling's Delight Rewrapped 1.4.1 (dumplings_delight)
		Dungeon's Delight 1.5.0 (dungeonsdelight)
		Dynamic Crosshair 9.11 (dynamiccrosshair)
		Dynamic Crosshair API 1.2 (dynamiccrosshairapi)
		Dynamic FPS 3.11.4 (dynamic_fps)
		Dynamic Lantern 1.8.0 (dynamiclantern)
		Dynamic Lights 1.9.3+mod (dynamiclights)
		Ecliptic Seasons 0.13.9.6 (eclipticseasons)
		Elysium-API 2.0.0 (elysium_api)
		Elytra Slot 9.0.2+1.21.1 (elytraslot)
		EnchantmentDescriptions 21.1.10 (enchdesc)
		End Portal Recept 1.5.5 (end_portal_recept)
		End's Delight 2.6.1+neoforge.1.21.1 (ends_delight)
		Enhanced Boss Bars 1.0.0 (enhancedbossbars)
		EntityCulling 1.10.5 (entityculling)
		ESL 1.0.3 (esl)
		Euphoria Patcher 1.9.3-r5.8.1-neoforge (euphoria_patcher)
		ExpandAbility 12.0.0 (expandability)
		Explorer's Compass 1.21.1-3.4.0-neoforge (explorerscompass)
		ExtendedAE 1.21-2.2.29-neoforge (extendedae)
		FancyMenu 3.9.8 (fancymenu)
		Farmer's Delight 1.3.2 (farmersdelight)
		FastBoot 1.3.0 (fastboot)
		Ferrite Core 7.0.3 (ferritecore)
		Festive Delight 2.0.0 (festive_delight)
		Flight Lib 3.2.1 (flightlib)
		Flywheel 1.0.6 (flywheel)
		Forge Config API Port 21.1.6 (forgeconfigapiport)
		Forgified Fabric API 0.116.14+2.3.0+1.21.1 (fabric_api)
		Forgified Fabric API Base 0.4.42+d1308ded19 (fabric_api_base)
		Forgified Fabric API Lookup API (v1) 1.6.72+6244b11119 (fabric_api_lookup_api_v1)
		Forgified Fabric Biome API (v1) 13.0.31+1e62d33c19 (fabric_biome_api_v1)
		Forgified Fabric Block API (v1) 1.1.0+b0c22bb819 (fabric_block_api_v1)
		Forgified Fabric BlockRenderLayer Registration (v1) 1.1.52+c290471319 (fabric_blockrenderlayer_v1)
		Forgified Fabric BlockView API (v2) 1.0.10+9afaaf8c19 (fabric_block_view_api_v2)
		Forgified Fabric Client Tags 1.2.0+5adff2d719 (fabric_client_tags_api_v1)
		Forgified Fabric Command API (v2) 2.2.28+36d727be19 (fabric_command_api_v2)
		Forgified Fabric Content Registries (v0) 8.0.19+5e0d320019 (fabric_content_registries_v0)
		Forgified Fabric Convention Tags 2.1.7+7f945d5b19 (fabric_convention_tags_v1)
		Forgified Fabric Convention Tags (v2) 2.12.0+75d3639619 (fabric_convention_tags_v2)
		Forgified Fabric Data Attachment API (v1) 1.4.7+26d408aa19 (fabric_data_attachment_api_v1)
		Forgified Fabric Data Generation API (v1) 20.3.0+3e2bcb4b19 (fabric_data_generation_api_v1)
		Forgified Fabric Entity Events (v1) 1.8.0+e46a02ca19 (fabric_entity_events_v1)
		Forgified Fabric Events Interaction (v0) 0.7.14+86e0887119 (fabric_events_interaction_v0)
		Forgified Fabric Game Rule API (v1) 1.0.53+36d727be19 (fabric_game_rule_api_v1)
		Forgified Fabric Game Test API (v1) 2.0.5+29f188ce19 (fabric_gametest_api_v1)
		Forgified Fabric Item API (v1) 11.2.0+0c57911319 (fabric_item_api_v1)
		Forgified Fabric Item Group API (v1) 4.1.7+e324903319 (fabric_item_group_api_v1)
		Forgified Fabric Key Binding API (v1) 1.0.47+62cc7ce119 (fabric_key_binding_api_v1)
		Forgified Fabric Lifecycle Events (v1) 2.6.0+e40d8add19 (fabric_lifecycle_events_v1)
		Forgified Fabric Loot API (v2) 3.0.15+a3ee712d19 (fabric_loot_api_v2)
		Forgified Fabric Loot API (v3) 1.0.3+333dfad919 (fabric_loot_api_v3)
		Forgified Fabric Message API (v1) 6.0.14+6a754fce19 (fabric_message_api_v1)
		Forgified Fabric Model Loading API (v1) 2.1.0+6e8f52c719 (fabric_model_loading_api_v1)
		Forgified Fabric Networking API (v1) 4.3.1+30a980d919 (fabric_networking_api_v1)
		Forgified Fabric Object Builder API (v1) 15.2.1+cc242efd19 (fabric_object_builder_api_v1)
		Forgified Fabric Particles (v1) 4.0.2+824f924c19 (fabric_particles_v1)
		Forgified Fabric Recipe API (v1) 5.0.16+59440bcc19 (fabric_recipe_api_v1)
		Forgified Fabric Registry Sync (v0) 5.3.2+f9aace1619 (fabric_registry_sync_v0)
		Forgified Fabric Renderer - Indigo 1.7.1+9125b6dc19 (fabric_renderer_indigo)
		Forgified Fabric Renderer API (v1) 3.4.1+9125b6dc19 (fabric_renderer_api_v1)
		Forgified Fabric Rendering (v1) 5.1.0+1a09bd5a19 (fabric_rendering_v1)
		Forgified Fabric Rendering Data Attachment (v1) 0.3.48+73761d2e19 (fabric_rendering_data_attachment_v1)
		Forgified Fabric Rendering Fluids (v1) 3.1.6+a51883b219 (fabric_rendering_fluids_v1)
		Forgified Fabric Resource Conditions API (v1) 4.3.0+5bdd099819 (fabric_resource_conditions_api_v1)
		Forgified Fabric Resource Loader (v0) 1.3.1+4ea8954419 (fabric_resource_loader_v0)
		Forgified Fabric Screen API (v1) 2.0.26+b4953c7419 (fabric_screen_api_v1)
		Forgified Fabric Screen Handler API (v1) 1.3.91+8dbc56dd19 (fabric_screen_handler_api_v1)
		Forgified Fabric Sound API (v1) 1.0.23+10b84f8419 (fabric_sound_api_v1)
		Forgified Fabric Tag API (v1) 1.3.0+3e2bcb4b19 (fabric_tag_api_v1)
		Forgified Fabric Transfer API (v1) 5.4.4+6244b11119 (fabric_transfer_api_v1)
		Forgified Fabric Transitive Access Wideners (v1) 6.2.0+6c854b6f19 (fabric_transitive_access_wideners_v1)
		Fragmentum 2.2.4 (fragmentum)
		Framework 0.13.11 (framework)
		Freecam 1.3.0+mc1.21 (freecam)
		Fruits Delight 1.2.14 (fruitsdelight)
		FTB Chunks 2101.1.20 (ftbchunks)
		FTB Chunks x Xaero's Map Compat 1.1.4 (ftbxaerocompat)
		FTB Essentials 2101.1.10 (ftbessentials)
		FTB Filter System 21.1.4 (ftbfiltersystem)
		FTB Library 2101.1.33 (ftblibrary)
		FTB Quests 2101.1.27 (ftbquests)
		FTB Quests Lang Splitter 1.0.5 (ftbquestslangsplitter)
		FTB Ranks 2101.1.3 (ftbranks)
		FTB Teams 2101.1.10 (ftbteams)
		FTB Ultimine 2101.1.15 (ftbultimine)
		FTB XMod Compat 21.1.9 (ftbxmodcompat)
		Functional Storage 1.21.1-1.5.7 (functionalstorage)
		Fzzy Config 0.7.6+1.21+neoforge (fzzy_config)
		Gateways To Eternity 5.1.0 (gateways)
		GeckoLib 4 4.9.2 (geckolib)
		GeneralFeedback 1.0.0 (generalfeedback)
		GlitchCore 2.1.0.2 (glitchcore)
		Glodium 1.21-2.2-neoforge (glodium)
		Greenhouse Config 2.2.3+1.21.1 (greenhouseconfig)
		Greenhouse Config - Night Config 1.1.0 (greenhouseconfig_night_config)
		Greenhouse Config - TOML 1.1.0 (greenhouseconfig_toml)
		GuideME 21.1.17 (guideme)
		Ice And Fire Community Edition 2.1-beta.1 (iceandfire)
		Iceberg 1.3.2 (iceberg)
		IMBlocker 5.5.4 (imblocker)
		Immersive Aircraft 1.4.6+1.21.1 (immersive_aircraft)
		Immersive Melodies 0.6.4+1.21.1 (immersive_melodies)
		Immersive Paintings 0.7.8 (immersive_paintings)
		Improved Mobs Mod 1.21.1-1.15.2-neoforge (improvedmobs)
		In-Game Account Switcher 9.0.7+1.21.1-neoforge (ias)
		Industrial Platform 1.8.0 (industrial_platform)
		Integrated API 1.7.4+1.21.1-neoforge (integrated_api)
		Integrated Dungeons and Structures 1.13.7+1.21.1-neoforge (idas)
		Integrated Stronghold 1.1.4+1.21.1-neoforge (integrated_stronghold)
		Integrated Villages 1.3.3+1.21.1-neoforge (integrated_villages)
		Integration 0.2 (integration)
		Iris 1.8.14-beta.1+mc1.21.1 (iris)
		Iris Flywheel Compat 2.4.0 (irisflw)
		Item Borders 1.2.5 (itemborders)
		ItemPhysicLite 1.6.11 (itemphysiclite)
		Jade 15.10.5+neoforge (jade)
		Jade Addons 6.1.0+neoforge (jadeaddons)
		Jupiter 2.3.7 (jupiter)
		Just Enough Breeding 3.1.0 (justenoughbreeding)
		Just Enough Characters 4.5.25 (jecharacters)
		Just Enough Effects Descriptions 1.21-2.3.2 (jeed)
		Just Enough Items 19.39.0.368 (jei)
		Kaleidoscope ChineseFood 1.1.8-neoforge+1.21.1 (kaleidoscope_chinesefood)
		Kaleidoscope Compat 2.9.7-neoforge+mc1.21.1 (kaleidoscope_compat)
		Kaleidoscope Cookery 1.4.1-neoforge+mc1.21.1 (kaleidoscope_cookery)
		Kaleidoscope Doll 1.4.1-neoforge+mc1.21.1 (kaleidoscope_doll)
		Kaleidoscope End 1.0.14-neoforge+mc1.21.1 (kaleidoscope_end)
		Kaleidoscope Nether 1.1.4-neoforge+mc1.21.1 (kaleidoscope_nether)
		Kaleidoscope Tavern 1.2.0-neoforge+mc1.21.1 (kaleidoscope_tavern)
		Kaleidoscope Twilight 1.0.6-neoforge+mc1.21.1 (kaleidoscope_twilight)
		Kaleidoscope world liquor 1.1.7-neoforge+1.21.1 (kaleidoscope_world_liquor)
		KaleidoscopeCookery:Automation 1.0.2 (kaleidoscopecookery_automation)
		Kambrik 8.0.0-beta.2 (kambrik)
		Kiwi Library 15.8.7+neoforge (kiwi)
		Konkrete 1.9.9 (konkrete)
		Kotlin For Forge 5.12.0 (kotlinforforge)
		Krypton FNP 0.2.28.1-1.21.1 (krypton_fnp)
		KubeJS 2101.7.2-build.368 (kubejs)
		KubeJS Create 2101.3.1-build.18 (kubejs_create)
		KubeJSDelight 1.1.6 (kubejsdelight)
		KumaAPI 21.0.8 (kuma_api)
		L2Core 3.0.8+16 (l2core)
		L2Harvester 3.0.0 (l2harvester)
		LAN World Plug-n-Play 1.9.0 (mcwifipnp)
		LET!EM!BURN! 1.1.0 (letemburn)
		LibBamboo 2.25 (libbamboo)
		Lightman's Currency 1.21-2.3.0.5 (lightmanscurrency)
		Lightman's Currency Tech 1.21-0.2.2.7 (lctech)
		Lithium 0.15.4+mc1.21.1 (lithium)
		Lithostitched 1.7.13 (lithostitched)
		Lodestone 1.8.2 (lodestone)
		LootJS 1.21.1-3.7.0 (lootjs)
		Lootr 1.21.1-1.11.37.122 (lootr)
		LowDragLib2 2.2.29 (ldlib2)
		Luncheon Meat's Delight 1.21.1-1.0.6 (luncheonmeatsdelight)
		Maidsoul Kitchen 0.1.4 (maidsoulkitchen)
		Man of Many Planes 0.2.1+1.21.1 (man_of_many_planes)
		Mechanicals Lib 1.1.6 (mechanicals)
		MEGA Cells 4.11.0 (megacells)
		Mekanism 10.7.19 (mekanism)
		Melody 1.0.10 (melody)
		MidnightLib 1.9.3 (midnightlib)
		Minecraft 1.21.1 (minecraft)
		Miners Delight 1.4.5 (minersdelight)
		MmmMmmMmmMmm 1.21-2.0.12 (dummmmmmy)
		Moderately Enough Effect Descriptions 8.0.1 (meed)
		Modern UI 3.13.0.1 (modernui)
		ModernFix 5.27.20+mc1.21.1 (modernfix)
		Moonlight Lib 1.21.1-3.1.2 (moonlight)
		MoreJS 1.21.1-0.16.0 (morejs)
		Mouse Tweaks 2.26.1 (mousetweaks)
		MrCrayfish's Furniture Mod: Refurbished 1.0.22 (refurbished_furniture)
		Multiblocked2 21.0.10 (mbd2)
		mutil 6.3.1 (mutil)
		My Nether's Delight 1.10.2 (mynethersdelight)
		Mysterious Mountain Lib 1.2.15-1.21.1 (mysterious_mountain_lib)
		Nature's Compass 1.21.1-3.4.0-neoforge (naturescompass)
		Neapolitan 6.0.1 (neapolitan)
		Nebulus better nether overworld portals 1.0.8 (nebulusbetterportals)
		Neo Bee Fix 2.0.1 (neobeefix)
		NeoForge 21.1.240 (neoforge)
		Neruina 3.3.3 (neruina)
		Net Music Mod 1.5.1-neoforge+mc1.21.1 (netmusic)
		No Chat Reports 1.21.1-v2.9.1 (nochatreports)
		Northstar Curios Compat 1.3.1 (northstar_curios_compat)
		Northstar Redux 0.6.3+1.21.1 (northstar)
		Obscure Tooltips 4.2.2 (obscure_tooltips)
		Observable 5.4.4 (observable)
		Ocean's Delight 1.0.4 (oceansdelight)
		OctoLib 0.6.2 (octolib)
		OELib 0.2.3 (oelib)
		Omnilook 0.2.1 (omnilook)
		oneenoughitem 1.0.8 (oneenoughitem)
		OneEnoughValue 1.0.0-1.21.1 (oneenoughvalue)
		OverloadedArmorBar 2 (overloadedarmorbar)
		oωo 0.12.15.5-beta.1+1.21 (owo)
		PacketFixer 3.3.1 (packetfixer)
		Patchouli 1.21.1-93-NEOFORGE (patchouli)
		Percale 1.0.0-beta.1 (percale)
		Pick Up Notifier 21.1.1 (pickupnotifier)
		Placebo 9.9.1 (placebo)
		Player Animation Library 1.1.5+mc.1.21.1 (player_animation_library)
		Player Animator 2.0.4+1.21.1 (playeranimator)
		Polymorph 1.1.0+1.21.1 (polymorph)
		Polymorphic Energistics 0.4.1 (polyeng)
		Ponder 1.0.82+mc1.21.1 (ponder)
		PonderJS 1.21.1-2.4.0 (ponderjs)
		Presence Footsteps (NeoForge) 1.21.1-1.12.0-beta.1 (presencefootsteps)
		PrickleMC 21.1.11 (prickle)
		Prism 1.0.11 (prism)
		ProbeJS 8.0.3 (probejs)
		Prometheus 1.2.5 (prometheus)
		Puzzles Lib 21.1.52 (puzzleslib)
		Quality Food 2.3.6 (quality_food)
		Quark 4.1-482 (quark)
		Quark Oddities 1.21.1 (quarkoddities)
		Radiant Gear 4.2.3+1.21.1 (radiantgear)
		Ratatouille 1.4.0 (ratatouille)
		Ratatouille Fried Delights 1.0.4 (ratatouille_fried_delights)
		Raw's Visual Keybinder 1.21.1 - 0.1.13-neoforge (visual_keybinder)
		Rcg Lib 1.21.1-NeoForge-1.0.2-beta (rcg_lib)
		RenderJS 2101.2.4 (renderjs)
		Resourceful Lib 3.0.12 (resourcefullib)
		Resourcefulconfig 3.0.11 (resourcefulconfig)
		Resourcify 1.8.5 (resourcify)
		Rhino 2101.2.7-build.85 (rhino)
		Ritchie's Projectile Library 2.1.2 (ritchiesprojectilelib)
		RunicLib 5.0.7 (runiclib)
		Rustic Delight 1.6.1 (rusticdelight)
		Sable 2.0.3 (sable)
		Sable Companion 1.6.0 (sablecompanion)
		Sable Schematic API 0.4.0 (sable_schematic_api)
		Save My Shit Network 1.4.3-1.21.1 (smsn)
		Searchables 1.0.2 (searchables)
		SeasonHud 2.0.6 (seasonhud)
		Serene Seasons 10.1.0.3 (sereneseasons)
		ServerCore 1.5.19+1.21.1 (servercore)
		ShadowizardLib 1.3.3 (shadowizardlib)
		Shoulder Surfing Reloaded 1.21.1-5.0.7 (shouldersurfing)
		Simple Backups 1.21-4.0.30 (simplebackups)
		SimpleBedrockModel 2.2.1-neoforge+mc1.21.1 (simplebedrockmodel)
		SimpleHats 0.4.0 (simplehats)
		Sinytra Connector 2.0.0-beta.15+1.21.1 (connector)
		Sodium 0.8.12+mc1.21.1 (sodium)
		Sodium Dynamic Lights 1.0.9 (sodiumdynamiclights)
		Sodium Extra 0.9.3+mc1.21.1 (sodium_extra)
		Sodium Extras 1.0.7 (sodiumextras)
		Some Assembly Required 5.2.8 (someassemblyrequired)
		Sophisticated Backpacks 3.25.71 (sophisticatedbackpacks)
		Sophisticated Backpacks Create Integration 0.1.8 (sophisticatedbackpackscreateintegration)
		Sophisticated Core 1.4.76 (sophisticatedcore)
		Soul Fire'd 6.1.0 (soul_fire_d)
		SpectreLib 0.17.2+1.21 (spectrelib)
		Spice of Life: Carrot Edition 1.16.6 (solcarrot)
		SpiceOfLife Latiao 1.4.7 (spiceoflifelatiao)
		SQLite JDBC 3.53.2.0+2026-06-06 (sqlite_jdbc)
		Strut Your Stuff 1.2.7 (struts)
		SuperMartijn642's Config Library 1.1.8 (supermartijn642configlib)
		SuperMartijn642's Core Lib 1.1.21 (supermartijn642corelib)
		Supplementaries 1.21.1-3.8.2 (supplementaries)
		TACZ-addon 1.1.8 (taczaddon)
		Tectonic 3.0.26 (tectonic)
		TenshiLib 1.21.1-2.2.5-neoforge (tenshilib)
		Terralith 2.6.2 (terralith)
		tetra 6.13.0 (tetra)
		The Bumblezone 7.15.1+1.21.1-neoforge (the_bumblezone)
		The Twilight Forest 4.8.3345 (twilightforest)
		Timeless & Classics Guns: Zero 1.1.8-hotfix-r3 (tacz)
		Tiny Config 3.1.0 (tiny_config)
		Tips 21.1.3 (tipsmod)
		Titanium 4.0.45 (titanium)
		Torchmaster 21.1.9 (torchmaster)
		Touhou Little Maid 1.5.3-neoforge+mc1.21.1 (touhou_little_maid)
		Towers of The Wild: Modded 1.0.9 (totw_modded)
		Towns and Towers 1.13.9 (t_and_t)
		Trade Refresh 3.0.4 (traderefresh)
		Trails and Tales Plus 1.0.0 (trailsandtalesplus)
		TRansition 1.0.21 (transition)
		Trash Cans 1.0.18+c (trashcans)
		TrashSlot 21.1.11 (trashslot)
		Traveler's Titles 1.21.1-NeoForge-5.1.3 (travelerstitles)
		TRender 1.0.15 (trender)
		TrueUUID 1.1.2 (trueuuid)
		TxniLib 1.0.24 (txnilib)
		Uranus 2.4.1 (uranus)
		Vanillin 1.1.3 (vanillin)
		Veil 4.1.4 (veil)
		Vintage Delight KOTS 0.2.6 (vintagedelight)
		Waystones 21.1.37 (waystones)
		Waystones2Waypoints2 2.1.0 (w2w2)
		What Are They Up To 1.21.0-1.2.7 (watut)
		World Preview 1.3.1 (world_preview)
		WorldWeaver 21.0.23 (wover)
		WunderLib 21.0.10 (wunderlib)
		Xaero's Minimap 26.4.2 (xaerominimap)
		Xaero's World Map 1.44.2 (xaeroworldmap)
		XaeroLib 1.7.1 (xaerolib)
		Yeetus Experimentus 87.0.0 (yeetusexperimentus)
		YetAnotherConfigLib 3.8.2+1.21.1-neoforge (yet_another_config_lib_v3)
		YUNG's API 1.21.1-NeoForge-5.1.6 (yungsapi)
		YUNG's Better Caves 1.21.1-NeoForge-3.1.4 (bettercaves)
		YUNG's Better Desert Temples 1.21.1-NeoForge-4.1.5 (betterdeserttemples)
		YUNG's Better Dungeons 1.21.1-NeoForge-5.1.4 (betterdungeons)
		YUNG's Better End Island 1.21.1-NeoForge-3.1.2 (betterendisland)
		YUNG's Better Jungle Temples 1.21.1-NeoForge-3.1.2 (betterjungletemples)
		YUNG's Better Mineshafts 1.21.1-NeoForge-5.1.1 (bettermineshafts)
		YUNG's Better Nether Fortresses 1.21.1-NeoForge-3.1.5 (betterfortresses)
		YUNG's Better Ocean Monuments 1.21.1-NeoForge-4.1.2 (betteroceanmonuments)
		YUNG's Better Strongholds 1.21.1-NeoForge-5.1.3 (betterstrongholds)
		YUNG's Better Witch Huts 1.21.1-NeoForge-4.1.1 (betterwitchhuts)
		YUNG's Bridges 1.21.1-NeoForge-5.1.1 (yungsbridges)
		YUNG's Extras 1.21.1-NeoForge-5.1.1 (yungsextras)
		Zeta 1.1-40 (zeta)
		ZstdNet 1.4.7 (zstdnet)
[207月2026 16:41:15.915] [main/ERROR] [net.neoforged.fml.loading.moddiscovery.ModFile/LOADING]: Access transformer file accesstransformer.cfg provided by mod irisflw does not exist!
[207月2026 16:41:15.933] [main/ERROR] [net.neoforged.fml.loading.moddiscovery.ModFile/LOADING]: Access transformer file accesstransformer.cfg provided by mod sodium_extra does not exist!
[207月2026 16:41:16.697] [main/INFO] [org.sinytra.connector.service.hacks.ModuleLayerMigrator/]: Successfully made module authlib transformable
[207月2026 16:41:16.701] [main/INFO] [org.sinytra.connector.service.hacks.ModuleLayerMigrator/]: Successfully made module brigadier transformable
[207月2026 16:41:16.717] [main/INFO] [net.neoforged.fml.loading.FMLServiceProvider/CORE]: Loading coremod script-engine for [zstdnet, xaerominimap, xaeroworldmap]
[207月2026 16:41:39.999] [main/INFO] [mixin/]: Compatibility level set to JAVA_17
[207月2026 16:41:40.001] [main/INFO] [mixin/]: Compatibility level set to JAVA_21
[207月2026 16:41:40.538] [main/INFO] [cpw.mods.modlauncher.LaunchServiceHandler/MODLAUNCHER]: Launching target 'forgeclient' with arguments [--version, 齿轮盛宴1.21.1, --gameDir, D:\MC_games\versions\齿轮盛宴1.21.1, --assetsDir, D:\MC_games\assets, --uuid, 4d0a966ddc6949378eb6823e987f8b1a, --username, silentor322, --assetIndex, 17, --accessToken, ????????, --clientId, ${clientid}, --xuid, ${auth_xuid}, --userType, msa, --versionType, PCL, --width, 854, --height, 480]
[207月2026 16:41:40.585] [main/WARN] [mixin/]: Reference map 'betterdungeons.refmap.json' for betterdungeons.mixins.json could not be read. If this is a development environment you can ignore this message
[207月2026 16:41:40.748] [main/INFO] [ModernFix/]: Loaded configuration file for ModernFix 5.27.20+mc1.21.1: 89 options available, 0 override(s) found
[207月2026 16:41:40.749] [main/INFO] [ModernFix/]: Applying Nashorn fix
[207月2026 16:41:40.750] [main/INFO] [ModernFix/]: Configuring Minecraft's max.bg.threads option with 13 threads
[207月2026 16:41:40.841] [main/INFO] [one.pkg.config.SewliaConfig/]: All configurations saved
[207月2026 16:41:40.843] [main/INFO] [one.pkg.config.SewliaConfig/]: Reloaded configuration: ModConfig
[207月2026 16:41:40.843] [main/INFO] [one.pkg.config.SewliaConfig/]: Successfully initialized configuration manager, loaded 1 configuration classes
[207月2026 16:41:40.846] [main/WARN] [mixin/]: Reference map '' for krypton_fnp.mixins.json could not be read. If this is a development environment you can ignore this message
[207月2026 16:41:40.848] [main/WARN] [mixin/]: Reference map 'yungsapi.refmap.json' for yungsapi.mixins.json could not be read. If this is a development environment you can ignore this message
[207月2026 16:41:40.850] [main/WARN] [mixin/]: Reference map 'gateways.refmap.json' for gateways.mixins.json could not be read. If this is a development environment you can ignore this message
[207月2026 16:41:40.852] [main/WARN] [mixin/]: Reference map 'iris.refmap.json' for mixins.iris.json could not be read. If this is a development environment you can ignore this message
[207月2026 16:41:40.853] [main/WARN] [mixin/]: Reference map 'iris.refmap.json' for mixins.iris.fantastic.json could not be read. If this is a development environment you can ignore this message
[207月2026 16:41:40.854] [main/WARN] [mixin/]: Reference map 'iris.refmap.json' for mixins.iris.vertexformat.json could not be read. If this is a development environment you can ignore this message
[207月2026 16:41:40.854] [main/WARN] [mixin/]: Reference map 'iris.refmap.json' for iris-batched-entity-rendering.mixins.json could not be read. If this is a development environment you can ignore this message
[207月2026 16:41:40.855] [main/WARN] [mixin/]: Reference map 'iris.refmap.json' for mixins.iris.compat.sodium.json could not be read. If this is a development environment you can ignore this message
[207月2026 16:41:40.858] [main/WARN] [mixin/]: Reference map 'oneenoughitem.refmap.json' for oneenoughitem.mixins.json could not be read. If this is a development environment you can ignore this message
[207月2026 16:41:40.875] [main/WARN] [mixin/]: Reference map 'kambrik.refmap.json' for kambrik.mixins.json could not be read. If this is a development environment you can ignore this message
[207月2026 16:41:40.881] [main/WARN] [mixin/]: Reference map 'createdieselgenerators.refmap.json' for createdieselgenerators.mixins.json could not be read. If this is a development environment you can ignore this message
[207月2026 16:41:40.885] [main/WARN] [mixin/]: Reference map 'createbetterfps.refmap.json' for createbetterfps.mixins.json could not be read. If this is a development environment you can ignore this message
[207月2026 16:41:40.886] [main/WARN] [mixin/]: Reference map 'betterfortresses.refmap.json' for betterfortresses.mixins.json could not be read. If this is a development environment you can ignore this message
[207月2026 16:41:40.891] [main/WARN] [mixin/]: Reference map 'createlazytick.refmap.json' for createlazytick.mixins.json could not be read. If this is a development environment you can ignore this message
[207月2026 16:41:40.894] [main/WARN] [mixin/]: Reference map '' for accessories-common.mixins.json could not be read. If this is a development environment you can ignore this message
[207月2026 16:41:40.897] [main/WARN] [mixin/]: Reference map '' for accessories-forge.mixins.json could not be read. If this is a development environment you can ignore this message
[207月2026 16:41:40.900] [main/WARN] [mixin/]: Reference map 'betterendisland.refmap.json' for betterendisland.mixins.json could not be read. If this is a development environment you can ignore this message
[207月2026 16:41:40.903] [main/WARN] [mixin/]: Reference map 'betterjungletemples.refmap.json' for betterjungletemples.mixins.json could not be read. If this is a development environment you can ignore this message
[207月2026 16:41:40.906] [main/WARN] [mixin/]: Reference map 'kiwi.refmap.json' for kiwi.mixins.json could not be read. If this is a development environment you can ignore this message
[207月2026 16:41:40.929] [main/INFO] [LithiumConfig/]: Option 'mixin.experimental.entity.block_caching.suffocation' requires 'mixin.util.block_tracking=true' but found 'false'. Setting 'mixin.experimental.entity.block_caching.suffocation=false'.
[207月2026 16:41:40.929] [main/INFO] [LithiumConfig/]: Option 'mixin.experimental.entity.block_caching.block_support' requires 'mixin.util.block_tracking=true' but found 'false'. Setting 'mixin.experimental.entity.block_caching.block_support=false'.
[207月2026 16:41:40.929] [main/INFO] [LithiumConfig/]: Option 'mixin.experimental.entity.block_caching.block_touching' requires 'mixin.util.block_tracking=true' but found 'false'. Setting 'mixin.experimental.entity.block_caching.block_touching=false'.
[207月2026 16:41:40.929] [main/INFO] [LithiumConfig/]: Option 'mixin.experimental.entity.block_caching' requires 'mixin.util.block_tracking=true' but found 'false'. Setting 'mixin.experimental.entity.block_caching=false'.
[207月2026 16:41:40.929] [main/INFO] [Lithium/]: Loaded configuration file for Lithium: 148 options available, 4 override(s) found
[207月2026 16:41:40.932] [main/WARN] [mixin/]: Reference map 'attributefix.refmap.json' for attributefix.mixins.json could not be read. If this is a development environment you can ignore this message
[207月2026 16:41:40.948] [main/INFO] [Sodium/]: Loaded configuration file for Sodium: 45 options available, 1 override(s) found
[207月2026 16:41:40.953] [main/INFO] [Omnilook/]: Omnilook mixin plugin detected platform: NeoForge
[207月2026 16:41:40.960] [main/WARN] [mixin/]: Reference map 'shouldersurfing.refmap.json' for shouldersurfing.api-legacy.mixins.json could not be read. If this is a development environment you can ignore this message
[207月2026 16:41:40.960] [main/WARN] [mixin/]: Reference map 'shouldersurfing.refmap.json' for shouldersurfing.common.mixins.json could not be read. If this is a development environment you can ignore this message
[207月2026 16:41:40.960] [main/WARN] [mixin/]: Reference map 'shouldersurfing.refmap.json' for shouldersurfing.common.compat.mixins.json could not be read. If this is a development environment you can ignore this message
[207月2026 16:41:40.961] [main/WARN] [mixin/]: Reference map 'shouldersurfing.refmap.json' for shouldersurfing.neoforge.mixins.json could not be read. If this is a development environment you can ignore this message
[207月2026 16:41:40.963] [main/WARN] [mixin/]: Reference map 'shouldersurfing.refmap.json' for shouldersurfing.neoforge.compat.mixins.json could not be read. If this is a development environment you can ignore this message
[207月2026 16:41:40.968] [main/WARN] [mixin/]: Reference map '' for brewinandchewin.mixins.json could not be read. If this is a development environment you can ignore this message
[207月2026 16:41:40.974] [main/WARN] [mixin/]: Reference map 'kaleidoscope_end.refmap.json' for kaleidoscope_end.mixins.json could not be read. If this is a development environment you can ignore this message
[207月2026 16:41:40.977] [main/WARN] [mixin/]: Reference map 'immersive_melodies.refmap.json' for immersive_melodies.mixins.json could not be read. If this is a development environment you can ignore this message
[207月2026 16:41:40.981] [main/WARN] [mixin/]: Reference map 'kuma_api.refmap.json' for kuma_api.mixins.json could not be read. If this is a development environment you can ignore this message
[207月2026 16:41:40.987] [main/WARN] [mixin/]: Reference map 'minersdelight.refmap.json' for minersdelight.mixins.json could not be read. If this is a development environment you can ignore this message
[207月2026 16:41:40.988] [main/WARN] [mixin/]: Reference map 'betteroceanmonuments.refmap.json' for betteroceanmonuments.mixins.json could not be read. If this is a development environment you can ignore this message
[207月2026 16:41:40.989] [main/WARN] [mixin/]: Reference map 'tipsmod.refmap.json' for tipsmod.mixins.json could not be read. If this is a development environment you can ignore this message
[207月2026 16:41:40.991] [main/WARN] [mixin/]: Reference map 'placebo.refmap.json' for placebo.mixins.json could not be read. If this is a development environment you can ignore this message
[207月2026 16:41:40.992] [main/WARN] [mixin/]: Reference map 'cobweb.refmap.json' for cobweb.mixins.json could not be read. If this is a development environment you can ignore this message
[207月2026 16:41:40.993] [main/WARN] [mixin/]: Reference map 'bookshelf.refmap.json' for bookshelf.mixins.json could not be read. If this is a development environment you can ignore this message
[207月2026 16:41:40.997] [main/WARN] [mixin/]: Reference map 'carryon.refmap.json' for carryon.mixins.json could not be read. If this is a development environment you can ignore this message
[207月2026 16:41:40.999] [main/WARN] [mixin/]: Reference map 'melody.refmap.json' for melody.mixins.json could not be read. If this is a development environment you can ignore this message
[207月2026 16:41:41.000] [main/WARN] [mixin/]: Reference map 'melody.refmap.json' for melody.neoforge.mixins.json could not be read. If this is a development environment you can ignore this message
[207月2026 16:41:41.008] [main/WARN] [mixin/]: Reference map 'konkrete.refmap.json' for konkrete.mixins.json could not be read. If this is a development environment you can ignore this message
[207月2026 16:41:41.010] [main/WARN] [mixin/]: Reference map 'konkrete.refmap.json' for konkrete.neoforge.mixins.json could not be read. If this is a development environment you can ignore this message
[207月2026 16:41:41.014] [main/WARN] [mixin/]: Reference map 'create_connected.refmap.json' for create_connected.mixins.json could not be read. If this is a development environment you can ignore this message
[207月2026 16:41:41.016] [main/WARN] [mixin/]: Reference map 'cmr.refmap.json' for cmr.mixins.json could not be read. If this is a development environment you can ignore this message
[207月2026 16:41:41.018] [main/WARN] [mixin/]: Reference map 'touhou_little_maid.refmap.json' for touhou_little_maid.mixins.json could not be read. If this is a development environment you can ignore this message
[207月2026 16:41:41.034] [main/WARN] [mixin/]: Reference map 'dramaticdoors.refmap.json' for neoforge-dramaticdoors.mixins.json could not be read. If this is a development environment you can ignore this message
[207月2026 16:41:41.046] [main/WARN] [mixin/]: Reference map 'xaerolib.refmap.json' for xaerolib.mixins.json could not be read. If this is a development environment you can ignore this message
[207月2026 16:41:41.050] [main/WARN] [mixin/]: Reference map 'clumps.refmap.json' for clumps.mixins.json could not be read. If this is a development environment you can ignore this message
[207月2026 16:41:41.050] [main/WARN] [mixin/]: Reference map 'mcwifipnp-refmap.json' for mcwifipnp.mixins.json could not be read. If this is a development environment you can ignore this message
[207月2026 16:41:41.054] [main/WARN] [mixin/]: Reference map 'quality_food.refmap.json' for quality_food.mixins.json could not be read. If this is a development environment you can ignore this message
[207月2026 16:41:41.055] [main/WARN] [mixin/]: Reference map 'skinlayers3d.refmap.mixins.json' for skinlayers3d.mixins.json could not be read. If this is a development environment you can ignore this message
[207月2026 16:41:41.056] [main/WARN] [mixin/]: Reference map 'travelerstitles.refmap.json' for travelerstitles.mixins.json could not be read. If this is a development environment you can ignore this message
[207月2026 16:41:41.059] [main/WARN] [mixin/]: Reference map 'mixins.mmlib.refmap.json' for mixins.mmlib.json could not be read. If this is a development environment you can ignore this message
[207月2026 16:41:41.060] [main/WARN] [mixin/]: Reference map 'obscure_tooltips.refmap.json' for obscure_tooltips.mixins.json could not be read. If this is a development environment you can ignore this message
[207月2026 16:41:41.061] [main/WARN] [mixin/]: Reference map 'obscure_tooltips.refmap.json' for obscure_tooltips.neoforge.mixins.json could not be read. If this is a development environment you can ignore this message
[207月2026 16:41:41.061] [main/WARN] [mixin/]: Reference map 'creativecore.mixins.refmap.json' for creativecore.mixins.json could not be read. If this is a development environment you can ignore this message
[207月2026 16:41:41.062] [main/WARN] [mixin/]: Reference map 'creativecore.mixins.refmap.json' for creativecore.forge.mixins.json could not be read. If this is a development environment you can ignore this message
[207月2026 16:41:41.070] [main/WARN] [mixin/]: Reference map 'fancymenu.refmap.json' for fancymenu.mixins.json could not be read. If this is a development environment you can ignore this message
[207月2026 16:41:41.071] [main/WARN] [mixin/]: Reference map 'fancymenu.refmap.json' for fancymenu.neoforge.mixins.json could not be read. If this is a development environment you can ignore this message
[207月2026 16:41:41.093] [main/WARN] [mixin/]: Reference map '${refmap_target}refmap.json' for ferritecore.predicates.mixin.json could not be read. If this is a development environment you can ignore this message
[207月2026 16:41:41.096] [main/WARN] [mixin/]: Reference map '${refmap_target}refmap.json' for ferritecore.fastmap.mixin.json could not be read. If this is a development environment you can ignore this message
[207月2026 16:41:41.098] [main/WARN] [mixin/]: Reference map '${refmap_target}refmap.json' for ferritecore.mrl.mixin.json could not be read. If this is a development environment you can ignore this message
[207月2026 16:41:41.100] [main/WARN] [mixin/]: Reference map '${refmap_target}refmap.json' for ferritecore.dedupmultipart.mixin.json could not be read. If this is a development environment you can ignore this message
[207月2026 16:41:41.102] [main/WARN] [mixin/]: Reference map '${refmap_target}refmap.json' for ferritecore.blockstatecache.mixin.json could not be read. If this is a development environment you can ignore this message
[207月2026 16:41:41.103] [main/WARN] [mixin/]: Reference map '${refmap_target}refmap.json' for ferritecore.dedupbakedquad.mixin.json could not be read. If this is a development environment you can ignore this message
[207月2026 16:41:41.105] [main/WARN] [mixin/]: Reference map '${refmap_target}refmap.json' for ferritecore.threaddetec.mixin.json could not be read. If this is a development environment you can ignore this message
[207月2026 16:41:41.107] [main/WARN] [mixin/]: Reference map '${refmap_target}refmap.json' for ferritecore.modelsides.mixin.json could not be read. If this is a development environment you can ignore this message
[207月2026 16:41:41.109] [main/WARN] [mixin/]: Reference map '${refmap_target}refmap.json' for ferritecore.datacomponents.mixin.json could not be read. If this is a development environment you can ignore this message
[207月2026 16:41:41.110] [main/WARN] [mixin/]: Reference map '${refmap_target}refmap.json' for ferritecore.accessors.mixin.json could not be read. If this is a development environment you can ignore this message
[207月2026 16:41:41.111] [main/WARN] [mixin/]: Reference map 'charmofundying.refmap.json' for charmofundying.mixins.json could not be read. If this is a development environment you can ignore this message
[207月2026 16:41:41.112] [main/WARN] [mixin/]: Reference map 'lodestone.refmap.json' for lodestone.mixins.json could not be read. If this is a development environment you can ignore this message
[207月2026 16:41:41.113] [main/WARN] [mixin/]: Reference map 'kaleidoscope_cookery.refmap.json' for kaleidoscope_cookery.mixins.json could not be read. If this is a development environment you can ignore this message
[207月2026 16:41:41.137] [main/WARN] [mixin/]: Reference map 'mixins.create_enhanced_schematicannon.refmap.json' for mixins.create_enhanced_schematicannon.json could not be read. If this is a development environment you can ignore this message
[207月2026 16:41:41.165] [main/INFO] [Sodium Extra Config/]: Loaded configuration file for Sodium Extra: 36 options available, 0 override(s) found
[207月2026 16:41:41.170] [main/WARN] [mixin/]: Reference map 'ponder.refmap.json' for ponder-common.mixins.json could not be read. If this is a development environment you can ignore this message
[207月2026 16:41:41.170] [main/WARN] [mixin/]: Reference map 'world_preview.refmap.json' for world_preview.mixins.json could not be read. If this is a development environment you can ignore this message
[207月2026 16:41:41.171] [main/WARN] [mixin/]: Reference map 'bettercaves.refmap.json' for bettercaves.mixins.json could not be read. If this is a development environment you can ignore this message
[207月2026 16:41:41.173] [main/WARN] [mixin/]: Reference map 'maidsoulkitchen.refmap.json' for maidsoulkitchen.mixins.json could not be read. If this is a development environment you can ignore this message
[207月2026 16:41:41.182] [main/WARN] [mixin/]: Reference map 'maidsoulkitchen.refmap.json' for maidsoulkitchen-compat.mixins.json could not be read. If this is a development environment you can ignore this message
[207月2026 16:41:41.184] [main/WARN] [mixin/]: Reference map 'kaleidoscope_cookery.refmap.json' for kaleidoscope_doll.mixins.json could not be read. If this is a development environment you can ignore this message
[207月2026 16:41:41.184] [main/WARN] [mixin/]: Reference map 'balm.refmap.json' for balm.mixins.json could not be read. If this is a development environment you can ignore this message
[207月2026 16:41:41.186] [main/WARN] [mixin/]: Reference map 'prickle.refmap.json' for prickle.mixins.json could not be read. If this is a development environment you can ignore this message
[207月2026 16:41:41.191] [main/WARN] [mixin/]: Reference map '' for chat_heads.neoforge.mixins.json could not be read. If this is a development environment you can ignore this message
[207月2026 16:41:41.192] [main/INFO] [net.werdei.biome_replacer.MixinPlugin/]: [BiomeReplacer] MixinPlugin: Blueprint detected, biome replacements will be injected into it
[207月2026 16:41:41.196] [main/WARN] [mixin/]: Reference map 'torchmaster.refmap.json' for torchmaster.mixins.json could not be read. If this is a development environment you can ignore this message
[207月2026 16:41:41.198] [main/WARN] [mixin/]: Reference map 'supermartijn642corelib.mixins.refmap.json' for supermartijn642corelib.mixins.json could not be read. If this is a development environment you can ignore this message
[207月2026 16:41:41.199] [main/WARN] [mixin/]: Reference map 'apothic_attributes.refmap.json' for apothic_attributes.mixins.json could not be read. If this is a development environment you can ignore this message
[207月2026 16:41:41.199] [main/WARN] [mixin/]: Reference map 'yungsbridges.refmap.json' for yungsbridges.mixins.json could not be read. If this is a development environment you can ignore this message
[207月2026 16:41:41.200] [main/WARN] [mixin/]: Reference map 'bakeries.refmap.json' for rcg_lib.mixins.json could not be read. If this is a development environment you can ignore this message
[207月2026 16:41:41.201] [main/WARN] [mixin/]: Reference map 'bakeries.refmap.json' for bakeries.mixins.json could not be read. If this is a development environment you can ignore this message
[207月2026 16:41:41.233] [main/WARN] [mixin/]: Reference map 'curios.refmap.json' for curios.neoforge.mixins.json could not be read. If this is a development environment you can ignore this message
[207月2026 16:41:41.234] [main/WARN] [mixin/]: Reference map 'curios.refmap.json' for curios.mixins.json could not be read. If this is a development environment you can ignore this message
[207月2026 16:41:41.235] [main/WARN] [mixin/]: Reference map 'searchables.refmap.json' for searchables.mixins.json could not be read. If this is a development environment you can ignore this message
[207月2026 16:41:41.236] [main/WARN] [mixin/]: Reference map 'searchables.refmap.json' for searchables.neoforge.mixins.json could not be read. If this is a development environment you can ignore this message
[207月2026 16:41:41.238] [main/WARN] [mixin/]: Reference map 'jadeaddons.refmap.json' for jadeaddons.mixins.json could not be read. If this is a development environment you can ignore this message
[207月2026 16:41:41.239] [main/WARN] [mixin/]: Reference map 'bettermineshafts.refmap.json' for bettermineshafts.mixins.json could not be read. If this is a development environment you can ignore this message
[207月2026 16:41:41.247] [main/WARN] [mixin/]: Reference map 'elytraslot.refmap.json' for elytraslot-integrations.mixins.json could not be read. If this is a development environment you can ignore this message
[207月2026 16:41:41.256] [main/WARN] [mixin/]: Reference map 'aeronautics.refmap.json' for aeronautics.mixins.json could not be read. If this is a development environment you can ignore this message
[207月2026 16:41:41.262] [main/WARN] [mixin/]: Reference map 'glitchcore.refmap.json' for glitchcore.mixins.json could not be read. If this is a development environment you can ignore this message
[207月2026 16:41:41.262] [main/WARN] [mixin/]: Reference map 'glitchcore.refmap.json' for glitchcore.neoforge.mixins.json could not be read. If this is a development environment you can ignore this message
[207月2026 16:41:41.262] [main/WARN] [mixin/]: Reference map 'sereneseasons.refmap.json' for sereneseasons.mixins.json could not be read. If this is a development environment you can ignore this message
[207月2026 16:41:41.263] [main/WARN] [mixin/]: Reference map 'sereneseasons.refmap.json' for sereneseasons.neoforge.mixins.json could not be read. If this is a development environment you can ignore this message
[207月2026 16:41:41.265] [main/WARN] [mixin/]: Reference map 'runiclib.refmap.json' for runiclib.mixins.json could not be read. If this is a development environment you can ignore this message
[207月2026 16:41:41.266] [main/WARN] [mixin/]: Reference map 'runiclib.refmap.json' for runiclib.neoforge.mixins.json could not be read. If this is a development environment you can ignore this message
[207月2026 16:41:41.267] [main/WARN] [mixin/]: Reference map 'oworld2create.forge.refmap.json' for oworld2create.neoforge.mixins.json could not be read. If this is a development environment you can ignore this message
[207月2026 16:41:41.268] [main/WARN] [mixin/]: Reference map 'offroad.refmap.json' for offroad.mixins.json could not be read. If this is a development environment you can ignore this message
[207月2026 16:41:41.271] [main/WARN] [mixin/]: Reference map 'drippyloadingscreen.refmap.json' for drippyloadingscreen.mixins.json could not be read. If this is a development environment you can ignore this message
[207月2026 16:41:41.271] [main/WARN] [mixin/]: Reference map 'drippyloadingscreen.refmap.json' for drippyloadingscreen.neoforge.mixins.json could not be read. If this is a development environment you can ignore this message
[207月2026 16:41:41.272] [main/WARN] [mixin/]: Reference map 'itemphysiclite.mixin.refmap.json' for itemphysiclite.mixins.json could not be read. If this is a development environment you can ignore this message
[207月2026 16:41:41.273] [main/WARN] [mixin/]: Reference map 'csb.mixins.refmap.json' for csb.mixins.json could not be read. If this is a development environment you can ignore this message
[207月2026 16:41:41.276] [main/WARN] [mixin/]: Reference map 'nochatreports.refmap.json' for mixins/common/nochatreports.mixins.json could not be read. If this is a development environment you can ignore this message
[207月2026 16:41:41.282] [main/WARN] [mixin/]: Reference map 'eclipticseasons.refmap.json' for eclipticseasons.mixins.json could not be read. If this is a development environment you can ignore this message
[207月2026 16:41:41.283] [main/WARN] [mixin/]: Reference map 'xaerominimap.refmap.json' for xaerohud.mixins.json could not be read. If this is a development environment you can ignore this message
[207月2026 16:41:41.285] [main/WARN] [mixin/]: Reference map 'xaerominimap.refmap.json' for xaerominimap.mixins.json could not be read. If this is a development environment you can ignore this message
[207月2026 16:41:41.287] [main/WARN] [mixin/]: Reference map 'prometheus.refmap.json' for prometheus.mixins.json could not be read. If this is a development environment you can ignore this message
[207月2026 16:41:41.289] [main/WARN] [mixin/]: Reference map 'soul_fire_d.refmap.json' for soul_fire_d.mixins.json could not be read. If this is a development environment you can ignore this message
[207月2026 16:41:41.292] [main/WARN] [mixin/]: Reference map 'polymorph.refmap.json' for polymorph.mixins.json could not be read. If this is a development environment you can ignore this message
[207月2026 16:41:41.293] [main/WARN] [mixin/]: Reference map 'polymorph.refmap.json' for polymorph-compatibility.mixins.json could not be read. If this is a development environment you can ignore this message
[207月2026 16:41:41.295] [main/WARN] [mixin/]: Reference map 'zeta.mixins.refmap.json' for zeta.mixins.json could not be read. If this is a development environment you can ignore this message
[207月2026 16:41:41.299] [main/WARN] [mixin/]: Reference map 'zeta.mixins.refmap.json' for zeta_forge.mixins.json could not be read. If this is a development environment you can ignore this message
[207月2026 16:41:41.300] [main/WARN] [mixin/]: Reference map 'entityculling.refmap.mixins.json' for entityculling.mixins.json could not be read. If this is a development environment you can ignore this message
[207月2026 16:41:41.305] [main/INFO] [ModernUI-MC/Init]: Iris API installed...
[207月2026 16:41:41.344] [main/WARN] [mixin/]: Reference map 'create_power_loader.refmap.json' for create_power_loader.mixins.json could not be read. If this is a development environment you can ignore this message
[207月2026 16:41:41.350] [main/WARN] [mixin/]: Reference map 'betterwitchhuts.refmap.json' for betterwitchhuts.mixins.json could not be read. If this is a development environment you can ignore this message
[207月2026 16:41:41.364] [main/WARN] [mixin/]: Reference map 'geckolib.refmap.json' for geckolib.mixins.json could not be read. If this is a development environment you can ignore this message
[207月2026 16:41:41.365] [main/WARN] [mixin/]: Reference map 'create_compatible_storage.refmap.json' for create_compatible_storage.mixins.json could not be read. If this is a development environment you can ignore this message
[207月2026 16:41:41.367] [main/WARN] [mixin/]: Reference map 'kaleidoscope_tavern.refmap.json' for kaleidoscope_tavern.mixins.json could not be read. If this is a development environment you can ignore this message
[207月2026 16:41:41.367] [main/WARN] [mixin/]: Reference map 'kaleidoscope_world_liquor.refmap.json' for kaleidoscope_world_liquor.mixins.json could not be read. If this is a development environment you can ignore this message
[207月2026 16:41:41.369] [main/WARN] [mixin/]: Reference map 'controlling.refmap.json' for controlling.mixins.json could not be read. If this is a development environment you can ignore this message
[207月2026 16:41:41.370] [main/WARN] [mixin/]: Reference map 'controlling.refmap.json' for controlling.neoforge.mixins.json could not be read. If this is a development environment you can ignore this message
[207月2026 16:41:41.370] [main/WARN] [mixin/]: Reference map 'xaeroworldmap.refmap.json' for xaeroworldmap.mixins.json could not be read. If this is a development environment you can ignore this message
[207月2026 16:41:41.371] [main/WARN] [mixin/]: Reference map 'citadel.refmap.json' for citadel.mixins.json could not be read. If this is a development environment you can ignore this message
[207月2026 16:41:41.373] [main/WARN] [mixin/]: Reference map 'biomespy.refmap.json' for biomespy.mixins.json could not be read. If this is a development environment you can ignore this message
[207月2026 16:41:41.374] [main/WARN] [mixin/]: Reference map 'simulated.refmap.json' for simulated.mixins.json could not be read. If this is a development environment you can ignore this message
[207月2026 16:41:41.379] [main/WARN] [mixin/]: Reference map 'bits_n_bobs.refmap.json' for bits_n_bobs.mixins.json could not be read. If this is a development environment you can ignore this message
[207月2026 16:41:41.385] [main/WARN] [mixin/]: Reference map 'trailsandtalesplus.refmap.json' for trailsandtalesplus.mixins.json could not be read. If this is a development environment you can ignore this message
[207月2026 16:41:41.386] [main/WARN] [mixin/]: Reference map 'bountiful.refmap.json' for bountiful.mixins.json could not be read. If this is a development environment you can ignore this message
[207月2026 16:41:41.386] [main/WARN] [mixin/]: Reference map 'patchouli.refmap.json' for patchouli_xplat.mixins.json could not be read. If this is a development environment you can ignore this message
[207月2026 16:41:41.387] [main/WARN] [mixin/]: Reference map 'simplebedrockmodel.refmap.json' for simplebedrockmodel.mixins.json could not be read. If this is a development environment you can ignore this message
[207月2026 16:41:41.388] [main/WARN] [mixin/]: Reference map 'betterstrongholds.refmap.json' for betterstrongholds.mixins.json could not be read. If this is a development environment you can ignore this message
[207月2026 16:41:41.388] [main/WARN] [mixin/]: Reference map 'CreateLiquidFuel.refmap.json' for createliquidfuel.mixins.json could not be read. If this is a development environment you can ignore this message
[207月2026 16:41:41.405] [main/WARN] [mixin/]: Reference map 'refurbished_furniture.refmap.json' for refurbished_furniture.common.mixins.json could not be read. If this is a development environment you can ignore this message
[207月2026 16:41:41.413] [main/WARN] [mixin/]: Reference map 'trashslot.refmap.json' for trashslot.mixins.json could not be read. If this is a development environment you can ignore this message
[207月2026 16:41:41.418] [main/WARN] [mixin/]: Reference map 'tacz.refmap.json' for tacz.mixins.json could not be read. If this is a development environment you can ignore this message
[207月2026 16:41:41.419] [main/WARN] [mixin/]: Reference map 'tacz.refmap.json' for tacz.compat.acceleratedrendering.mixins.json could not be read. If this is a development environment you can ignore this message
[207月2026 16:41:41.420] [main/WARN] [mixin/]: Reference map 'taczaddon.refmap.json' for taczaddon.mixins.json could not be read. If this is a development environment you can ignore this message
[207月2026 16:41:41.423] [main/WARN] [mixin/]: Reference map 'createprism.refmap.json' for createprism.mixins.json could not be read. If this is a development environment you can ignore this message
[207月2026 16:41:41.438] [main/INFO] [dev.ryanhcode.sable.mixin.AbstractSableMixinPlugin/]: Using Sodium renderer mixins
[207月2026 16:41:41.439] [main/INFO] [dev.ryanhcode.sable.mixin.AbstractSableMixinPlugin/]: Using Sodium renderer mixins
[207月2026 16:41:41.444] [main/WARN] [mixin/]: Reference map 'createpropulsion.refmap.json' for createpropulsion.mixins.json could not be read. If this is a development environment you can ignore this message
[207月2026 16:41:41.450] [main/WARN] [mixin/]: Reference map 'someassemblyrequired.refmap.json' for someassemblyrequired.mixins.json could not be read. If this is a development environment you can ignore this message
[207月2026 16:41:41.451] [main/WARN] [mixin/]: Reference map 'waystones.refmap.json' for waystones.mixins.json could not be read. If this is a development environment you can ignore this message
[207月2026 16:41:41.451] [main/WARN] [mixin/]: Reference map 'comforts.refmap.json' for comforts.mixins.json could not be read. If this is a development environment you can ignore this message
[207月2026 16:41:41.452] [main/WARN] [mixin/]: Reference map 'createbitterballen.refmap.json' for create_bic_bit.mixins.json could not be read. If this is a development environment you can ignore this message
[207月2026 16:41:41.453] [main/WARN] [mixin/]: Reference map 'betterdeserttemples.refmap.json' for betterdeserttemples.mixins.json could not be read. If this is a development environment you can ignore this message
[207月2026 16:41:41.455] [main/WARN] [mixin/]: Reference map 'blueprint.refmap.json' for blueprint.mixins.json could not be read. If this is a development environment you can ignore this message
[207月2026 16:41:41.455] [main/WARN] [mixin/]: Reference map 'neapolitan.refmap.json' for neapolitan.mixins.json could not be read. If this is a development environment you can ignore this message
[207月2026 16:41:41.456] [main/WARN] [mixin/]: Reference map 'drivebywire.refmap.json' for drivebywire.mixins.json could not be read. If this is a development environment you can ignore this message
[207月2026 16:41:41.458] [main/WARN] [mixin/]: Reference map 'trueuuid.refmap.json' for trueuuid.mixins.json could not be read. If this is a development environment you can ignore this message
[207月2026 16:41:41.460] [main/WARN] [mixin/]: Reference map 'alexscaves.refmap.json' for alexscaves.mixins.json could not be read. If this is a development environment you can ignore this message
[207月2026 16:41:41.462] [main/WARN] [mixin/]: Reference map 'enchdesc.refmap.json' for enchdesc.mixins.json could not be read. If this is a development environment you can ignore this message
[207月2026 16:41:41.498] [main/WARN] [mixin/]: Reference map 'createmetallurgy.refmap.json' for createmetallurgy.mixins.json could not be read. If this is a development environment you can ignore this message
[207月2026 16:41:41.500] [main/WARN] [mixin/]: Reference map 'display.refmap.json' for displaydelight.mixins.json could not be read. If this is a development environment you can ignore this message
[207月2026 16:41:41.504] [main/WARN] [mixin/]: Reference map 'quark.mixins.refmap.json' for quark.mixins.json could not be read. If this is a development environment you can ignore this message
[207月2026 16:41:41.506] [main/WARN] [mixin/]: Reference map 'renderjs.mixins.refmap.json' for renderjs.mixins.json could not be read. If this is a development environment you can ignore this message
[207月2026 16:41:41.506] [main/WARN] [mixin/]: Reference map 'immersive_paintings.refmap.json' for immersive_paintings.mixins.json could not be read. If this is a development environment you can ignore this message
[207月2026 16:41:41.507] [main/WARN] [mixin/]: Reference map 'watut.refmap.json' for watut.mixins.json could not be read. If this is a development environment you can ignore this message
[207月2026 16:41:41.508] [main/WARN] [mixin/]: Reference map 'yet_another_config_lib_v3.refmap.json' for yacl.mixins.json could not be read. If this is a development environment you can ignore this message
[207月2026 16:41:41.525] [main/INFO] [dev.tonimatas.packetfixer.mixins.v1_20_5_neoforge.MixinPlugin/]: Packet Fixer neoforge 1.20.5-1.21.X has been applied successfully.
[207月2026 16:41:41.534] [main/WARN] [mixin/]: Reference map 'mixins.brandonscore.refmap.json' for mixins.brandonscore.json could not be read. If this is a development environment you can ignore this message
[207月2026 16:41:41.534] [main/WARN] [mixin/]: Reference map 'northstar_curios_compat.refmap.json' for northstar_curios_compat.mixins.json could not be read. If this is a development environment you can ignore this message
[207月2026 16:41:41.535] [main/WARN] [mixin/]: Reference map 'quark.mixins.refmap.json' for quark_integrations.mixins.json could not be read. If this is a development environment you can ignore this message
[207月2026 16:41:41.543] [main/WARN] [mixin/]: Reference map '' for adapter.init.mixins.json could not be read. If this is a development environment you can ignore this message
[207月2026 16:41:41.990] [main/WARN] [mixin/]: Error loading class: dev/emi/emi/EmiRenderHelper (java.lang.ClassNotFoundException: dev.emi.emi.EmiRenderHelper)
[207月2026 16:41:42.266] [main/INFO] [net.neoforged.coremod.CoreMod.zstdnet/COREMODLOG]: [zstdnet] patched MinecraftServer#getCompressionThreshold for LAN mode.
[207月2026 16:41:42.320] [main/INFO] [net.neoforged.coremod.CoreMod.zstdnet/COREMODLOG]: [zstdnet] patched Connection#getRemoteAddress for forwarded real IP.
[207月2026 16:41:42.440] [main/INFO] [net.neoforged.coremod.CoreMod.zstdnet/COREMODLOG]: [zstdnet] patched ConnectScreen#startConnecting for programmatic connection interception.
[207月2026 16:41:42.449] [main/INFO] [net.neoforged.coremod.CoreMod.zstdnet/COREMODLOG]: [zstdnet] patched IntegratedServer#publishServer to use configured LAN backend port.
[207月2026 16:41:42.469] [main/INFO] [KryptonFNP MixinBootstrap/]: Mixin one.pkg.kfnp.mixin.network.experimental.RconClientMixin disabled
[207月2026 16:41:42.470] [main/INFO] [KryptonFNP MixinBootstrap/]: Mixin one.pkg.kfnp.mixin.network.microopt.ServerEntityMixin enabled
[207月2026 16:41:42.470] [main/INFO] [KryptonFNP MixinBootstrap/]: Mixin one.pkg.kfnp.mixin.network.microopt.Utf8StringMixin enabled
[207月2026 16:41:42.470] [main/INFO] [KryptonFNP MixinBootstrap/]: Mixin one.pkg.kfnp.mixin.network.microopt.VarIntMixin enabled
[207月2026 16:41:42.470] [main/INFO] [KryptonFNP MixinBootstrap/]: Mixin one.pkg.kfnp.mixin.network.microopt.VarLongMixin enabled
[207月2026 16:41:42.470] [main/INFO] [KryptonFNP MixinBootstrap/]: Mixin one.pkg.kfnp.mixin.network.pipeline.LegacyQueryHandlerMixin enabled
[207月2026 16:41:42.471] [main/INFO] [KryptonFNP MixinBootstrap/]: Mixin one.pkg.kfnp.mixin.network.pipeline.Varint21FrameDecoderMixin enabled
[207月2026 16:41:42.471] [main/INFO] [KryptonFNP MixinBootstrap/]: Mixin one.pkg.kfnp.mixin.network.pipeline.compression.ConnectionMixin enabled
[207月2026 16:41:42.471] [main/INFO] [KryptonFNP MixinBootstrap/]: Mixin one.pkg.kfnp.mixin.network.pipeline.encryption.ConnectionMixin enabled
[207月2026 16:41:42.471] [main/INFO] [KryptonFNP MixinBootstrap/]: Mixin one.pkg.kfnp.mixin.network.pipeline.encryption.ServerLoginPacketListenerImplMixin enabled
[207月2026 16:41:42.471] [main/INFO] [KryptonFNP MixinBootstrap/]: Mixin one.pkg.kfnp.mixin.network.pipeline.prepender.ConnectionMixin enabled
[207月2026 16:41:42.472] [main/INFO] [KryptonFNP MixinBootstrap/]: Mixin one.pkg.kfnp.mixin.network.thread.ServerLoginPacketListenerImplMixin enabled
[207月2026 16:41:42.479] [main/INFO] [KryptonFNP MixinBootstrap/]: Mixin one.pkg.kfnp.mixin.network.pipeline.encryption.ClientLoginMixin enabled
[207月2026 16:41:42.652] [main/WARN] [mixin/]: Error loading class: com/portingdeadmods/cable_facades/events/GameClientEvents$2 (java.lang.ClassNotFoundException: com.portingdeadmods.cable_facades.events.GameClientEvents$2)
[207月2026 16:41:42.654] [main/WARN] [mixin/]: Error loading class: com/direwolf20/justdirethings/client/renderers/OurRenderTypes (java.lang.ClassNotFoundException: com.direwolf20.justdirethings.client.renderers.OurRenderTypes)
[207月2026 16:41:42.659] [main/WARN] [mixin/]: Error loading class: blusunrize/immersiveengineering/client/utils/IEGLShaders (java.lang.ClassNotFoundException: blusunrize.immersiveengineering.client.utils.IEGLShaders)
[207月2026 16:41:42.759] [main/WARN] [mixin/]: Error loading class: org/embeddedt/embeddium/impl/render/chunk/compile/pipeline/FluidRenderer (java.lang.ClassNotFoundException: org.embeddedt.embeddium.impl.render.chunk.compile.pipeline.FluidRenderer)
[207月2026 16:41:42.761] [main/WARN] [mixin/]: Error loading class: net/raphimc/immediatelyfast/feature/map_atlas_generation/MapAtlasTexture (java.lang.ClassNotFoundException: net.raphimc.immediatelyfast.feature.map_atlas_generation.MapAtlasTexture)
[207月2026 16:41:42.866] [main/WARN] [mixin/]: Error loading class: traben/entity_model_features/models/parts/EMFModelPartCustom (java.lang.ClassNotFoundException: traben.entity_model_features.models.parts.EMFModelPartCustom)
[207月2026 16:41:43.082] [main/INFO] [Lithium/]: Force-disabling mixin 'entity.collisions.unpushable_cramming.EntityMixin' as rule 'mixin.entity.collisions.unpushable_cramming' (added by mods [sable]) disables it and children
[207月2026 16:41:43.082] [main/INFO] [Lithium/]: Force-disabling mixin 'entity.collisions.unpushable_cramming.EntitySectionMixin' as rule 'mixin.entity.collisions.unpushable_cramming' (added by mods [sable]) disables it and children
[207月2026 16:41:43.083] [main/INFO] [Lithium/]: Force-disabling mixin 'entity.collisions.unpushable_cramming.EntitySelectorMixin' as rule 'mixin.entity.collisions.unpushable_cramming' (added by mods [sable]) disables it and children
[207月2026 16:41:43.083] [main/INFO] [Lithium/]: Force-disabling mixin 'entity.collisions.unpushable_cramming.LivingEntityMixin' as rule 'mixin.entity.collisions.unpushable_cramming' (added by mods [sable]) disables it and children
[207月2026 16:41:43.098] [main/INFO] [Lithium/]: Force-disabling mixin 'world.chunk_access.ChunkHolderMixin' as rule 'mixin.world.chunk_access' (added by mods [sable]) disables it and children
[207月2026 16:41:43.098] [main/INFO] [Lithium/]: Force-disabling mixin 'world.chunk_access.GenerationChunkHolderAccessor' as rule 'mixin.world.chunk_access' (added by mods [sable]) disables it and children
[207月2026 16:41:43.099] [main/INFO] [Lithium/]: Force-disabling mixin 'world.chunk_access.LevelMixin' as rule 'mixin.world.chunk_access' (added by mods [sable]) disables it and children
[207月2026 16:41:43.099] [main/INFO] [Lithium/]: Force-disabling mixin 'world.chunk_access.ServerChunkCacheMixin' as rule 'mixin.world.chunk_access' (added by mods [sable]) disables it and children
[207月2026 16:41:43.099] [main/INFO] [Lithium/]: Force-disabling mixin 'world.chunk_ticking.spread_ice.BiomeMixin' as rule 'mixin.world.chunk_ticking' (added by mods [sable]) disables it and children
[207月2026 16:41:43.101] [main/INFO] [Lithium/]: Force-disabling mixin 'world.tick_scheduler.LevelChunkTicksMixin' as rule 'mixin.world.tick_scheduler' (added by mods [sable]) disables it and children
[207月2026 16:41:43.173] [main/WARN] [Sodium/]: Force-disabling mixin 'features.render.world.sky.ClientLevelMixin' as rule 'mixin.features.render.world.sky' (added by mods [iris]) disables it and children
[207月2026 16:41:43.174] [main/WARN] [Sodium/]: Force-disabling mixin 'features.render.world.sky.FogRendererMixin' as rule 'mixin.features.render.world.sky' (added by mods [iris]) disables it and children
[207月2026 16:41:43.174] [main/WARN] [Sodium/]: Force-disabling mixin 'features.render.world.sky.LevelRendererMixin' as rule 'mixin.features.render.world.sky' (added by mods [iris]) disables it and children
[207月2026 16:41:43.335] [main/WARN] [mixin/]: Error loading class: me/jellysquid/mods/lithium/common/ai/pathing/PathNodeDefaults (java.lang.ClassNotFoundException: me.jellysquid.mods.lithium.common.ai.pathing.PathNodeDefaults)
[207月2026 16:41:43.352] [main/WARN] [mixin/]: Error loading class: net/caffeinemc/mods/sodium/client/gui/SodiumGameOptionPages (java.lang.ClassNotFoundException: net.caffeinemc.mods.sodium.client.gui.SodiumGameOptionPages)
[207月2026 16:41:43.352] [main/WARN] [mixin/]: @Mixin target net.caffeinemc.mods.sodium.client.gui.SodiumGameOptionPages was not found cullleaves-neoforge.mixins.json:sodium.MixinSodiumGameOptionPages from mod cullleaves
[207月2026 16:41:43.383] [main/WARN] [mixin/]: Error loading class: me/jellysquid/mods/lithium/common/ai/pathing/PathNodeDefaults (java.lang.ClassNotFoundException: me.jellysquid.mods.lithium.common.ai.pathing.PathNodeDefaults)
[207月2026 16:41:43.479] [main/WARN] [mixin/]: Error loading class: traben/entity_model_features/models/parts/EMFModelPart (java.lang.ClassNotFoundException: traben.entity_model_features.models.parts.EMFModelPart)
[207月2026 16:41:43.490] [main/WARN] [mixin/]: Error loading class: com/github/alexthe666/alexsmobs/entity/ai/SeagullAIStealFromPlayers (java.lang.ClassNotFoundException: com.github.alexthe666.alexsmobs.entity.ai.SeagullAIStealFromPlayers)
[207月2026 16:41:43.490] [main/WARN] [mixin/]: @Mixin target com.github.alexthe666.alexsmobs.entity.ai.SeagullAIStealFromPlayers was not found kaleidoscope_nether.mixins.json:alexsmobs.SeagullAIStealFromPlayersAccessor from mod kaleidoscope_nether
[207月2026 16:41:43.491] [main/WARN] [mixin/]: Error loading class: com/github/alexthe666/alexsmobs/entity/ai/SeagullAIStealFromPlayers (java.lang.ClassNotFoundException: com.github.alexthe666.alexsmobs.entity.ai.SeagullAIStealFromPlayers)
[207月2026 16:41:43.491] [main/WARN] [mixin/]: @Mixin target com.github.alexthe666.alexsmobs.entity.ai.SeagullAIStealFromPlayers was not found kaleidoscope_nether.mixins.json:alexsmobs.SeagullAIStealFromPlayersMixin from mod kaleidoscope_nether
[207月2026 16:41:43.642] [main/WARN] [mixin/]: Error loading class: xaero/common/patreon/Patreon (java.lang.ClassNotFoundException: xaero.common.patreon.Patreon)
[207月2026 16:41:43.642] [main/WARN] [mixin/]: @Mixin target xaero.common.patreon.Patreon was not found smsn.mixins.json:xaero.minimap.PatreonMixin from mod smsn
[207月2026 16:41:43.643] [main/WARN] [mixin/]: Error loading class: xaero/map/patreon/Patreon (java.lang.ClassNotFoundException: xaero.map.patreon.Patreon)
[207月2026 16:41:43.643] [main/WARN] [mixin/]: @Mixin target xaero.map.patreon.Patreon was not found smsn.mixins.json:xaero.world_map.PatreonMixin from mod smsn
[207月2026 16:41:43.659] [main/WARN] [mixin/]: Error loading class: net/caffeinemc/mods/sodium/client/gui/SodiumGameOptionPages (java.lang.ClassNotFoundException: net.caffeinemc.mods.sodium.client.gui.SodiumGameOptionPages)
[207月2026 16:41:43.660] [main/WARN] [mixin/]: @Mixin target net.caffeinemc.mods.sodium.client.gui.SodiumGameOptionPages was not found mixins.sodiumextras.json:impl.sodium.EmbPagesMixin from mod sodiumextras
[207月2026 16:41:43.661] [main/WARN] [mixin/]: Error loading class: net/caffeinemc/mods/sodium/client/gui/SodiumOptionsGUI (java.lang.ClassNotFoundException: net.caffeinemc.mods.sodium.client.gui.SodiumOptionsGUI)
[207月2026 16:41:43.661] [main/WARN] [mixin/]: @Mixin target net.caffeinemc.mods.sodium.client.gui.SodiumOptionsGUI was not found mixins.sodiumextras.json:impl.sodium.EmbOptionsMixin from mod sodiumextras
[207月2026 16:41:43.736] [main/INFO] [net.neoforged.coremod.CoreMod.zstdnet/COREMODLOG]: [zstdnet] patched DedicatedServer#initServer for auto port takeover.
[207月2026 16:41:43.788] [main/WARN] [mixin/]: Error loading class: net/raphimc/immediatelyfast/feature/core/BatchableBufferSource (java.lang.ClassNotFoundException: net.raphimc.immediatelyfast.feature.core.BatchableBufferSource)
[207月2026 16:41:43.789] [main/WARN] [mixin/]: Error loading class: net/raphimc/immediatelyfast/feature/batching/BatchingBuffers (java.lang.ClassNotFoundException: net.raphimc.immediatelyfast.feature.batching.BatchingBuffers)
[207月2026 16:41:43.791] [main/WARN] [mixin/]: Error loading class: net/raphimc/immediatelyfast/feature/batching/BatchingBuffers$WrappedRenderLayer (java.lang.ClassNotFoundException: net.raphimc.immediatelyfast.feature.batching.BatchingBuffers$WrappedRenderLayer)
[207月2026 16:41:43.819] [main/WARN] [mixin/]: Error loading class: traben/entity_model_features/models/parts/EMFModelPart (java.lang.ClassNotFoundException: traben.entity_model_features.models.parts.EMFModelPart)
[207月2026 16:41:43.821] [main/WARN] [mixin/]: Error loading class: traben/entity_model_features/models/parts/EMFModelPartVanilla (java.lang.ClassNotFoundException: traben.entity_model_features.models.parts.EMFModelPartVanilla)
[207月2026 16:41:43.822] [main/WARN] [mixin/]: Error loading class: traben/entity_model_features/models/parts/EMFModelPartVanilla (java.lang.ClassNotFoundException: traben.entity_model_features.models.parts.EMFModelPartVanilla)
[207月2026 16:41:43.822] [main/WARN] [mixin/]: Error loading class: traben/entity_model_features/models/parts/EMFModelPartWithState (java.lang.ClassNotFoundException: traben.entity_model_features.models.parts.EMFModelPartWithState)
[207月2026 16:41:43.839] [main/WARN] [mixin/]: Error loading class: xfacthd/framedblocks/common/blockentity/doubled/slab/FramedAdjustableDoubleBlockEntity (java.lang.ClassNotFoundException: xfacthd.framedblocks.common.blockentity.doubled.slab.FramedAdjustableDoubleBlockEntity)
[207月2026 16:41:43.839] [main/WARN] [mixin/]: @Mixin target xfacthd.framedblocks.common.blockentity.doubled.slab.FramedAdjustableDoubleBlockEntity was not found createbigcannons.mixins.json:compat.framedblocks.FramedAdjustableDoubleBlockEntityAccessor from mod createbigcannons
[207月2026 16:41:43.991] [main/WARN] [mixin/]: Error loading class: earth/terrarium/handcrafted/common/blocks/CounterBlock (java.lang.ClassNotFoundException: earth.terrarium.handcrafted.common.blocks.CounterBlock)
[207月2026 16:41:43.993] [main/WARN] [mixin/]: Error loading class: net/fxnt/fxntstorage/passer/PasserEntity (java.lang.ClassNotFoundException: net.fxnt.fxntstorage.passer.PasserEntity)
[207月2026 16:41:44.004] [main/WARN] [mixin/]: Error loading class: com/crazydatavolt/kaleidoscopeorchard/event/RenderEvent$StarRender (java.lang.ClassNotFoundException: com.crazydatavolt.kaleidoscopeorchard.event.RenderEvent$StarRender)
[207月2026 16:41:44.004] [main/WARN] [mixin/]: @Mixin target com.crazydatavolt.kaleidoscopeorchard.event.RenderEvent$StarRender was not found kaleidoscope_world_liquor.mixins.json:StarRenderCancelMixin from mod kaleidoscope_world_liquor
[207月2026 16:41:44.019] [main/WARN] [mixin/]: Error loading class: de/dafuqs/spectrum/blocks/pastel_network/nodes/PastelNodeBlockEntity (java.lang.ClassNotFoundException: de.dafuqs.spectrum.blocks.pastel_network.nodes.PastelNodeBlockEntity)
[207月2026 16:41:44.019] [main/WARN] [mixin/]: @Mixin target de.dafuqs.spectrum.blocks.pastel_network.nodes.PastelNodeBlockEntity was not found kaleidoscope_compat.mixins.json:spectrum.PastelNodeBlockEntityMixin from mod kaleidoscope_compat
[207月2026 16:41:44.021] [main/WARN] [mixin/]: Error loading class: de/dafuqs/spectrum/blocks/pastel_network/nodes/PastelNodeBlock (java.lang.ClassNotFoundException: de.dafuqs.spectrum.blocks.pastel_network.nodes.PastelNodeBlock)
[207月2026 16:41:44.021] [main/WARN] [mixin/]: @Mixin target de.dafuqs.spectrum.blocks.pastel_network.nodes.PastelNodeBlock was not found kaleidoscope_compat.mixins.json:spectrum.PastelNodeBlockMixin from mod kaleidoscope_compat
[207月2026 16:41:44.022] [main/WARN] [mixin/]: Error loading class: dev/xkmc/youkaishomecoming/content/pot/steamer/RackItemData (java.lang.ClassNotFoundException: dev.xkmc.youkaishomecoming.content.pot.steamer.RackItemData)
[207月2026 16:41:44.022] [main/WARN] [mixin/]: @Mixin target dev.xkmc.youkaishomecoming.content.pot.steamer.RackItemData was not found kaleidoscope_compat.mixins.json:youkaisfeasts.RackItemDataMixin from mod kaleidoscope_compat
[207月2026 16:41:44.023] [main/WARN] [mixin/]: Error loading class: dev/xkmc/youkaishomecoming/content/pot/storage/bottle/SauceRackBlockEntity (java.lang.ClassNotFoundException: dev.xkmc.youkaishomecoming.content.pot.storage.bottle.SauceRackBlockEntity)
[207月2026 16:41:44.023] [main/WARN] [mixin/]: @Mixin target dev.xkmc.youkaishomecoming.content.pot.storage.bottle.SauceRackBlockEntity was not found kaleidoscope_compat.mixins.json:youkaisfeasts.SauceRackBlockEntityMixin from mod kaleidoscope_compat
[207月2026 16:41:44.024] [main/WARN] [mixin/]: Error loading class: dev/xkmc/youkaishomecoming/content/pot/storage/shelf/WineShelfBlockEntity (java.lang.ClassNotFoundException: dev.xkmc.youkaishomecoming.content.pot.storage.shelf.WineShelfBlockEntity)
[207月2026 16:41:44.024] [main/WARN] [mixin/]: @Mixin target dev.xkmc.youkaishomecoming.content.pot.storage.shelf.WineShelfBlockEntity was not found kaleidoscope_compat.mixins.json:youkaisfeasts.WineShelfBlockEntityMixin from mod kaleidoscope_compat
[207月2026 16:41:44.107] [main/WARN] [mixin/]: Error loading class: net/minecraft/client/gui/screens/controls/KeyBindsList$KeyEntry (java.lang.ClassNotFoundException: net.minecraft.client.gui.screens.controls.KeyBindsList$KeyEntry)
[207月2026 16:41:44.107] [main/WARN] [mixin/]: @Mixin target net.minecraft.client.gui.screens.controls.KeyBindsList$KeyEntry was not found railways-common.mixins.json:client.MixinKeyBindsListKeyEntry from mod railways
[207月2026 16:41:44.139] [main/WARN] [mixin/]: Error loading class: me/jellysquid/mods/sodium/client/model/light/data/ArrayLightDataCache (java.lang.ClassNotFoundException: me.jellysquid.mods.sodium.client.model.light.data.ArrayLightDataCache)
[207月2026 16:41:44.141] [main/WARN] [mixin/]: Error loading class: me/jellysquid/mods/sodium/client/model/light/flat/FlatLightPipeline (java.lang.ClassNotFoundException: me.jellysquid.mods.sodium.client.model.light.flat.FlatLightPipeline)
[207月2026 16:41:44.142] [main/WARN] [mixin/]: Error loading class: me/jellysquid/mods/sodium/client/model/light/data/LightDataAccess (java.lang.ClassNotFoundException: me.jellysquid.mods.sodium.client.model.light.data.LightDataAccess)
[207月2026 16:41:44.144] [main/WARN] [mixin/]: Error loading class: net/caffeinemc/mods/sodium/client/gui/SodiumOptionsGUI (java.lang.ClassNotFoundException: net.caffeinemc.mods.sodium.client.gui.SodiumOptionsGUI)
[207月2026 16:41:44.144] [main/WARN] [mixin/]: @Mixin target net.caffeinemc.mods.sodium.client.gui.SodiumOptionsGUI was not found mixins.sodiumdynamiclights.json:sodium.SodiumOptionsGuiMixin from mod sodiumdynamiclights
[207月2026 16:41:44.158] [main/INFO] [Colorful Hearts/]: Applying mixin HUDOverlayHandlerAccessor as mod appleskin is present.
[207月2026 16:41:44.159] [main/INFO] [Colorful Hearts/]: Applying mixin HUDOverlaysMixin as mod farmersdelight is present.
[207月2026 16:41:44.165] [main/WARN] [mixin/]: Error loading class: com/mastermarisa/solmaiddream/utils/FilterHelper (java.lang.ClassNotFoundException: com.mastermarisa.solmaiddream.utils.FilterHelper)
[207月2026 16:41:44.165] [main/WARN] [mixin/]: @Mixin target com.mastermarisa.solmaiddream.utils.FilterHelper was not found spiceoflifelatiao.mixins.json:linkage.solmaiddream.MixinFilterHelper from mod spiceoflifelatiao
[207月2026 16:41:44.167] [main/WARN] [mixin/]: Error loading class: team/creative/solonion/common/item/foodcontainer/FoodContainerItem (java.lang.ClassNotFoundException: team.creative.solonion.common.item.foodcontainer.FoodContainerItem)
[207月2026 16:41:44.167] [main/WARN] [mixin/]: @Mixin target team.creative.solonion.common.item.foodcontainer.FoodContainerItem was not found spiceoflifelatiao.mixins.json:linkage.solonion.FoodContainerItemMixin from mod spiceoflifelatiao
[207月2026 16:41:44.180] [main/WARN] [mixin/]: Error loading class: dev/emi/emi/screen/RecipeScreen (java.lang.ClassNotFoundException: dev.emi.emi.screen.RecipeScreen)
[207月2026 16:41:44.180] [main/WARN] [mixin/]: @Mixin target dev.emi.emi.screen.RecipeScreen was not found ali.emi.mixins.json:MixinRecipeScreen from mod ali
[207月2026 16:41:44.291] [main/WARN] [mixin/]: Error loading class: com/mrcrayfish/controllable/client/binding/context/BindingContext (java.lang.ClassNotFoundException: com.mrcrayfish.controllable.client.binding.context.BindingContext)
[207月2026 16:41:44.460] [main/WARN] [mixin/]: Error loading class: com/getitemfromblock/create_tweaked_controllers/block/TweakedLecternControllerBlock (java.lang.ClassNotFoundException: com.getitemfromblock.create_tweaked_controllers.block.TweakedLecternControllerBlock)
[207月2026 16:41:44.462] [main/WARN] [mixin/]: Error loading class: com/getitemfromblock/create_tweaked_controllers/block/TweakedLecternControllerBlockEntity (java.lang.ClassNotFoundException: com.getitemfromblock.create_tweaked_controllers.block.TweakedLecternControllerBlockEntity)
[207月2026 16:41:44.463] [main/WARN] [mixin/]: Error loading class: com/getitemfromblock/create_tweaked_controllers/item/TweakedLinkedControllerItem (java.lang.ClassNotFoundException: com.getitemfromblock.create_tweaked_controllers.item.TweakedLinkedControllerItem)
[207月2026 16:41:44.464] [main/WARN] [mixin/]: Error loading class: com/getitemfromblock/create_tweaked_controllers/packet/TweakedLinkedControllerAxisPacket (java.lang.ClassNotFoundException: com.getitemfromblock.create_tweaked_controllers.packet.TweakedLinkedControllerAxisPacket)
[207月2026 16:41:44.465] [main/WARN] [mixin/]: Error loading class: com/getitemfromblock/create_tweaked_controllers/packet/TweakedLinkedControllerButtonPacket (java.lang.ClassNotFoundException: com.getitemfromblock.create_tweaked_controllers.packet.TweakedLinkedControllerButtonPacket)
[207月2026 16:41:44.466] [main/WARN] [mixin/]: Error loading class: com/getitemfromblock/create_tweaked_controllers/packet/TweakedLinkedControllerStopLecternPacket (java.lang.ClassNotFoundException: com.getitemfromblock.create_tweaked_controllers.packet.TweakedLinkedControllerStopLecternPacket)
[207月2026 16:41:44.469] [main/WARN] [mixin/]: Error loading class: com/getitemfromblock/create_tweaked_controllers/controller/TweakedLinkedControllerClientHandler (java.lang.ClassNotFoundException: com.getitemfromblock.create_tweaked_controllers.controller.TweakedLinkedControllerClientHandler)
[207月2026 16:41:44.550] [main/WARN] [mixin/]: Error loading class: com/simibubi/create/foundation/ponder/PonderWorld (java.lang.ClassNotFoundException: com.simibubi.create.foundation.ponder.PonderWorld)
[207月2026 16:41:44.616] [main/WARN] [mixin/]: Error loading class: org/embeddedt/embeddium/compat/ccl/CCLCompat (java.lang.ClassNotFoundException: org.embeddedt.embeddium.compat.ccl.CCLCompat)
[207月2026 16:41:44.907] [main/INFO] [Omnilook/]: Found mixins: [neoforge.MouseHandlerMixin]
[207月2026 16:41:45.008] [main/WARN] [mixin/]: Error loading class: net/minecraft/client/gui/components/AbstractScrollArea (java.lang.ClassNotFoundException: net.minecraft.client.gui.components.AbstractScrollArea)
[207月2026 16:41:45.008] [main/WARN] [mixin/]: @Mixin target net.minecraft.client.gui.components.AbstractScrollArea was not found imblocker-neoforge.mixins.json:AbstractScrollWidgetMixin from mod imblocker
[207月2026 16:41:45.022] [main/WARN] [mixin/]: Error loading class: net/minecraft/client/gui/components/AbstractScrollArea (java.lang.ClassNotFoundException: net.minecraft.client.gui.components.AbstractScrollArea)
[207月2026 16:41:45.023] [main/WARN] [mixin/]: Error loading class: net/minecraft/client/gui/components/AbstractScrollArea (java.lang.ClassNotFoundException: net.minecraft.client.gui.components.AbstractScrollArea)
[207月2026 16:41:45.175] [main/WARN] [mixin/]: Error loading class: me/jellysquid/mods/sodium/client/model/light/data/ArrayLightDataCache (java.lang.ClassNotFoundException: me.jellysquid.mods.sodium.client.model.light.data.ArrayLightDataCache)
[207月2026 16:41:45.177] [main/WARN] [mixin/]: Error loading class: me/jellysquid/mods/sodium/client/model/light/data/ArrayLightDataCache (java.lang.ClassNotFoundException: me.jellysquid.mods.sodium.client.model.light.data.ArrayLightDataCache)
[207月2026 16:41:45.178] [main/WARN] [mixin/]: Error loading class: me/jellysquid/mods/sodium/client/model/light/flat/FlatLightPipeline (java.lang.ClassNotFoundException: me.jellysquid.mods.sodium.client.model.light.flat.FlatLightPipeline)
[207月2026 16:41:45.180] [main/WARN] [mixin/]: Error loading class: me/jellysquid/mods/sodium/client/model/light/flat/FlatLightPipeline (java.lang.ClassNotFoundException: me.jellysquid.mods.sodium.client.model.light.flat.FlatLightPipeline)
[207月2026 16:41:45.181] [main/WARN] [mixin/]: Error loading class: me/jellysquid/mods/sodium/client/model/light/data/LightDataAccess (java.lang.ClassNotFoundException: me.jellysquid.mods.sodium.client.model.light.data.LightDataAccess)
[207月2026 16:41:45.182] [main/WARN] [mixin/]: Error loading class: me/jellysquid/mods/sodium/client/model/light/data/LightDataAccess (java.lang.ClassNotFoundException: me.jellysquid.mods.sodium.client.model.light.data.LightDataAccess)
[207月2026 16:41:45.258] [main/WARN] [mixin/]: Error loading class: org/jetbrains/annotations/ApiStatus$Internal (java.lang.ClassNotFoundException: org.jetbrains.annotations.ApiStatus$Internal)
[207月2026 16:41:45.276] [main/WARN] [mixin/]: Error loading class: org/jetbrains/annotations/ApiStatus$ScheduledForRemoval (java.lang.ClassNotFoundException: org.jetbrains.annotations.ApiStatus$ScheduledForRemoval)
[207月2026 16:41:45.394] [main/WARN] [mixin/]: Error loading class: org/jetbrains/annotations/ApiStatus$Internal (java.lang.ClassNotFoundException: org.jetbrains.annotations.ApiStatus$Internal)
[207月2026 16:41:45.445] [main/INFO] [MixinExtras|Service/]: Initializing MixinExtras via com.llamalad7.mixinextras.service.MixinExtrasServiceImpl(version=0.5.3).
[207月2026 16:41:46.718] [main/INFO] [STDOUT/]: [com.euphoriapatches.euphoria_patcher.EuphoriaPatcher:<init>:57]: 
Euphoria Patcher:
[207月2026 16:41:48.318] [main/INFO] [euphoria_patcher/]: EuphoriaPatcher: [UPDATE CHECKER] The EuphoriaPatcher Mod is up to date
[207月2026 16:41:48.331] [main/INFO] [euphoria_patcher/]: EuphoriaPatcher: Fixing bugs that shouldn't exist... and creating new ones.
[207月2026 16:41:48.344] [main/INFO] [euphoria_patcher/]: EuphoriaPatcher: EuphoriaPatches_1.9.3 is already installed.
[207月2026 16:41:48.347] [main/INFO] [STDOUT/]: [com.euphoriapatches.euphoria_patcher.logging.EuphoriaLogger:log:128]: 
 
EuphoriaPatcher: Thank you for using Euphoria Patches - SpacEagle17

 
[207月2026 16:41:48.408] [main/WARN] [mixin/]: Static binding violation: PRIVATE @Overwrite method decoratedId in modernfix-modernfix.mixins.json:perf.tag_id_caching.TagOrElementLocationMixin from mod modernfix cannot reduce visibiliy of PUBLIC target method, visibility will be upgraded.
[207月2026 16:41:50.236] [Datafixer Bootstrap/INFO] [com.mojang.datafixers.DataFixerBuilder/]: 229 Datafixer optimizations took 180 milliseconds
[207月2026 16:41:50.573] [main/WARN] [oshi.driver.windows.perfmon.PerfmonDisabled/]: Invalid registry value type detected for PerfOS counters. Should be REG_DWORD. Ignoring: HKEY_LOCAL_MACHINE\SYSTEM\CurrentControlSet\Services\PerfOS\Performance\Disable Performance Counters.
[207月2026 16:41:50.985] [pool-20-thread-1/INFO] [net.minecraft.server.Bootstrap/]: ModernFix reached bootstrap stage (45.96 s after launch)
[207月2026 16:41:51.011] [pool-20-thread-1/INFO] [configurable-loader/]: Loading Generated Config Loaders...
[207月2026 16:41:51.059] [pool-20-thread-1/INFO] [configurable-loader/]: Loaded 'neruina'
[207月2026 16:41:51.677] [pool-20-thread-1/INFO] [ModernFix/]: Injecting BlockStateBase cache population hook into redirect$zif000$modernfix$genCacheBeforeGettingTicking from org.embeddedt.modernfix.common.mixin.perf.reduce_blockstate_cache_rebuilds.BlockStateBaseMixin
[207月2026 16:41:53.439] [pool-20-thread-1/WARN] [mixin/]: Static binding violation: PRIVATE @Overwrite method getTemperature in modernfix-modernfix.mixins.json:perf.remove_biome_temperature_cache.BiomeMixin from mod modernfix cannot reduce visibiliy of PUBLIC target method, visibility will be upgraded.
[207月2026 16:41:53.446] [pool-20-thread-1/WARN] [mixin/]: Method overwrite conflict for getTemperature in lithium.mixins.json:world.temperature_cache.BiomeMixin from mod lithium, previously written by org.embeddedt.modernfix.common.mixin.perf.remove_biome_temperature_cache.BiomeMixin. Skipping method.
[207月2026 16:41:55.860] [pool-20-thread-1/WARN] [mixin/]: Discarding @Unique public method onLoad in copycats-common.mixins.json:foundation.copycat.CopycatBlockEntityMixin from mod copycats because it already exists in com.simibubi.create.content.decoration.copycat.CopycatBlockEntity
[207月2026 16:41:56.734] [pool-20-thread-1/WARN] [mixin/]: Mixin alexscaves.mixins.json:SwampHutPieceMixin from mod alexscaves has multiple constructors, <init>(Lnet/minecraft/world/level/levelgen/structure/pieces/StructurePieceType;IIIIIILnet/minecraft/core/Direction;)V was selected

[207月2026 16:41:57.242] [pool-20-thread-1/INFO] [net.minecraft.server.Bootstrap/]: Vanilla bootstrap took 6233 milliseconds
[207月2026 16:41:57.430] [main/INFO] [mixin/]: mixins.codechickenlib.json:ShaderInstanceMixin from mod (unknown)->@Invoker[METHOD_PROXY]::callGetOrCreate(Lnet/minecraft/server/packs/resources/ResourceProvider;Lcom/mojang/blaze3d/shaders/Program$Type;Ljava/lang/String;)Lcom/mojang/blaze3d/shaders/Program; should be static as its target is
[207月2026 16:41:57.618] [main/WARN] [mixin/]: Static binding violation: PRIVATE @Overwrite method renderSectionLayer in sodium-common.mixins.json:core.render.world.LevelRendererMixin from mod sodium cannot reduce visibiliy of PUBLIC target method, visibility will be upgraded.
[207月2026 16:41:57.979] [Render thread/WARN] [net.minecraft.server.packs.VanillaPackResourcesBuilder/]: Assets URL 'union:/D:/MC_games/libraries/net/minecraft/client/1.21.1-20240808.144430/client-1.21.1-20240808.144430-srg.jar%23595!/assets/.mcassetsroot' uses unexpected schema
[207月2026 16:41:57.980] [Render thread/WARN] [net.minecraft.server.packs.VanillaPackResourcesBuilder/]: Assets URL 'union:/D:/MC_games/libraries/net/minecraft/client/1.21.1-20240808.144430/client-1.21.1-20240808.144430-srg.jar%23595!/data/.mcassetsroot' uses unexpected schema
[207月2026 16:41:58.031] [Render thread/INFO] [com.mojang.authlib.yggdrasil.YggdrasilAuthenticationService/]: Environment: Environment[sessionHost=https://sessionserver.mojang.com, servicesHost=https://api.minecraftservices.com, name=PROD]
[207月2026 16:41:58.047] [Render thread/INFO] [net.minecraft.client.Minecraft/]: Setting user: silentor322
[207月2026 16:41:58.359] [Render thread/INFO] [mixin/]: BeforeConstant is searching for constants in method with descriptor (Lnet/minecraft/client/GuiMessage;)V
[207月2026 16:41:58.360] [Render thread/INFO] [mixin/]:   BeforeConstant found STRING constant: value = , stringValue = null
[207月2026 16:41:58.360] [Render thread/INFO] [mixin/]:     BeforeConstant found a matching constant TYPE at ordinal 0
[207月2026 16:41:58.360] [Render thread/INFO] [mixin/]:       BeforeConstant found LdcInsn 
[207月2026 16:41:58.360] [Render thread/INFO] [mixin/]:   BeforeConstant found STRING constant: value = \\r, stringValue = null
[207月2026 16:41:58.360] [Render thread/INFO] [mixin/]:     BeforeConstant found a matching constant TYPE at ordinal 1
[207月2026 16:41:58.360] [Render thread/INFO] [mixin/]:       BeforeConstant found LdcInsn \\r
[207月2026 16:41:58.360] [Render thread/INFO] [mixin/]:   BeforeConstant found STRING constant: value = 
, stringValue = null
[207月2026 16:41:58.360] [Render thread/INFO] [mixin/]:     BeforeConstant found a matching constant TYPE at ordinal 2
[207月2026 16:41:58.360] [Render thread/INFO] [mixin/]:       BeforeConstant found LdcInsn 

[207月2026 16:41:58.360] [Render thread/INFO] [mixin/]:   BeforeConstant found STRING constant: value = \\n, stringValue = null
[207月2026 16:41:58.360] [Render thread/INFO] [mixin/]:     BeforeConstant found a matching constant TYPE at ordinal 3
[207月2026 16:41:58.360] [Render thread/INFO] [mixin/]:       BeforeConstant found LdcInsn \\n
[207月2026 16:41:58.360] [Render thread/INFO] [mixin/]:   BeforeConstant found CLASS constant: value = Ljava/lang/String;, typeValue = null
[207月2026 16:41:58.360] [Render thread/INFO] [mixin/]:   BeforeConstant found STRING constant: value = [{}] [CHAT] {}, stringValue = null
[207月2026 16:41:58.360] [Render thread/INFO] [mixin/]:     BeforeConstant found a matching constant TYPE at ordinal 4
[207月2026 16:41:58.360] [Render thread/INFO] [mixin/]:       BeforeConstant found LdcInsn [{}] [CHAT] {}
[207月2026 16:41:58.360] [Render thread/INFO] [mixin/]:   BeforeConstant found STRING constant: value = [CHAT] {}, stringValue = null
[207月2026 16:41:58.360] [Render thread/INFO] [mixin/]:     BeforeConstant found a matching constant TYPE at ordinal 5
[207月2026 16:41:58.360] [Render thread/INFO] [mixin/]:       BeforeConstant found LdcInsn [CHAT] {}
[207月2026 16:41:58.507] [Render thread/INFO] [net.minecraft.client.Minecraft/]: Backend library: LWJGL version 3.3.3+5
[207月2026 16:41:58.594] [Render thread/INFO] [ModernUI-MC/Init]: Created MuiForgeAPI
[207月2026 16:41:58.594] [Render thread/INFO] [ModernUI-MC/Init]: Detected OpenGL 4.6 Core Profile from FML Early Window
[207月2026 16:41:58.604] [Render thread/INFO] [com.mojang.blaze3d.platform.Window/]: OpenGL Vendor: NVIDIA Corporation
[207月2026 16:41:58.604] [Render thread/INFO] [com.mojang.blaze3d.platform.Window/]: OpenGL Renderer: NVIDIA GeForce RTX 3070 Ti Laptop GPU/PCIe/SSE2
[207月2026 16:41:58.604] [Render thread/INFO] [com.mojang.blaze3d.platform.Window/]: OpenGL Version: 4.6.0 NVIDIA 610.74
[207月2026 16:41:58.605] [Render thread/INFO] [Sodium-NvidiaWorkarounds/]: Modifying OpenGL context to apply workarounds for the NVIDIA graphics driver...
[207月2026 16:41:58.605] [Render thread/INFO] [Sodium-NvidiaWorkarounds/]: Enabling GL_DEBUG_OUTPUT_SYNCHRONOUS to force the NVIDIA driver to disable threaded command submission
[207月2026 16:41:58.840] [Render thread/INFO] [Arc3D/]: Use NV_conservative_raster
[207月2026 16:41:58.840] [Render thread/INFO] [Arc3D/]: Use NV_blend_equation_advanced_coherent
[207月2026 16:41:58.888] [Render thread/INFO] [ModernUI/Core]: OpenGL vendor: NVIDIA Corporation
[207月2026 16:41:58.888] [Render thread/INFO] [ModernUI/Core]: OpenGL renderer: NVIDIA GeForce RTX 3070 Ti Laptop GPU/PCIe/SSE2
[207月2026 16:41:58.888] [Render thread/INFO] [ModernUI/Core]: OpenGL version: 4.6.0 NVIDIA 610.74
[207月2026 16:41:58.889] [Render thread/INFO] [ModernUI/Core]: OpenGL caps: 
AnisotropySupport: true
GpuTracingSupport: false
ConservativeRasterSupport: true
TextureBarrierSupport: true
DepthClipNegativeOneToOne: true
BlendEquationSupport: ADVANCED_COHERENT
ClampToBorderSupport: true
MaxRenderTargetSize: 32768
MaxPreferredRenderTargetSize: 32768
MaxVertexAttributes: 16
MaxVertexBindings: 8
MaxTextureSize: 32768
MaxPushConstantsSize: 0
MaxColorAttachments: 8
MinUniformBufferOffsetAlignment: 256
MinStorageBufferOffsetAlignment: 16
ShaderCaps:
	TargetAPI: OPENGL_4_5
	GLSLVersion: GLSL_450
	SPIRVVersion: null
	FMASupport: true
	DualSourceBlendingSupport: true
	PreferFlatInterpolation: true
	VertexIDSupport: true
	InfinitySupport: true
	NonConstantArrayIndexSupport: true
	BitManipulationSupport: true
	NoPerspectiveInterpolationSupport: true
	ReducedShaderMode: false
	TextureQueryLod: true
	UniformBindingSupport: true
	VaryingLocationSupport: true
	UseBlockMemberOffset: true
	UsePrecisionModifiers: false
	RequiresLocalOutputColorForFBFetch: false
	MustObfuscateUniformColor: false
	MustWriteToFragColor: false
	ColorSpaceMathNeedsFloat: false
	AvoidDfDxForGradientsWhenPossible: false
	SecondaryOutputExtension: null
	AdvBlendEqInteraction: 1
	MaxFragmentSamplers: 32
Vendor: NVIDIA
Driver: NVIDIA
MaxFragmentUniformVectors: 1024
MaxTextureMaxAnisotropy: 16.0
SupportsProtected: false
SkipErrorChecks: true
MaxLabelLength: 256
DebugSupport: true
BufferStorageSupport: true
DrawElementsBaseVertexSupport: true
BaseInstanceSupport: true
DSASupport: true
InvalidateBufferType: 2
InvalidateFramebufferSupport: true
ShaderBinarySupport: true
UseStagingBuffers: false
MustHaveFragmentShader: false
VertexAttribBindingSupport: true
CopyImageSupport: true
SPIRVSupport: false
ViewCompatibilityClassSupport: true
TexStorageSupport: true
ProgramBinarySupport: true
ProgramBinaryFormats: [36385]
GLSLVersion: 460
ColorTypeToFormat:
	UNKNOWN=>Unsupported
	R_8=>R8
	RG_88=>RG8
	RGBA_8888=>RGBA8
	R_16=>R16
	RG_1616=>RG16
	RGBA_16161616=>RBGA16
	R_F16=>R16F
	RG_F16=>RG16F
	RGBA_F16=>RGBA16F
	R_F32=>Unsupported
	RG_F32=>Unsupported
	RGBA_F32=>Unsupported
	ALPHA_8=>R8
	ALPHA_16=>R16
	ALPHA_F16=>R16F
	GRAY_8=>R8
	GRAY_16=>R16
	GRAY_ALPHA_88=>RG8
	GRAY_ALPHA_1616=>RG16
	BGRA_8888=>BGRA8
	BGR_565=>B5_G6_R5
	BGRA_5551=>BGR5_A1
	RGBA_1010102=>RGB10_A2
	BGRA_1010102=>BGR10_A2
	RGBE_9995=>Unsupported
	RGB_888=>RGB8
	RGB_161616=>RGB16
	RGBX_8888=>RGBA8
CompressionTypeToBackendFormat: [null, {mBackend=OpenGL, mFormat=ETC2}, {mBackend=OpenGL, mFormat=RGB8_BC1}, {mBackend=OpenGL, mFormat=RGBA8_BC1}]

[207月2026 16:41:58.893] [Render thread/INFO] [Iris/]: Debug functionality is disabled.
[207月2026 16:41:58.895] [Render thread/INFO] [Iris/]: OpenGL 4.5 detected, enabling DSA.
[207月2026 16:41:58.999] [Render thread/INFO] [euphoria_patcher/]: EuphoriaPatcher: Added Euphoria Patches defines to Iris
[207月2026 16:41:59.216] [Render thread/INFO] [Iris/]: Profile: HIGH (+0 options changed by user)
[207月2026 16:41:59.220] [Render thread/INFO] [mixin/]: irisflw.mixins.iris.json:ProgramSetMixin from mod irisflw->@Invoker[METHOD_PROXY]::callReadProgramSource(Lnet/irisshaders/iris/shaderpack/include/AbsolutePackPath;Ljava/util/function/Function;Ljava/lang/String;Lnet/irisshaders/iris/shaderpack/programs/ProgramSet;Lnet/irisshaders/iris/shaderpack/properties/ShaderProperties;Z)Lnet/irisshaders/iris/shaderpack/programs/ProgramSource; should be static as its target is
[207月2026 16:41:59.220] [Render thread/INFO] [mixin/]: irisflw.mixins.iris.json:ProgramSetMixin from mod irisflw->@Invoker[METHOD_PROXY]::callReadProgramSource(Lnet/irisshaders/iris/shaderpack/include/AbsolutePackPath;Ljava/util/function/Function;Ljava/lang/String;Lnet/irisshaders/iris/shaderpack/programs/ProgramSet;Lnet/irisshaders/iris/shaderpack/properties/ShaderProperties;Lnet/irisshaders/iris/gl/blending/BlendModeOverride;Z)Lnet/irisshaders/iris/shaderpack/programs/ProgramSource; should be static as its target is
[207月2026 16:41:59.686] [Render thread/INFO] [Iris/]: Using shaderpack: ComplementaryUnbound_r5.6.1 + Clrwl_1.0.4.zip
[207月2026 16:42:00.033] [modloading-worker-0/INFO] [ModSharedBootstrap/]: KryptonFNP is now accelerating your Minecraft client's networking stack ?
[207月2026 16:42:00.033] [modloading-worker-0/INFO] [ModSharedBootstrap/]: Note that KryptonFNP is most effective on servers, not the client.
[207月2026 16:42:00.036] [modloading-worker-0/INFO] [Veil/]: Veil is initializing.
[207月2026 16:42:00.064] [modloading-worker-0/INFO] [biolith/]: Biolith for NeoForge is initializing...
[207月2026 16:42:00.073] [modloading-worker-0/INFO] [org.antarcticgardens.cna.CreateNewAge/]: Hello 1.21.1 Create!
[207月2026 16:42:00.078] [modloading-worker-0/INFO] [net.neoforged.coremod.CoreMod.zstdnet/COREMODLOG]: [zstdnet] patched MinecraftServer#getCompressionThreshold for LAN mode.
[207月2026 16:42:00.140] [modloading-worker-0/INFO] [ModSharedBootstrap/]: Compression will use RecastXZ 3 (Windows x86_64), encryption will use RecastSSL 2 (Windows x86_64)
[207月2026 16:42:00.153] [modloading-worker-0/INFO] [net.neoforged.neoforge.common.NeoForgeMod/NEOFORGE-MOD]: NeoForge mod loading, version 21.1.240, for MC 1.21.1
[207月2026 16:42:00.180] [modloading-worker-0/INFO] [oelib/]: Registered config fix chain oei:common_config currentVersion=1
[207月2026 16:42:00.189] [modloading-worker-0/INFO] [dev.wuffs.bcc.BetterCompatibilityChecker/]: Better Compatibility Checker starting
[207月2026 16:42:00.189] [modloading-worker-0/INFO] [dev.wuffs.bcc.neoforge.BetterCompatibilityCheckerNeoForge/]: Better Compatibility Checker starting
[207月2026 16:42:00.247] [modloading-worker-0/INFO] [Puzzles Lib/]: Constructing components for pickupnotifier:common
[207月2026 16:42:00.248] [modloading-worker-0/INFO] [oelib/]: Loaded config oei:common_config from D:\MC_games\versions\齿轮盛宴1.21.1\config\oei\common.json
[207月2026 16:42:00.367] [modloading-worker-0/INFO] [net.pinkcats.createlazytick.CreateLazyTick/]: [CreateLazyTick][ClientBootstrap] client environment detected, starting client bootstrap
[207月2026 16:42:00.371] [modloading-worker-0/INFO] [net.pinkcats.createlazytick.CreateLazyTick/]: [CreateLazyTick][ClientBootstrap] loading ClientInit via reflection
[207月2026 16:42:00.374] [modloading-worker-0/INFO] [net.pinkcats.createlazytick.CreateLazyTick/]: [CreateLazyTick][ClientInit] registering client hooks
[207月2026 16:42:00.379] [modloading-worker-0/INFO] [com.iafenvoy.jupiter.Jupiter/]: Config spec system detected, register to Jupiter Config System.
[207月2026 16:42:00.381] [modloading-worker-0/INFO] [net.pinkcats.createlazytick.CreateLazyTick/]: [CreateLazyTick][ClientInit] goggles predicate registered
[207月2026 16:42:00.382] [modloading-worker-0/INFO] [net.pinkcats.createlazytick.CreateLazyTick/]: [CreateLazyTick][ClientInit] config screen extension registered
[207月2026 16:42:00.382] [modloading-worker-0/INFO] [net.pinkcats.createlazytick.CreateLazyTick/]: [CreateLazyTick][ClientBootstrap] ClientInit.initClient completed
[207月2026 16:42:00.657] [modloading-worker-0/INFO] [com.iafenvoy.jupiter.Jupiter/]: Cloth Config API detected, register to Jupiter Config System.
[207月2026 16:42:00.692] [modloading-worker-0/INFO] [Kambrik/]: Creating Kambrik Shared API...
[207月2026 16:42:00.692] [modloading-worker-0/INFO] [Kambrik/]: Eh?
[207月2026 16:42:00.765] [modloading-worker-0/INFO] [Puzzles Lib/]: Dispatching loading event for config pickupnotifier\pickupnotifier-client.toml
[207月2026 16:42:00.823] [modloading-worker-0/INFO] [STDOUT/]: [net.dnlayu.fastboot.FastBoot:<init>:9]: === FASTBOOT MOD LOADED SUCCESSFULLY ===
[207月2026 16:42:00.824] [modloading-worker-0/INFO] [STDOUT/]: [net.dnlayu.fastboot.FastBoot:<init>:10]: FastBoot mod is now active!
[207月2026 16:42:00.829] [modloading-worker-0/INFO] [Multiblocked2/]: Multiblocked2 is initializing on platform: NeoForge
[207月2026 16:42:00.857] [modloading-worker-0/INFO] [net.neoforged.coremod.CoreMod.zstdnet/COREMODLOG]: [zstdnet] patched Connection#getRemoteAddress for forwarded real IP.
[207月2026 16:42:01.017] [modloading-worker-0/WARN] [mixin/]: @ModifyConstant conflict. Skipping northstar.mixins.json:gravity.ParticleGravityMixin from mod northstar->@ModifyConstant::northstar$modifyInitialVelocity(D)D with priority 1000, already redirected by sable.mixins.json:particle.ParticleMixin from mod sable->@ModifyConstant::sable$removeUpwardsVelocity(D)D with priority 1000
[207月2026 16:42:01.166] [modloading-worker-0/INFO] [Puzzles Lib/]: Constructing components for pickupnotifier:client
[207月2026 16:42:01.253] [modloading-worker-0/WARN] [mixin/]: @Inject(@At("INVOKE")) Shift.BY=2 on acceleratedrendering.feature.text.mixins.json:FontMixin from mod acceleratedrendering::handler$hif000$acceleratedrendering$onDraw8xOutline1 exceeds the maximum allowed value: 0. Increase the value of maxShiftBy to suppress this warning.
[207月2026 16:42:01.603] [modloading-worker-0/INFO] [snownee.kiwi.Kiwi/INIT]: Processing 6 KiwiModule annotations
[207月2026 16:42:01.836] [modloading-worker-0/INFO] [Omnilook/]: Omnilook initialized with dev.rdh.omnilook.Neolook
[207月2026 16:42:01.844] [Omnilook Config Watcher/INFO] [Omnilook/]: Config loaded: {toggleMode=true}
[207月2026 16:42:01.901] [modloading-worker-0/INFO] [CodecUI/]: Codec construction mixins inactive (Codec, MapCodec, RecordCodecBuilder) - expected on NeoForge; using reflective schema inference (numeric ranges recovered, optional-field defaults not).
[207月2026 16:42:01.952] [modloading-worker-0/INFO] [cn.tohsaka.factory.zstdnet.client.ClientProxyPublisher/]: zstdnet client runtime initialized
[207月2026 16:42:02.012] [modloading-worker-0/INFO] [cn.tohsaka.factory.zstdnet.server.ServerProxyBootstrap/]: zstdnet server bootstrap initialized
[207月2026 16:42:02.012] [modloading-worker-0/INFO] [cn.tohsaka.factory.zstdnet.Zstdnet/]: zstdnet loaded
[207月2026 16:42:02.049] [Omnilook Config Watcher/INFO] [Omnilook/]: Config loaded: {toggleMode=true}
[207月2026 16:42:02.177] [modloading-worker-0/INFO] [de.keksuccino.melody.Melody/]: [MELODY] Loading v1.0.10 on NEOFORGE...
[207月2026 16:42:02.198] [modloading-worker-0/INFO] [de.keksuccino.konkrete.Konkrete/]: [KONKRETE] Loading v1.9.9 in client-side mode on NEOFORGE!
[207月2026 16:42:02.198] [modloading-worker-0/INFO] [de.keksuccino.konkrete.Konkrete/]: ---------------------------
[207月2026 16:42:02.198] [modloading-worker-0/INFO] [de.keksuccino.konkrete.Konkrete/]: KONKRETE SHIPS AND USES THE FOLLOWING LIBRARIES:
[207月2026 16:42:02.198] [modloading-worker-0/INFO] [de.keksuccino.konkrete.Konkrete/]:  
[207月2026 16:42:02.198] [modloading-worker-0/INFO] [de.keksuccino.konkrete.Konkrete/]: Open Imaging Copyright ? 2014 Dhyan Blum.
[207月2026 16:42:02.198] [modloading-worker-0/INFO] [de.keksuccino.konkrete.Konkrete/]: Open Imaging is licensed under Apache-2.0.
[207月2026 16:42:02.198] [modloading-worker-0/INFO] [de.keksuccino.konkrete.Konkrete/]:  
[207月2026 16:42:02.198] [modloading-worker-0/INFO] [de.keksuccino.konkrete.Konkrete/]: JsonPath Copyright ? 2017 Jayway.
[207月2026 16:42:02.198] [modloading-worker-0/INFO] [de.keksuccino.konkrete.Konkrete/]: JsonPath is licensed under Apache-2.0.
[207月2026 16:42:02.198] [modloading-worker-0/INFO] [de.keksuccino.konkrete.Konkrete/]:  
[207月2026 16:42:02.198] [modloading-worker-0/INFO] [de.keksuccino.konkrete.Konkrete/]: Json-smart Copyright ? netplex.
[207月2026 16:42:02.198] [modloading-worker-0/INFO] [de.keksuccino.konkrete.Konkrete/]: Json-smart is licensed under Apache-2.0.
[207月2026 16:42:02.198] [modloading-worker-0/INFO] [de.keksuccino.konkrete.Konkrete/]:  
[207月2026 16:42:02.200] [modloading-worker-0/INFO] [de.keksuccino.konkrete.Konkrete/]: Exp4j Copyright ? Frank Asseg.
[207月2026 16:42:02.200] [modloading-worker-0/INFO] [de.keksuccino.konkrete.Konkrete/]: Exp4j is licensed under Apache-2.0. https://github.com/fasseg/exp4j
[207月2026 16:42:02.200] [modloading-worker-0/INFO] [de.keksuccino.konkrete.Konkrete/]: ---------------------------
[207月2026 16:42:02.200] [modloading-worker-0/INFO] [de.keksuccino.konkrete.Konkrete/]: [KONKRETE] Server-side modules initialized and ready to use!
[207月2026 16:42:02.228] [modloading-worker-0/INFO] [createstructuresarise.CreateStructuresAriseMod/]: Registered Create Structures Arise gameplay config at D:\MC_games\versions\齿轮盛宴1.21.1\config\create_structures_arise-server.toml
[207月2026 16:42:02.233] [modloading-worker-0/INFO] [net.neoforged.coremod.CoreMod.zstdnet/COREMODLOG]: [zstdnet] patched ConnectScreen#startConnecting for programmatic connection interception.
[207月2026 16:42:02.253] [modloading-worker-0/INFO] [zeta/]: Doing super early config setup for zeta
[207月2026 16:42:02.495] [modloading-worker-0/INFO] [irisflw/]: IrisFLW backends initialized: dev.engine_room.flywheel.lib.backend.SimpleBackend@4df5a319
[207月2026 16:42:02.523] [modloading-worker-0/WARN] [mixin/]: Discarding @Unique public method rotate in copycats-neoforge.mixins.json:foundation.copycat.CopycatBlockMixin from mod copycats because it already exists in com.copycatsplus.copycats.content.copycat.fluid_pipe.CopycatGlassFluidPipeBlock
[207月2026 16:42:02.523] [modloading-worker-0/WARN] [mixin/]: Discarding @Unique public method mirror in copycats-neoforge.mixins.json:foundation.copycat.CopycatBlockMixin from mod copycats because it already exists in com.copycatsplus.copycats.content.copycat.fluid_pipe.CopycatGlassFluidPipeBlock
[207月2026 16:42:02.523] [modloading-worker-0/WARN] [mixin/]: Discarding @Unique public method useItemOn in copycats-neoforge.mixins.json:foundation.copycat.CopycatBlockMixin from mod copycats because it already exists in com.copycatsplus.copycats.content.copycat.fluid_pipe.CopycatGlassFluidPipeBlock
[207月2026 16:42:02.523] [modloading-worker-0/WARN] [mixin/]: Discarding @Unique public method useWithoutItem in copycats-neoforge.mixins.json:foundation.copycat.CopycatBlockMixin from mod copycats because it already exists in com.copycatsplus.copycats.content.copycat.fluid_pipe.CopycatGlassFluidPipeBlock
[207月2026 16:42:02.535] [modloading-worker-0/WARN] [mixin/]: Discarding @Unique public method rotate in copycats-neoforge.mixins.json:foundation.copycat.CopycatBlockMixin from mod copycats because it already exists in com.copycatsplus.copycats.content.copycat.door.CopycatDoorBlock
[207月2026 16:42:02.535] [modloading-worker-0/WARN] [mixin/]: Discarding @Unique public method mirror in copycats-neoforge.mixins.json:foundation.copycat.CopycatBlockMixin from mod copycats because it already exists in com.copycatsplus.copycats.content.copycat.door.CopycatDoorBlock
[207月2026 16:42:02.535] [modloading-worker-0/WARN] [mixin/]: Discarding @Unique public method useItemOn in copycats-neoforge.mixins.json:foundation.copycat.CopycatBlockMixin from mod copycats because it already exists in com.copycatsplus.copycats.content.copycat.door.CopycatDoorBlock
[207月2026 16:42:02.535] [modloading-worker-0/WARN] [mixin/]: Discarding @Unique public method useWithoutItem in copycats-neoforge.mixins.json:foundation.copycat.CopycatBlockMixin from mod copycats because it already exists in com.copycatsplus.copycats.content.copycat.door.CopycatDoorBlock
[207月2026 16:42:02.555] [modloading-worker-0/WARN] [mixin/]: Discarding @Unique public method rotate in copycats-neoforge.mixins.json:foundation.copycat.multistate.MultiStateCopycatBlockMixin from mod copycats because it already exists in com.copycatsplus.copycats.foundation.copycat.multistate.MultiStateCopycatBlock
[207月2026 16:42:02.555] [modloading-worker-0/WARN] [mixin/]: Discarding @Unique public method mirror in copycats-neoforge.mixins.json:foundation.copycat.multistate.MultiStateCopycatBlockMixin from mod copycats because it already exists in com.copycatsplus.copycats.foundation.copycat.multistate.MultiStateCopycatBlock
[207月2026 16:42:02.555] [modloading-worker-0/WARN] [mixin/]: Discarding @Unique public method useItemOn in copycats-neoforge.mixins.json:foundation.copycat.multistate.MultiStateCopycatBlockMixin from mod copycats because it already exists in com.copycatsplus.copycats.foundation.copycat.multistate.MultiStateCopycatBlock
[207月2026 16:42:02.555] [modloading-worker-0/WARN] [mixin/]: Discarding @Unique public method useWithoutItem in copycats-neoforge.mixins.json:foundation.copycat.multistate.MultiStateCopycatBlockMixin from mod copycats because it already exists in com.copycatsplus.copycats.foundation.copycat.multistate.MultiStateCopycatBlock
[207月2026 16:42:02.579] [modloading-worker-0/WARN] [mixin/]: Discarding @Unique public method rotate in copycats-neoforge.mixins.json:foundation.copycat.CopycatBlockMixin from mod copycats because it already exists in com.copycatsplus.copycats.content.copycat.sliding_door.CopycatSlidingDoorBlock
[207月2026 16:42:02.579] [modloading-worker-0/WARN] [mixin/]: Discarding @Unique public method mirror in copycats-neoforge.mixins.json:foundation.copycat.CopycatBlockMixin from mod copycats because it already exists in com.copycatsplus.copycats.content.copycat.sliding_door.CopycatSlidingDoorBlock
[207月2026 16:42:02.579] [modloading-worker-0/WARN] [mixin/]: Discarding @Unique public method useItemOn in copycats-neoforge.mixins.json:foundation.copycat.CopycatBlockMixin from mod copycats because it already exists in com.copycatsplus.copycats.content.copycat.sliding_door.CopycatSlidingDoorBlock
[207月2026 16:42:02.579] [modloading-worker-0/WARN] [mixin/]: Discarding @Unique public method useWithoutItem in copycats-neoforge.mixins.json:foundation.copycat.CopycatBlockMixin from mod copycats because it already exists in com.copycatsplus.copycats.content.copycat.sliding_door.CopycatSlidingDoorBlock
[207月2026 16:42:02.605] [modloading-worker-0/INFO] [ObservableNet/]: Registered class observable.net.C2SPacket$InitTPSProfile
[207月2026 16:42:02.607] [modloading-worker-0/WARN] [Supplementaries/]: Dye color white produced diffuse color -1 (white), this should never happen
[207月2026 16:42:02.608] [modloading-worker-0/INFO] [ObservableNet/]: Registered class observable.net.C2SPacket$RequestAvailability
[207月2026 16:42:02.614] [modloading-worker-0/INFO] [ObservableNet/]: Registered class observable.net.S2CPacket$ProfilingStarted
[207月2026 16:42:02.619] [modloading-worker-0/WARN] [mixin/]: Discarding @Unique public method rotate in copycats-neoforge.mixins.json:foundation.copycat.CopycatBlockMixin from mod copycats because it already exists in com.copycatsplus.copycats.foundation.copycat.CCCopycatBlock
[207月2026 16:42:02.619] [modloading-worker-0/WARN] [mixin/]: Discarding @Unique public method mirror in copycats-neoforge.mixins.json:foundation.copycat.CopycatBlockMixin from mod copycats because it already exists in com.copycatsplus.copycats.foundation.copycat.CCCopycatBlock
[207月2026 16:42:02.619] [modloading-worker-0/WARN] [mixin/]: Discarding @Unique public method useItemOn in copycats-neoforge.mixins.json:foundation.copycat.CopycatBlockMixin from mod copycats because it already exists in com.copycatsplus.copycats.foundation.copycat.CCCopycatBlock
[207月2026 16:42:02.619] [modloading-worker-0/WARN] [mixin/]: Discarding @Unique public method useWithoutItem in copycats-neoforge.mixins.json:foundation.copycat.CopycatBlockMixin from mod copycats because it already exists in com.copycatsplus.copycats.foundation.copycat.CCCopycatBlock
[207月2026 16:42:02.629] [modloading-worker-0/INFO] [ObservableNet/]: Registered class observable.net.S2CPacket$ProfilingCompleted
[207月2026 16:42:02.636] [modloading-worker-0/INFO] [ObservableNet/]: Registered class observable.net.S2CPacket$ProfilerInactive
[207月2026 16:42:02.645] [modloading-worker-0/INFO] [ObservableNet/]: Registered class observable.net.S2CPacket$ProfilingResult
[207月2026 16:42:02.648] [modloading-worker-0/INFO] [ObservableNet/]: Registered class observable.net.S2CPacket$Availability
[207月2026 16:42:02.709] [modloading-worker-0/WARN] [mixin/]: Discarding @Unique public method rotate in copycats-neoforge.mixins.json:foundation.copycat.CopycatBlockMixin from mod copycats because it already exists in com.copycatsplus.copycats.content.copycat.button.CopycatButtonBlock
[207月2026 16:42:02.710] [modloading-worker-0/WARN] [mixin/]: Discarding @Unique public method mirror in copycats-neoforge.mixins.json:foundation.copycat.CopycatBlockMixin from mod copycats because it already exists in com.copycatsplus.copycats.content.copycat.button.CopycatButtonBlock
[207月2026 16:42:02.710] [modloading-worker-0/WARN] [mixin/]: Discarding @Unique public method useItemOn in copycats-neoforge.mixins.json:foundation.copycat.CopycatBlockMixin from mod copycats because it already exists in com.copycatsplus.copycats.content.copycat.button.CopycatButtonBlock
[207月2026 16:42:02.710] [modloading-worker-0/WARN] [mixin/]: Discarding @Unique public method useWithoutItem in copycats-neoforge.mixins.json:foundation.copycat.CopycatBlockMixin from mod copycats because it already exists in com.copycatsplus.copycats.content.copycat.button.CopycatButtonBlock
[207月2026 16:42:02.764] [modloading-worker-0/WARN] [mixin/]: Discarding @Unique public method rotate in copycats-neoforge.mixins.json:foundation.copycat.CopycatBlockMixin from mod copycats because it already exists in com.copycatsplus.copycats.content.copycat.fence.CopycatFenceBlock
[207月2026 16:42:02.764] [modloading-worker-0/WARN] [mixin/]: Discarding @Unique public method mirror in copycats-neoforge.mixins.json:foundation.copycat.CopycatBlockMixin from mod copycats because it already exists in com.copycatsplus.copycats.content.copycat.fence.CopycatFenceBlock
[207月2026 16:42:02.764] [modloading-worker-0/WARN] [mixin/]: Discarding @Unique public method useItemOn in copycats-neoforge.mixins.json:foundation.copycat.CopycatBlockMixin from mod copycats because it already exists in com.copycatsplus.copycats.content.copycat.fence.CopycatFenceBlock
[207月2026 16:42:02.764] [modloading-worker-0/WARN] [mixin/]: Discarding @Unique public method useWithoutItem in copycats-neoforge.mixins.json:foundation.copycat.CopycatBlockMixin from mod copycats because it already exists in com.copycatsplus.copycats.content.copycat.fence.CopycatFenceBlock
[207月2026 16:42:02.781] [modloading-worker-0/INFO] [dynamiclights/]: [Dynamic Lights] Registering server started event...
[207月2026 16:42:02.784] [modloading-worker-0/WARN] [mixin/]: Discarding @Unique public method rotate in copycats-neoforge.mixins.json:foundation.copycat.CopycatBlockMixin from mod copycats because it already exists in com.copycatsplus.copycats.content.copycat.fence_gate.CopycatFenceGateBlock
[207月2026 16:42:02.784] [modloading-worker-0/INFO] [dynamiclights/]: [Dynamic Lights] MidnightLib detected!
[207月2026 16:42:02.784] [modloading-worker-0/WARN] [mixin/]: Discarding @Unique public method mirror in copycats-neoforge.mixins.json:foundation.copycat.CopycatBlockMixin from mod copycats because it already exists in com.copycatsplus.copycats.content.copycat.fence_gate.CopycatFenceGateBlock
[207月2026 16:42:02.784] [modloading-worker-0/WARN] [mixin/]: Discarding @Unique public method useItemOn in copycats-neoforge.mixins.json:foundation.copycat.CopycatBlockMixin from mod copycats because it already exists in com.copycatsplus.copycats.content.copycat.fence_gate.CopycatFenceGateBlock
[207月2026 16:42:02.784] [modloading-worker-0/WARN] [mixin/]: Discarding @Unique public method useWithoutItem in copycats-neoforge.mixins.json:foundation.copycat.CopycatBlockMixin from mod copycats because it already exists in com.copycatsplus.copycats.content.copycat.fence_gate.CopycatFenceGateBlock
[207月2026 16:42:02.796] [modloading-worker-0/INFO] [dynamiclights/]: [Dynamic Lights] Loaded Dynamic Lights by Tschipcraft successfully!
[207月2026 16:42:02.831] [modloading-worker-0/INFO] [xaero.lib.XaeroLib/]: Registering common data for channel xaerolib:main!
[207月2026 16:42:02.880] [modloading-worker-0/WARN] [mixin/]: Discarding @Unique public method rotate in copycats-neoforge.mixins.json:foundation.copycat.CopycatBlockMixin from mod copycats because it already exists in com.copycatsplus.copycats.content.copycat.ladder.CopycatLadderBlock
[207月2026 16:42:02.880] [modloading-worker-0/WARN] [mixin/]: Discarding @Unique public method mirror in copycats-neoforge.mixins.json:foundation.copycat.CopycatBlockMixin from mod copycats because it already exists in com.copycatsplus.copycats.content.copycat.ladder.CopycatLadderBlock
[207月2026 16:42:02.880] [modloading-worker-0/WARN] [mixin/]: Discarding @Unique public method useItemOn in copycats-neoforge.mixins.json:foundation.copycat.CopycatBlockMixin from mod copycats because it already exists in com.copycatsplus.copycats.content.copycat.ladder.CopycatLadderBlock
[207月2026 16:42:02.880] [modloading-worker-0/WARN] [mixin/]: Discarding @Unique public method useWithoutItem in copycats-neoforge.mixins.json:foundation.copycat.CopycatBlockMixin from mod copycats because it already exists in com.copycatsplus.copycats.content.copycat.ladder.CopycatLadderBlock
[207月2026 16:42:02.890] [modloading-worker-0/INFO] [xaero.lib.XaeroLib/]: Registering client data for channel xaerolib:main!
[207月2026 16:42:02.903] [modloading-worker-0/WARN] [mixin/]: Discarding @Unique public method rotate in copycats-neoforge.mixins.json:foundation.copycat.CopycatBlockMixin from mod copycats because it already exists in com.copycatsplus.copycats.content.copycat.pressure_plate.CopycatPressurePlateBlock
[207月2026 16:42:02.903] [modloading-worker-0/WARN] [mixin/]: Discarding @Unique public method mirror in copycats-neoforge.mixins.json:foundation.copycat.CopycatBlockMixin from mod copycats because it already exists in com.copycatsplus.copycats.content.copycat.pressure_plate.CopycatPressurePlateBlock
[207月2026 16:42:02.903] [modloading-worker-0/WARN] [mixin/]: Discarding @Unique public method useItemOn in copycats-neoforge.mixins.json:foundation.copycat.CopycatBlockMixin from mod copycats because it already exists in com.copycatsplus.copycats.content.copycat.pressure_plate.CopycatPressurePlateBlock
[207月2026 16:42:02.903] [modloading-worker-0/WARN] [mixin/]: Discarding @Unique public method useWithoutItem in copycats-neoforge.mixins.json:foundation.copycat.CopycatBlockMixin from mod copycats because it already exists in com.copycatsplus.copycats.content.copycat.pressure_plate.CopycatPressurePlateBlock
[207月2026 16:42:02.921] [modloading-worker-0/WARN] [mixin/]: Discarding @Unique public method rotate in copycats-neoforge.mixins.json:foundation.copycat.CopycatBlockMixin from mod copycats because it already exists in com.copycatsplus.copycats.content.copycat.pressure_plate.CopycatWeightedPressurePlate
[207月2026 16:42:02.921] [modloading-worker-0/WARN] [mixin/]: Discarding @Unique public method mirror in copycats-neoforge.mixins.json:foundation.copycat.CopycatBlockMixin from mod copycats because it already exists in com.copycatsplus.copycats.content.copycat.pressure_plate.CopycatWeightedPressurePlate
[207月2026 16:42:02.921] [modloading-worker-0/WARN] [mixin/]: Discarding @Unique public method useItemOn in copycats-neoforge.mixins.json:foundation.copycat.CopycatBlockMixin from mod copycats because it already exists in com.copycatsplus.copycats.content.copycat.pressure_plate.CopycatWeightedPressurePlate
[207月2026 16:42:02.921] [modloading-worker-0/WARN] [mixin/]: Discarding @Unique public method useWithoutItem in copycats-neoforge.mixins.json:foundation.copycat.CopycatBlockMixin from mod copycats because it already exists in com.copycatsplus.copycats.content.copycat.pressure_plate.CopycatWeightedPressurePlate
[207月2026 16:42:02.932] [modloading-worker-0/INFO] [xaero.lib.XaeroLib/]: Loading primary common config for channel xaerolib:main!
[207月2026 16:42:02.954] [modloading-worker-0/WARN] [mixin/]: Discarding @Unique public method rotate in copycats-neoforge.mixins.json:foundation.copycat.CopycatBlockMixin from mod copycats because it already exists in com.copycatsplus.copycats.content.copycat.stairs.CopycatStairsBlock
[207月2026 16:42:02.954] [modloading-worker-0/WARN] [mixin/]: Discarding @Unique public method mirror in copycats-neoforge.mixins.json:foundation.copycat.CopycatBlockMixin from mod copycats because it already exists in com.copycatsplus.copycats.content.copycat.stairs.CopycatStairsBlock
[207月2026 16:42:02.954] [modloading-worker-0/WARN] [mixin/]: Discarding @Unique public method useItemOn in copycats-neoforge.mixins.json:foundation.copycat.CopycatBlockMixin from mod copycats because it already exists in com.copycatsplus.copycats.content.copycat.stairs.CopycatStairsBlock
[207月2026 16:42:02.954] [modloading-worker-0/WARN] [mixin/]: Discarding @Unique public method useWithoutItem in copycats-neoforge.mixins.json:foundation.copycat.CopycatBlockMixin from mod copycats because it already exists in com.copycatsplus.copycats.content.copycat.stairs.CopycatStairsBlock
[207月2026 16:42:02.972] [modloading-worker-0/INFO] [xaero.lib.XaeroLib/]: Loading server config profiles for channel xaerolib:main!
[207月2026 16:42:02.973] [modloading-worker-0/INFO] [touhou_little_maid/]: common default pack init start...
[207月2026 16:42:02.974] [modloading-worker-0/WARN] [mixin/]: Discarding @Unique public method rotate in copycats-neoforge.mixins.json:foundation.copycat.CopycatBlockMixin from mod copycats because it already exists in com.copycatsplus.copycats.content.copycat.trapdoor.CopycatTrapdoorBlock
[207月2026 16:42:02.974] [modloading-worker-0/WARN] [mixin/]: Discarding @Unique public method mirror in copycats-neoforge.mixins.json:foundation.copycat.CopycatBlockMixin from mod copycats because it already exists in com.copycatsplus.copycats.content.copycat.trapdoor.CopycatTrapdoorBlock
[207月2026 16:42:02.974] [modloading-worker-0/WARN] [mixin/]: Discarding @Unique public method useItemOn in copycats-neoforge.mixins.json:foundation.copycat.CopycatBlockMixin from mod copycats because it already exists in com.copycatsplus.copycats.content.copycat.trapdoor.CopycatTrapdoorBlock
[207月2026 16:42:02.974] [modloading-worker-0/WARN] [mixin/]: Discarding @Unique public method useWithoutItem in copycats-neoforge.mixins.json:foundation.copycat.CopycatBlockMixin from mod copycats because it already exists in com.copycatsplus.copycats.content.copycat.trapdoor.CopycatTrapdoorBlock
[207月2026 16:42:02.983] [modloading-worker-0/INFO] [xaero.lib.XaeroLib/]: Loading primary client config for channel xaerolib:main!
[207月2026 16:42:02.992] [modloading-worker-0/INFO] [xaero.lib.XaeroLib/]: Loading client config profiles for channel xaerolib:main!
[207月2026 16:42:03.012] [modloading-worker-0/WARN] [mixin/]: Discarding @Unique public method rotate in copycats-neoforge.mixins.json:foundation.copycat.CopycatBlockMixin from mod copycats because it already exists in com.copycatsplus.copycats.content.copycat.wall.CopycatWallBlock
[207月2026 16:42:03.012] [modloading-worker-0/WARN] [mixin/]: Discarding @Unique public method mirror in copycats-neoforge.mixins.json:foundation.copycat.CopycatBlockMixin from mod copycats because it already exists in com.copycatsplus.copycats.content.copycat.wall.CopycatWallBlock
[207月2026 16:42:03.012] [modloading-worker-0/WARN] [mixin/]: Discarding @Unique public method useItemOn in copycats-neoforge.mixins.json:foundation.copycat.CopycatBlockMixin from mod copycats because it already exists in com.copycatsplus.copycats.content.copycat.wall.CopycatWallBlock
[207月2026 16:42:03.013] [modloading-worker-0/WARN] [mixin/]: Discarding @Unique public method useWithoutItem in copycats-neoforge.mixins.json:foundation.copycat.CopycatBlockMixin from mod copycats because it already exists in com.copycatsplus.copycats.content.copycat.wall.CopycatWallBlock
[207月2026 16:42:03.075] [modloading-worker-0/WARN] [mixin/]: Discarding @Unique public method rotate in copycats-neoforge.mixins.json:foundation.copycat.CopycatBlockMixin from mod copycats because it already exists in com.copycatsplus.copycats.content.copycat.shaft.CopycatShaftBlock
[207月2026 16:42:03.075] [modloading-worker-0/WARN] [mixin/]: Discarding @Unique public method mirror in copycats-neoforge.mixins.json:foundation.copycat.CopycatBlockMixin from mod copycats because it already exists in com.copycatsplus.copycats.content.copycat.shaft.CopycatShaftBlock
[207月2026 16:42:03.075] [modloading-worker-0/WARN] [mixin/]: Discarding @Unique public method useItemOn in copycats-neoforge.mixins.json:foundation.copycat.CopycatBlockMixin from mod copycats because it already exists in com.copycatsplus.copycats.content.copycat.shaft.CopycatShaftBlock
[207月2026 16:42:03.075] [modloading-worker-0/WARN] [mixin/]: Discarding @Unique public method useWithoutItem in copycats-neoforge.mixins.json:foundation.copycat.CopycatBlockMixin from mod copycats because it already exists in com.copycatsplus.copycats.content.copycat.shaft.CopycatShaftBlock
[207月2026 16:42:03.123] [modloading-worker-0/WARN] [mixin/]: Discarding @Unique public method rotate in copycats-neoforge.mixins.json:foundation.copycat.multistate.MultiStateCopycatBlockMixin from mod copycats because it already exists in com.copycatsplus.copycats.content.copycat.cogwheel.CopycatCogWheelBlock
[207月2026 16:42:03.123] [modloading-worker-0/WARN] [mixin/]: Discarding @Unique public method mirror in copycats-neoforge.mixins.json:foundation.copycat.multistate.MultiStateCopycatBlockMixin from mod copycats because it already exists in com.copycatsplus.copycats.content.copycat.cogwheel.CopycatCogWheelBlock
[207月2026 16:42:03.123] [modloading-worker-0/WARN] [mixin/]: Discarding @Unique public method useItemOn in copycats-neoforge.mixins.json:foundation.copycat.multistate.MultiStateCopycatBlockMixin from mod copycats because it already exists in com.copycatsplus.copycats.content.copycat.cogwheel.CopycatCogWheelBlock
[207月2026 16:42:03.123] [modloading-worker-0/WARN] [mixin/]: Discarding @Unique public method useWithoutItem in copycats-neoforge.mixins.json:foundation.copycat.multistate.MultiStateCopycatBlockMixin from mod copycats because it already exists in com.copycatsplus.copycats.content.copycat.cogwheel.CopycatCogWheelBlock
[207月2026 16:42:03.158] [modloading-worker-0/WARN] [mixin/]: Discarding @Unique public method rotate in copycats-neoforge.mixins.json:foundation.copycat.CopycatBlockMixin from mod copycats because it already exists in com.copycatsplus.copycats.content.copycat.fluid_pipe.CopycatFluidPipeBlock
[207月2026 16:42:03.158] [modloading-worker-0/WARN] [mixin/]: Discarding @Unique public method mirror in copycats-neoforge.mixins.json:foundation.copycat.CopycatBlockMixin from mod copycats because it already exists in com.copycatsplus.copycats.content.copycat.fluid_pipe.CopycatFluidPipeBlock
[207月2026 16:42:03.158] [modloading-worker-0/WARN] [mixin/]: Discarding @Unique public method useItemOn in copycats-neoforge.mixins.json:foundation.copycat.CopycatBlockMixin from mod copycats because it already exists in com.copycatsplus.copycats.content.copycat.fluid_pipe.CopycatFluidPipeBlock
[207月2026 16:42:03.158] [modloading-worker-0/WARN] [mixin/]: Discarding @Unique public method useWithoutItem in copycats-neoforge.mixins.json:foundation.copycat.CopycatBlockMixin from mod copycats because it already exists in com.copycatsplus.copycats.content.copycat.fluid_pipe.CopycatFluidPipeBlock
[207月2026 16:42:03.166] [modloading-worker-0/WARN] [mixin/]: @Inject(@At("INVOKE")) Shift.BY=2 on create_connected.mixins.json:sequencedgearshift.SequencedGearshiftScreenMixin from mod create_connected::handler$ejk000$create_connected$updateParamsOfRow exceeds the maximum allowed value: 0. Increase the value of maxShiftBy to suppress this warning.
[207月2026 16:42:03.179] [modloading-worker-0/INFO] [jecharacters/]: Good to see you, Snownee
[207月2026 16:42:03.179] [modloading-worker-0/INFO] [jecharacters/]: Good to see you, TartaricAcid
[207月2026 16:42:03.187] [modloading-worker-0/WARN] [mixin/]: Discarding @Unique public method rotate in copycats-neoforge.mixins.json:foundation.copycat.CopycatBlockMixin from mod copycats because it already exists in com.copycatsplus.copycats.content.copycat.pane.CopycatPaneBlock
[207月2026 16:42:03.187] [modloading-worker-0/WARN] [mixin/]: Discarding @Unique public method mirror in copycats-neoforge.mixins.json:foundation.copycat.CopycatBlockMixin from mod copycats because it already exists in com.copycatsplus.copycats.content.copycat.pane.CopycatPaneBlock
[207月2026 16:42:03.187] [modloading-worker-0/WARN] [mixin/]: Discarding @Unique public method useItemOn in copycats-neoforge.mixins.json:foundation.copycat.CopycatBlockMixin from mod copycats because it already exists in com.copycatsplus.copycats.content.copycat.pane.CopycatPaneBlock
[207月2026 16:42:03.187] [modloading-worker-0/WARN] [mixin/]: Discarding @Unique public method useWithoutItem in copycats-neoforge.mixins.json:foundation.copycat.CopycatBlockMixin from mod copycats because it already exists in com.copycatsplus.copycats.content.copycat.pane.CopycatPaneBlock
[207月2026 16:42:03.187] [modloading-worker-0/INFO] [de.keksuccino.fancymenu.FancyMenu/]: [FANCYMENU] Loading v3.9.8 in client-side mode on NEOFORGE!
[207月2026 16:42:03.270] [modloading-worker-0/WARN] [mixin/]: Discarding @Unique public method onLoad in copycats-neoforge.mixins.json:foundation.copycat.CopycatBlockEntityMixin from mod copycats because it already exists in com.copycatsplus.copycats.foundation.copycat.CCCopycatBlockEntity
[207月2026 16:42:03.291] [modloading-worker-0/WARN] [mixin/]: Discarding @Unique public method onLoad in copycats-neoforge.mixins.json:foundation.copycat.multistate.MultiStateCopycatBlockEntityMixin from mod copycats because it already exists in com.copycatsplus.copycats.foundation.copycat.multistate.MultiStateCopycatBlockEntity
[207月2026 16:42:03.307] [modloading-worker-0/INFO] [PluginManager/]: Scanning classes for functionalstorage
[207月2026 16:42:03.308] [modloading-worker-0/WARN] [mixin/]: Discarding @Unique public method onLoad in copycats-neoforge.mixins.json:foundation.copycat.CopycatBlockEntityMixin from mod copycats because it already exists in com.copycatsplus.copycats.content.copycat.shaft.CopycatShaftBlockEntity
[207月2026 16:42:03.313] [modloading-worker-0/WARN] [mixin/]: Discarding @Unique public method onLoad in copycats-neoforge.mixins.json:foundation.copycat.multistate.MultiStateCopycatBlockEntityMixin from mod copycats because it already exists in com.copycatsplus.copycats.content.copycat.cogwheel.CopycatCogWheelBlockEntity
[207月2026 16:42:03.328] [modloading-worker-0/WARN] [mixin/]: Discarding @Unique public method onLoad in copycats-neoforge.mixins.json:foundation.copycat.CopycatBlockEntityMixin from mod copycats because it already exists in com.copycatsplus.copycats.content.copycat.fluid_pipe.CopycatFluidPipeBlockEntity
[207月2026 16:42:03.336] [modloading-worker-0/WARN] [mixin/]: Discarding @Unique public method onLoad in copycats-neoforge.mixins.json:foundation.copycat.CopycatBlockEntityMixin from mod copycats because it already exists in com.copycatsplus.copycats.content.copycat.fluid_pipe.CopycatStraightPipeBlockEntity
[207月2026 16:42:03.344] [modloading-worker-0/WARN] [mixin/]: Discarding @Unique public method onLoad in copycats-neoforge.mixins.json:foundation.copycat.CopycatBlockEntityMixin from mod copycats because it already exists in com.copycatsplus.copycats.content.copycat.sliding_door.CopycatSlidingDoorBlockEntity
[207月2026 16:42:03.386] [modloading-worker-0/INFO] [fzzy_config/]: Loaded config fzzy_config:keybinds in 765ms
[207月2026 16:42:03.455] [modloading-worker-0/INFO] [quark-zeta/]: Discovered 163 modules to load.
[207月2026 16:42:03.687] [modloading-worker-0/INFO] [Create Deco/]: Registering items for Create Deco
[207月2026 16:42:03.696] [modloading-worker-0/INFO] [world_preview/]: Loading config file: D:\MC_games\versions\齿轮盛宴1.21.1\config\world_preview\config.json
[207月2026 16:42:03.751] [modloading-worker-0/INFO] [io.github.reserveword.imblocker.common.IMBlockerCore/]: [IMBlocker] bakelist screenWhitelist result [class com.enxv.aeronauticsstructuretool.ToolModeScreen, class net.minecraft.client.gui.screens.inventory.AbstractSignEditScreen, class net.minecraft.client.gui.screens.inventory.BookEditScreen, class net.mehvahdjukaar.supplementaries.client.screens.TextHolderEditScreen, class com.simibubi.create.content.equipment.clipboard.ClipboardScreen, class dev.simulated_team.simulated.content.blocks.nameplate.NameplateScreen]
[207月2026 16:42:03.767] [modloading-worker-0/INFO] [Create Deco/]: Registering blocks for Create Deco
[207月2026 16:42:03.820] [modloading-worker-0/WARN] [mixin/]: @Inject(@At("INVOKE")) Shift.BY=2 on quality_food.mixins.json:kaleidoscope_cookery.PotBlockEntityMixin from mod quality_food::handler$fgn000$quality_food$applyQuality exceeds the maximum allowed value: 0. Increase the value of maxShiftBy to suppress this warning.
[207月2026 16:42:03.831] [modloading-worker-0/INFO] [Create Deco/]: Populating connected texture maps...
[207月2026 16:42:03.853] [modloading-worker-0/WARN] [mixin/]: @Inject(@At("INVOKE")) Shift.BY=2 on quality_food.mixins.json:kaleidoscope_cookery.StockpotBlockEntityMixin from mod quality_food::handler$fha000$quality_food$applyQuality exceeds the maximum allowed value: 0. Increase the value of maxShiftBy to suppress this warning.
[207月2026 16:42:03.888] [modloading-worker-0/INFO] [LowDragLib2/]: LowDragLib2 is initializing on platform: NeoForge
[207月2026 16:42:03.985] [modloading-worker-0/WARN] [mixin/]: Static binding violation: PRIVATE @Overwrite method elementOrTag in modernfix-modernfix.mixins.json:perf.tag_id_caching.TagEntryMixin from mod modernfix cannot reduce visibiliy of PUBLIC target method, visibility will be upgraded.
[207月2026 16:42:03.991] [modloading-worker-0/INFO] [Torchmaster/]: Initializing Torchmaster for platform NeoForge
[207月2026 16:42:03.993] [modloading-worker-0/INFO] [Torchmaster/]: Debug Logging Enabled: false
[207月2026 16:42:04.054] [modloading-worker-0/INFO] [IAS/IASMinecraft/]: IAS: Booting up... (version: 9.0.7+1.21.1-neoforge, loader: NeoForge, loader version: 21.1.240, game version: 1.21.1)
[207月2026 16:42:04.062] [modloading-worker-0/INFO] [IAS/]: IAS: Initializing IAS...
[207月2026 16:42:04.124] [modloading-worker-0/INFO] [IAS/]: IAS: IAS has been loaded.
[207月2026 16:42:04.194] [modloading-worker-0/INFO] [site.fqo3.adlf.ADLFMod/]: [ADLF] Display Link Fix v1.3 loaded — config not yet loaded
[207月2026 16:42:04.206] [modloading-worker-0/INFO] [quark-zeta/]: Constructed 163 modules.
[207月2026 16:42:04.217] [modloading-worker-0/INFO] [net.nuclearteam.createnuclear.CreateNuclear/]: createnuclear 6.0.10 initializing! Commit hash: ac0c444d9828da3453ae8cc65338e8de063286fb
[207月2026 16:42:04.219] [modloading-worker-0/INFO] [net.nuclearteam.createnuclear.CreateNuclear/]: Registering mod tags for createnuclear
[207月2026 16:42:04.229] [modloading-worker-0/INFO] [Create: Transmission/]: Loading creative tabs for Create: Transmission
[207月2026 16:42:04.232] [modloading-worker-0/INFO] [me.wesley1808.servercore.common.ServerCore/]: [ServerCore] Loaded V1.5.19+1.21.1!
[207月2026 16:42:04.253] [modloading-worker-0/INFO] [Create: Transmission/]: Registering blocks for Create: Transmission
[207月2026 16:42:04.262] [modloading-worker-0/INFO] [Create: Transmission/]: Registering blocks entities for Create: Transmission
[207月2026 16:42:04.284] [modloading-worker-0/INFO] [quark-zeta/]: Doing super early config setup for quark
[207月2026 16:42:04.301] [modloading-worker-0/INFO] [Create: Transmission/]: Loading partial models for Create: Transmission
[207月2026 16:42:04.372] [modloading-worker-0/INFO] [net.fabricmc.fabric.impl.client.indigo.Indigo/]: [Indigo] Different rendering plugin detected; not applying Indigo.
[207月2026 16:42:04.385] [modloading-worker-0/INFO] [net.nuclearteam.createnuclear.CreateNuclear/]: Registering ModBlocks for createnuclear
[207月2026 16:42:04.427] [modloading-worker-0/WARN] [mixin/]: Discarding @Unique public method useItemOn in copycats-common.mixins.json:copycat.step.CopycatStepBlockMixin from mod copycats because it already exists in com.simibubi.create.content.decoration.copycat.CopycatStepBlock
[207月2026 16:42:04.435] [modloading-worker-0/INFO] [cc.sighs.oelib.event.EventAutoRegistration/]: [EventAutoReg] Scanning 1 package(s) for event listeners...
[207月2026 16:42:04.442] [modloading-worker-0/WARN] [mixin/]: Discarding @Unique public method useItemOn in copycats-common.mixins.json:copycat.panel.CopycatPanelBlockMixin from mod copycats because it already exists in com.simibubi.create.content.decoration.copycat.CopycatPanelBlock
[207月2026 16:42:04.443] [modloading-worker-0/WARN] [mixin/]: Discarding @Unique public method mirror in copycats-common.mixins.json:copycat.panel.CopycatPanelBlockMixin from mod copycats because it already exists in com.simibubi.create.content.decoration.copycat.CopycatPanelBlock
[207月2026 16:42:04.443] [modloading-worker-0/WARN] [mixin/]: Discarding @Unique public method rotate in copycats-common.mixins.json:copycat.panel.CopycatPanelBlockMixin from mod copycats because it already exists in com.simibubi.create.content.decoration.copycat.CopycatPanelBlock
[207月2026 16:42:04.489] [modloading-worker-0/INFO] [cc.sighs.oelib.event.EventAutoRegistration/]: [EventAutoReg] Registered 1 listener class(es).
[207月2026 16:42:04.515] [modloading-worker-0/INFO] [BrandonsCore/]: Hey! Where's DE?
[207月2026 16:42:04.515] [modloading-worker-0/INFO] [BrandonsCore/]: Oh well.. At least we dont have to worry about getting blown up now...
[207月2026 16:42:04.568] [modloading-worker-0/INFO] [oelib/]: Migrated and rewrote config oelib:dev_features to D:\MC_games\versions\齿轮盛宴1.21.1\config\oelib\dev_features.toml
[207月2026 16:42:04.568] [modloading-worker-0/INFO] [oelib/]: Loaded config oelib:dev_features from D:\MC_games\versions\齿轮盛宴1.21.1\config\oelib\dev_features.toml
[207月2026 16:42:04.579] [modloading-worker-0/INFO] [oelib/]: Data registry initialized with 1 registered types
[207月2026 16:42:04.581] [modloading-worker-0/WARN] [oelib/]: MVEL2 not found in classpath. Expression engine will be disabled.
[207月2026 16:42:04.583] [modloading-worker-0/INFO] [oelib/]: Loaded config oelib:dev_features from D:\MC_games\versions\齿轮盛宴1.21.1\config\oelib\dev_features.toml
[207月2026 16:42:04.604] [modloading-worker-0/INFO] [oelib/]: Registered config oelib:festival_toast from mod oelib side CLIENT format TOML filename oelib_festivals directory oelib
[207月2026 16:42:04.613] [modloading-worker-0/INFO] [oelib/]: Migrated and rewrote config oelib:festival_toast to D:\MC_games\versions\齿轮盛宴1.21.1\config\oelib\oelib_festivals.toml
[207月2026 16:42:04.613] [modloading-worker-0/INFO] [oelib/]: Loaded config oelib:festival_toast from D:\MC_games\versions\齿轮盛宴1.21.1\config\oelib\oelib_festivals.toml
[207月2026 16:42:04.690] [modloading-worker-0/INFO] [glitchcore/]: Registered synced config with path sereneseasons/fertility.toml
[207月2026 16:42:04.690] [modloading-worker-0/INFO] [glitchcore/]: Registered synced config with path sereneseasons/seasons.toml
[207月2026 16:42:04.699] [modloading-worker-0/INFO] [com.axperty.cratedelight.CrateDelight/]: Crate Delight loaded
[207月2026 16:42:04.821] [modloading-worker-0/INFO] [de.keksuccino.drippyloadingscreen.DrippyLoadingScreen/]: [DRIPPY LOADING SCREEN] Loading v3.1.2 in client-side mode on NEOFORGE!
[207月2026 16:42:04.841] [modloading-worker-0/WARN] [patchouli/]: Could not locate JEI keybindings, lookups in books may not work
[207月2026 16:42:04.842] [modloading-worker-0/INFO] [DragonLib Networking System/]: Registering C2S network packet of type SEND_AND_RECEIVE with id 'get_station_tag' in 'createrailwaysnavigator:network'.
[207月2026 16:42:04.846] [modloading-worker-0/INFO] [STDOUT/]: [yalter.mousetweaks.Logger:Log:6]: [Mouse Tweaks] Main.initialize()
[207月2026 16:42:04.848] [modloading-worker-0/INFO] [DragonLib Networking System/]: Registering C2S network packet of type SEND_AND_RECEIVE with id 'get_station_tag_by_tag' in 'createrailwaysnavigator:network'.
[207月2026 16:42:04.852] [modloading-worker-0/INFO] [STDOUT/]: [yalter.mousetweaks.Logger:Log:6]: [Mouse Tweaks] Initialized.
[207月2026 16:42:04.855] [modloading-worker-0/INFO] [DragonLib Networking System/]: Registering C2S network packet of type SEND_AND_RECEIVE with id 'create_station_tag' in 'createrailwaysnavigator:network'.
[207月2026 16:42:04.863] [modloading-worker-0/INFO] [DragonLib Networking System/]: Registering C2S network packet of type SEND_AND_RECEIVE with id 'update_station_tag_permissions' in 'createrailwaysnavigator:network'.
[207月2026 16:42:04.871] [modloading-worker-0/INFO] [DragonLib Networking System/]: Registering C2S network packet of type SEND_AND_RECEIVE with id 'add_station_tag_entry' in 'createrailwaysnavigator:network'.
[207月2026 16:42:04.879] [modloading-worker-0/INFO] [DragonLib Networking System/]: Registering C2S network packet of type SEND_AND_RECEIVE with id 'update_station_tag_entry' in 'createrailwaysnavigator:network'.
[207月2026 16:42:04.887] [modloading-worker-0/INFO] [DragonLib Networking System/]: Registering C2S network packet of type SEND_AND_RECEIVE with id 'remove_station_tag_entry' in 'createrailwaysnavigator:network'.
[207月2026 16:42:04.895] [modloading-worker-0/INFO] [DragonLib Networking System/]: Registering C2S network packet of type SEND_AND_RECEIVE with id 'get_all_stations_as_station_tags' in 'createrailwaysnavigator:network'.
[207月2026 16:42:04.903] [modloading-worker-0/INFO] [DragonLib Networking System/]: Registering C2S network packet of type SEND_AND_RECEIVE with id 'get_train_category' in 'createrailwaysnavigator:network'.
[207月2026 16:42:04.912] [modloading-worker-0/INFO] [DragonLib Networking System/]: Registering C2S network packet of type SEND_AND_RECEIVE with id 'update_train_category_name' in 'createrailwaysnavigator:network'.
[207月2026 16:42:04.923] [modloading-worker-0/INFO] [DragonLib Networking System/]: Registering C2S network packet of type SEND_AND_RECEIVE with id 'create_train_category' in 'createrailwaysnavigator:network'.
[207月2026 16:42:04.932] [modloading-worker-0/INFO] [DragonLib Networking System/]: Registering C2S network packet of type SEND_AND_RECEIVE with id 'update_train_category_permissions' in 'createrailwaysnavigator:network'.
[207月2026 16:42:04.940] [modloading-worker-0/INFO] [DragonLib Networking System/]: Registering C2S network packet of type SEND_AND_RECEIVE with id 'add_station_to_blacklist' in 'createrailwaysnavigator:network'.
[207月2026 16:42:04.951] [modloading-worker-0/INFO] [DragonLib Networking System/]: Registering C2S network packet of type SEND_AND_RECEIVE with id 'remove_station_from_blacklist' in 'createrailwaysnavigator:network'.
[207月2026 16:42:04.962] [modloading-worker-0/INFO] [DragonLib Networking System/]: Registering C2S network packet of type SEND_AND_RECEIVE with id 'add_train_to_blacklist' in 'createrailwaysnavigator:network'.
[207月2026 16:42:04.970] [modloading-worker-0/INFO] [DragonLib Networking System/]: Registering C2S network packet of type SEND_AND_RECEIVE with id 'remove_train_from_blacklist' in 'createrailwaysnavigator:network'.
[207月2026 16:42:04.979] [modloading-worker-0/INFO] [DragonLib Networking System/]: Registering C2S network packet of type SEND_AND_RECEIVE with id 'update_realtime' in 'createrailwaysnavigator:network'.
[207月2026 16:42:04.982] [modloading-worker-0/INFO] [thedarkcolour.kotlinforforge.neoforge.test.KotlinForForge/]: Kotlin For Forge Enabled!
[207月2026 16:42:04.988] [modloading-worker-0/INFO] [DragonLib Networking System/]: Registering C2S network packet of type SEND_AND_RECEIVE with id 'get_user_settings' in 'createrailwaysnavigator:network'.
[207月2026 16:42:04.998] [modloading-worker-0/INFO] [DragonLib Networking System/]: Registering C2S network packet of type SEND_AND_RECEIVE with id 'get_nearest_station' in 'createrailwaysnavigator:network'.
[207月2026 16:42:05.007] [modloading-worker-0/INFO] [DragonLib Networking System/]: Registering C2S network packet of type SEND_AND_RECEIVE with id 'get_train_display_data' in 'createrailwaysnavigator:network'.
[207月2026 16:42:05.018] [modloading-worker-0/INFO] [DragonLib Networking System/]: Registering C2S network packet of type SEND_AND_RECEIVE with id 'get_next_connections_display_data' in 'createrailwaysnavigator:network'.
[207月2026 16:42:05.024] [modloading-worker-0/INFO] [DragonLib Networking System/]: Registering C2S network packet of type SEND_AND_RECEIVE with id 'get_train_line' in 'createrailwaysnavigator:network'.
[207月2026 16:42:05.034] [modloading-worker-0/INFO] [DragonLib Networking System/]: Registering C2S network packet of type SEND_AND_RECEIVE with id 'update_train_line_name' in 'createrailwaysnavigator:network'.
[207月2026 16:42:05.040] [modloading-worker-0/INFO] [DragonLib Networking System/]: Registering C2S network packet of type SEND_AND_RECEIVE with id 'create_train_line' in 'createrailwaysnavigator:network'.
[207月2026 16:42:05.050] [modloading-worker-0/INFO] [DragonLib Networking System/]: Registering C2S network packet of type SEND_AND_RECEIVE with id 'update_train_line_permissions' in 'createrailwaysnavigator:network'.
[207月2026 16:42:05.058] [modloading-worker-0/INFO] [DragonLib Networking System/]: Registering C2S network packet of type SEND_AND_RECEIVE with id 'navigate' in 'createrailwaysnavigator:network'.
[207月2026 16:42:05.068] [modloading-worker-0/INFO] [DragonLib Networking System/]: Registering C2S network packet of type SEND_AND_RECEIVE with id 'get_departure_and_arrival_routes_at' in 'createrailwaysnavigator:network'.
[207月2026 16:42:05.069] [modloading-worker-0/INFO] [Puzzles Lib/]: Constructing components for puzzleslib:common
[207月2026 16:42:05.073] [modloading-worker-0/INFO] [Puzzles Lib/]: Constructing components for puzzleslib:client
[207月2026 16:42:05.076] [modloading-worker-0/INFO] [DragonLib Networking System/]: Registering C2S network packet of type SEND_AND_RECEIVE with id 'get_departures_at' in 'createrailwaysnavigator:network'.
[207月2026 16:42:05.083] [modloading-worker-0/INFO] [DragonLib Networking System/]: Registering C2S network packet of type SEND_AND_RECEIVE with id 'get_station_departure_history' in 'createrailwaysnavigator:network'.
[207月2026 16:42:05.089] [modloading-worker-0/INFO] [ModernUI-MC/Init]: Initialized Modern UI
[207月2026 16:42:05.090] [modloading-worker-0/INFO] [DragonLib Networking System/]: Registering C2S network packet of type SEND_AND_RECEIVE with id 'register_station_tag' in 'createrailwaysnavigator:network'.
[207月2026 16:42:05.094] [modloading-worker-0/INFO] [DragonLib Networking System/]: Registering C2S network packet of type SEND_AND_RECEIVE with id 'delete_station_tag' in 'createrailwaysnavigator:network'.
[207月2026 16:42:05.101] [modloading-worker-0/INFO] [DragonLib Networking System/]: Registering C2S network packet of type SEND_AND_RECEIVE with id 'update_station_tag_name' in 'createrailwaysnavigator:network'.
[207月2026 16:42:05.113] [modloading-worker-0/INFO] [DragonLib Networking System/]: Registering C2S network packet of type SEND_AND_RECEIVE with id 'delete_train_category' in 'createrailwaysnavigator:network'.
[207月2026 16:42:05.117] [modloading-worker-0/INFO] [DragonLib Networking System/]: Registering C2S network packet of type SEND_AND_RECEIVE with id 'update_train_category_color' in 'createrailwaysnavigator:network'.
[207月2026 16:42:05.120] [modloading-worker-0/INFO] [DragonLib Networking System/]: Registering C2S network packet of type SEND_AND_RECEIVE with id 'delete_train_line' in 'createrailwaysnavigator:network'.
[207月2026 16:42:05.125] [modloading-worker-0/INFO] [DragonLib Networking System/]: Registering C2S network packet of type SEND_AND_RECEIVE with id 'update_train_line_color' in 'createrailwaysnavigator:network'.
[207月2026 16:42:05.128] [modloading-worker-0/INFO] [DragonLib Networking System/]: Registering C2S network packet of type SEND_AND_RECEIVE with id 'save_user_settings' in 'createrailwaysnavigator:network'.
[207月2026 16:42:05.134] [modloading-worker-0/INFO] [DragonLib Networking System/]: Registering C2S network packet of type SEND with id 'train_soft_reset' in 'createrailwaysnavigator:network'.
[207月2026 16:42:05.138] [modloading-worker-0/INFO] [DragonLib Networking System/]: Registering C2S network packet of type SEND with id 'train_hard_reset' in 'createrailwaysnavigator:network'.
[207月2026 16:42:05.139] [modloading-worker-0/INFO] [xaero.hud.minimap.MinimapLogs/]: Xaero's Minimap: World Map found!
[207月2026 16:42:05.139] [modloading-worker-0/INFO] [xaero.hud.minimap.MinimapLogs/]: No Optifine!
[207月2026 16:42:05.140] [modloading-worker-0/INFO] [xaero.hud.minimap.MinimapLogs/]: Xaero's Minimap: No Vivecraft!
[207月2026 16:42:05.140] [modloading-worker-0/INFO] [xaero.hud.minimap.MinimapLogs/]: Xaero's Minimap: Iris found!
[207月2026 16:42:05.145] [modloading-worker-0/INFO] [xaero.hud.minimap.MinimapLogs/]: Xaero's Minimap: Waystones found!
[207月2026 16:42:05.146] [modloading-worker-0/INFO] [DragonLib Networking System/]: Registering C2S network packet of type SEND with id 'advanced_display_update_packet' in 'createrailwaysnavigator:network'.
[207月2026 16:42:05.149] [modloading-worker-0/INFO] [DragonLib Networking System/]: Registering C2S network packet of type SEND with id 'teleport_player' in 'createrailwaysnavigator:network'.
[207月2026 16:42:05.156] [modloading-worker-0/INFO] [DragonLib Networking System/]: Registering C2S network packet of type RECEIVE with id 'get_all_station_tags' in 'createrailwaysnavigator:network'.
[207月2026 16:42:05.159] [modloading-worker-0/INFO] [DragonLib Networking System/]: Registering C2S network packet of type RECEIVE with id 'get_all_train_categories' in 'createrailwaysnavigator:network'.
[207月2026 16:42:05.164] [modloading-worker-0/INFO] [DragonLib Networking System/]: Registering C2S network packet of type RECEIVE with id 'get_all_train_lines' in 'createrailwaysnavigator:network'.
[207月2026 16:42:05.169] [modloading-worker-0/INFO] [DragonLib Networking System/]: Registering C2S network packet of type RECEIVE with id 'get_all_blacklisted_stations' in 'createrailwaysnavigator:network'.
[207月2026 16:42:05.174] [modloading-worker-0/INFO] [DragonLib Networking System/]: Registering C2S network packet of type RECEIVE with id 'get_all_blacklisted_trains' in 'createrailwaysnavigator:network'.
[207月2026 16:42:05.178] [modloading-worker-0/INFO] [DragonLib Networking System/]: Registering C2S network packet of type RECEIVE with id 'get_all_train_names' in 'createrailwaysnavigator:network'.
[207月2026 16:42:05.182] [modloading-worker-0/INFO] [DragonLib Networking System/]: Registering C2S network packet of type RECEIVE with id 'get_all_station_names' in 'createrailwaysnavigator:network'.
[207月2026 16:42:05.186] [modloading-worker-0/INFO] [DragonLib Networking System/]: Registering C2S network packet of type RECEIVE with id 'all_trains_initialized' in 'createrailwaysnavigator:network'.
[207月2026 16:42:05.190] [modloading-worker-0/INFO] [DragonLib Networking System/]: Registering C2S network packet of type RECEIVE with id 'get_all_trains_debug_data' in 'createrailwaysnavigator:network'.
[207月2026 16:42:05.192] [modloading-worker-0/INFO] [DragonLib Networking System/]: Registering C2S network packet of type RECEIVE with id 'get_online_players' in 'createrailwaysnavigator:network'.
[207月2026 16:42:05.196] [modloading-worker-0/INFO] [DragonLib Networking System/]: Registering S2C network packet of type SEND with id 'show_train_debug_screen' in 'createrailwaysnavigator:network'.
[207月2026 16:42:05.198] [modloading-worker-0/INFO] [DragonLib Networking System/]: Registering S2C network packet of type SEND with id 'server_error' in 'createrailwaysnavigator:network'.
[207月2026 16:42:05.199] [modloading-worker-0/INFO] [xaero.common.HudMod/]: Registering common data for channel xaerominimap:main!
[207月2026 16:42:05.327] [modloading-worker-0/INFO] [xaero.common.HudMod/]: Registering client data for channel xaerominimap:main!
[207月2026 16:42:05.484] [modloading-worker-0/INFO] [xaero.common.HudMod/]: Loading primary common config for channel xaerominimap:main!
[207月2026 16:42:05.494] [modloading-worker-0/INFO] [xaero.common.HudMod/]: Loading server config profiles for channel xaerominimap:main!
[207月2026 16:42:05.505] [modloading-worker-0/INFO] [xaero.common.HudMod/]: Loading primary client config for channel xaerominimap:main!
[207月2026 16:42:05.514] [modloading-worker-0/INFO] [xaero.common.HudMod/]: Loading client config profiles for channel xaerominimap:main!
[207月2026 16:42:05.588] [modloading-worker-0/INFO] [ModernUI-MC/UIManager]: UI manager initialized
[207月2026 16:42:05.667] [modloading-worker-0/INFO] [mezz.jei.library.load.PluginCaller/]: Sending ConfigManager...
[207月2026 16:42:05.714] [modloading-worker-0/INFO] [mezz.jei.library.load.PluginCaller/]: Sending ConfigManager took 44.42 milliseconds
[207月2026 16:42:05.774] [modloading-worker-0/INFO] [DragonLib Networking System/]: Registering C2S network packet of type SEND with id 'update_writable_sign' in 'dragonlib:network'.
[207月2026 16:42:05.828] [modloading-worker-0/INFO] [DragonLib Networking System/]: Registering C2S network packet of type SEND with id 'string_message' in 'dragonlib:network_test'.
[207月2026 16:42:05.832] [modloading-worker-0/INFO] [DragonLib Networking System/]: Registering C2S network packet of type SEND_AND_RECEIVE with id 'test_msg' in 'dragonlib:network_test'.
[207月2026 16:42:05.834] [modloading-worker-0/INFO] [xaero.map.WorldMap/]: Registering common data for channel xaeroworldmap:main!
[207月2026 16:42:05.862] [modloading-worker-0/INFO] [xaero.map.WorldMap/]: Registering client data for channel xaeroworldmap:main!
[207月2026 16:42:05.885] [modloading-worker-0/INFO] [DragonLib/]: Starting the setup of DragonLib...
[207月2026 16:42:05.912] [Wyvern/INFO] [DragonLib/]:                              +++ ? +++                             
[207月2026 16:42:05.912] [Wyvern/INFO] [DragonLib/]: ---------------------------------------------------------------------
[207月2026 16:42:05.912] [Wyvern/INFO] [DragonLib/]:           Loaded DragonLib v1.21.1-beta-3.0.28 by MrJulsen!          
[207月2026 16:42:05.912] [Wyvern/INFO] [DragonLib/]:               Minecraft NeoForge Client 1.21.1-21.1.240              
[207月2026 16:42:05.912] [Wyvern/INFO] [DragonLib/]: 
[207月2026 16:42:05.914] [Wyvern/INFO] [DragonLib/]:                 Discord: https://discord.mrjulsen.net                
[207月2026 16:42:05.914] [Wyvern/INFO] [DragonLib/]:                        Documentation: unknown                       
[207月2026 16:42:05.914] [Wyvern/INFO] [DragonLib/]:   Bug Reports: https://github.com/MisterJulsen/MC-DragonLib2/issues  
[207月2026 16:42:05.914] [Wyvern/INFO] [DragonLib/]: ---------------------------------------------------------------------
[207月2026 16:42:05.914] [Wyvern/INFO] [DragonLib/]:                              +++ ? +++                             
[207月2026 16:42:05.940] [modloading-worker-0/INFO] [xaero.map.WorldMap/]: Loading primary common config for channel xaeroworldmap:main!
[207月2026 16:42:05.950] [modloading-worker-0/INFO] [xaero.map.WorldMap/]: Loading server config profiles for channel xaeroworldmap:main!
[207月2026 16:42:05.961] [modloading-worker-0/INFO] [xaero.map.WorldMap/]: Loading primary client config for channel xaeroworldmap:main!
[207月2026 16:42:05.973] [modloading-worker-0/INFO] [xaero.map.WorldMap/]: Loading client config profiles for channel xaeroworldmap:main!
[207月2026 16:42:06.050] [modloading-worker-0/INFO] [ModernUI-MC/Init]: Created TextLayoutEngine
[207月2026 16:42:06.054] [modloading-worker-0/INFO] [ModernUI-MC/Init]: Initialized Modern UI text engine
[207月2026 16:42:06.056] [modloading-worker-0/INFO] [ModernUI-MC/Init]: Initialized Modern UI client
[207月2026 16:42:06.145] [modloading-worker-0/INFO] [Railways/]: Steam 'n' Rails v1.6.13-alpha initializing! Commit hash: dev on Create version: 6.0.10 on platform: Neoforge
[207月2026 16:42:06.465] [modloading-worker-0/INFO] [twilightforest.beanification.BeanContext/]: Starting Bean Context
[207月2026 16:42:06.508] [modloading-worker-0/INFO] [Colorful Hearts/]: Loading compat for mod appleskin
[207月2026 16:42:06.833] [modloading-worker-0/INFO] [touhou_little_maid/]: common default pack init finished, cost time: 3855.27 ms
[207月2026 16:42:06.835] [modloading-worker-0/INFO] [dev.ftb.mods.ftbultimine.FTBUltimine/]: FTB Ranks detected, listening for ranks events
[207月2026 16:42:06.842] [modloading-worker-0/INFO] [SimpleHats/]: Loaded 293 hat entries from simplehats.json
[207月2026 16:42:06.842] [modloading-worker-0/INFO] [bountiful/]: Registering Network Messages..
[207月2026 16:42:06.894] [modloading-worker-0/INFO] [Towns and Towers/]: Loading T&T
[207月2026 16:42:06.933] [modloading-worker-0/INFO] [owo/]: glisco: I like this approach, cause it's stateless. And stateless approaches are always good since state management is pain - BasiqueEvangelist: I like french bread
[207月2026 16:42:07.000] [modloading-worker-0/INFO] [KubeJS/]: Loading vanilla registries...
[207月2026 16:42:07.040] [modloading-worker-0/INFO] [KubeJS/]: Looking for KubeJS plugins...
[207月2026 16:42:07.052] [modloading-worker-0/INFO] [KubeJS/]: Found plugin source kubejs
[207月2026 16:42:07.085] [modloading-worker-0/INFO] [KubeJS/]: Found plugin source generalfeedback
[207月2026 16:42:07.087] [modloading-worker-0/INFO] [KubeJS/]: Found plugin source createdieselgenerators
[207月2026 16:42:07.091] [modloading-worker-0/INFO] [net.blay09.mods.balm.neoforge.config.NeoForgeBalmConfig/]: Registering config for trashslot:common (COMMON) with 5 properties.
[207月2026 16:42:07.132] [modloading-worker-0/INFO] [KubeJS/]: Found plugin source mbd2
[207月2026 16:42:07.135] [modloading-worker-0/INFO] [KubeJS/]: Found plugin source vintageimprovements
[207月2026 16:42:07.147] [modloading-worker-0/INFO] [KubeJS/]: Found plugin source touhou_little_maid
[207月2026 16:42:07.151] [modloading-worker-0/INFO] [KubeJS/]: Found plugin source oneenoughvalue
[207月2026 16:42:07.151] [modloading-worker-0/ERROR] [KubeJS/]: Failed to load plugin com.sighs.oneenoughvalue.kubejs.OEVPlugin from source oneenoughvalue: java.lang.ClassNotFoundException: com.sighs.oneenoughvalue.kubejs.OEVPlugin
[207月2026 16:42:07.153] [modloading-worker-0/INFO] [STDERR/]: [java.lang.Throwable:printStackTrace:651]: java.lang.ClassNotFoundException: com.sighs.oneenoughvalue.kubejs.OEVPlugin
[207月2026 16:42:07.155] [modloading-worker-0/INFO] [STDERR/]: [java.lang.Throwable:printStackTrace:651]: 	at java.base/jdk.internal.loader.BuiltinClassLoader.loadClass(BuiltinClassLoader.java:641)
[207月2026 16:42:07.156] [modloading-worker-0/INFO] [STDERR/]: [java.lang.Throwable:printStackTrace:651]: 	at java.base/java.lang.ClassLoader.loadClass(ClassLoader.java:526)
[207月2026 16:42:07.158] [modloading-worker-0/INFO] [STDERR/]: [java.lang.Throwable:printStackTrace:651]: 	at cpw.mods.securejarhandler/cpw.mods.cl.ModuleClassLoader.loadClass(ModuleClassLoader.java:216)
[207月2026 16:42:07.159] [modloading-worker-0/INFO] [STDERR/]: [java.lang.Throwable:printStackTrace:651]: 	at java.base/java.lang.ClassLoader.loadClass(ClassLoader.java:526)
[207月2026 16:42:07.160] [modloading-worker-0/INFO] [STDERR/]: [java.lang.Throwable:printStackTrace:651]: 	at cpw.mods.securejarhandler/cpw.mods.cl.ModuleClassLoader.loadClass(ModuleClassLoader.java:216)
[207月2026 16:42:07.161] [modloading-worker-0/INFO] [STDERR/]: [java.lang.Throwable:printStackTrace:651]: 	at java.base/java.lang.ClassLoader.loadClass(ClassLoader.java:526)
[207月2026 16:42:07.162] [modloading-worker-0/INFO] [STDERR/]: [java.lang.Throwable:printStackTrace:651]: 	at java.base/java.lang.Class.forName0(Native Method)
[207月2026 16:42:07.163] [modloading-worker-0/INFO] [STDERR/]: [java.lang.Throwable:printStackTrace:651]: 	at java.base/java.lang.Class.forName(Class.java:423)
[207月2026 16:42:07.164] [modloading-worker-0/INFO] [STDERR/]: [java.lang.Throwable:printStackTrace:651]: 	at java.base/java.lang.Class.forName(Class.java:414)
[207月2026 16:42:07.165] [modloading-worker-0/INFO] [STDERR/]: [java.lang.Throwable:printStackTrace:651]: 	at TRANSFORMER/kubejs@2101.7.2-build.368/dev.latvian.mods.kubejs.plugin.KubeJSPlugins.lambda$loadFromFile$2(KubeJSPlugins.java:80)
[207月2026 16:42:07.166] [modloading-worker-0/INFO] [STDERR/]: [java.lang.Throwable:printStackTrace:651]: 	at java.base/java.util.stream.ReferencePipeline$7$1.accept(ReferencePipeline.java:273)
[207月2026 16:42:07.167] [modloading-worker-0/INFO] [STDERR/]: [java.lang.Throwable:printStackTrace:651]: 	at java.base/java.util.stream.ReferencePipeline$2$1.accept(ReferencePipeline.java:179)
[207月2026 16:42:07.170] [modloading-worker-0/INFO] [STDERR/]: [java.lang.Throwable:printStackTrace:651]: 	at java.base/java.util.stream.ReferencePipeline$3$1.accept(ReferencePipeline.java:197)
[207月2026 16:42:07.171] [modloading-worker-0/INFO] [STDERR/]: [java.lang.Throwable:printStackTrace:651]: 	at java.base/java.util.Iterator.forEachRemaining(Iterator.java:133)
[207月2026 16:42:07.173] [modloading-worker-0/INFO] [STDERR/]: [java.lang.Throwable:printStackTrace:651]: 	at java.base/java.util.Spliterators$IteratorSpliterator.forEachRemaining(Spliterators.java:1939)
[207月2026 16:42:07.174] [modloading-worker-0/INFO] [STDERR/]: [java.lang.Throwable:printStackTrace:651]: 	at java.base/java.util.stream.AbstractPipeline.copyInto(AbstractPipeline.java:509)
[207月2026 16:42:07.175] [modloading-worker-0/INFO] [STDERR/]: [java.lang.Throwable:printStackTrace:651]: 	at java.base/java.util.stream.AbstractPipeline.wrapAndCopyInto(AbstractPipeline.java:499)
[207月2026 16:42:07.176] [modloading-worker-0/INFO] [STDERR/]: [java.lang.Throwable:printStackTrace:651]: 	at java.base/java.util.stream.ForEachOps$ForEachOp.evaluateSequential(ForEachOps.java:151)
[207月2026 16:42:07.178] [modloading-worker-0/INFO] [STDERR/]: [java.lang.Throwable:printStackTrace:651]: 	at java.base/java.util.stream.ForEachOps$ForEachOp$OfRef.evaluateSequential(ForEachOps.java:174)
[207月2026 16:42:07.178] [modloading-worker-0/INFO] [STDERR/]: [java.lang.Throwable:printStackTrace:651]: 	at java.base/java.util.stream.AbstractPipeline.evaluate(AbstractPipeline.java:234)
[207月2026 16:42:07.179] [modloading-worker-0/INFO] [STDERR/]: [java.lang.Throwable:printStackTrace:651]: 	at java.base/java.util.stream.ReferencePipeline.forEach(ReferencePipeline.java:596)
[207月2026 16:42:07.181] [modloading-worker-0/INFO] [STDERR/]: [java.lang.Throwable:printStackTrace:651]: 	at TRANSFORMER/kubejs@2101.7.2-build.368/dev.latvian.mods.kubejs.plugin.KubeJSPlugins.loadFromFile(KubeJSPlugins.java:88)
[207月2026 16:42:07.183] [modloading-worker-0/INFO] [STDERR/]: [java.lang.Throwable:printStackTrace:651]: 	at TRANSFORMER/kubejs@2101.7.2-build.368/dev.latvian.mods.kubejs.plugin.KubeJSPlugins.loadMod(KubeJSPlugins.java:41)
[207月2026 16:42:07.184] [modloading-worker-0/INFO] [STDERR/]: [java.lang.Throwable:printStackTrace:651]: 	at TRANSFORMER/kubejs@2101.7.2-build.368/dev.latvian.mods.kubejs.plugin.KubeJSPlugins.load(KubeJSPlugins.java:29)
[207月2026 16:42:07.185] [modloading-worker-0/INFO] [STDERR/]: [java.lang.Throwable:printStackTrace:651]: 	at TRANSFORMER/kubejs@2101.7.2-build.368/dev.latvian.mods.kubejs.KubeJS.<init>(KubeJS.java:122)
[207月2026 16:42:07.187] [modloading-worker-0/INFO] [STDERR/]: [java.lang.Throwable:printStackTrace:651]: 	at java.base/jdk.internal.reflect.DirectConstructorHandleAccessor.newInstance(DirectConstructorHandleAccessor.java:62)
[207月2026 16:42:07.188] [modloading-worker-0/INFO] [STDERR/]: [java.lang.Throwable:printStackTrace:651]: 	at java.base/java.lang.reflect.Constructor.newInstanceWithCaller(Constructor.java:502)
[207月2026 16:42:07.188] [modloading-worker-0/INFO] [STDERR/]: [java.lang.Throwable:printStackTrace:651]: 	at java.base/java.lang.reflect.Constructor.newInstance(Constructor.java:486)
[207月2026 16:42:07.189] [modloading-worker-0/INFO] [STDERR/]: [java.lang.Throwable:printStackTrace:651]: 	at MC-BOOTSTRAP/fml_loader@4.0.43/net.neoforged.fml.javafmlmod.FMLModContainer.constructMod(FMLModContainer.java:122)
[207月2026 16:42:07.189] [modloading-worker-0/INFO] [STDERR/]: [java.lang.Throwable:printStackTrace:651]: 	at MC-BOOTSTRAP/fml_loader@4.0.43/net.neoforged.fml.ModLoader.lambda$constructMods$3(ModLoader.java:153)
[207月2026 16:42:07.191] [modloading-worker-0/INFO] [STDERR/]: [java.lang.Throwable:printStackTrace:651]: 	at MC-BOOTSTRAP/fml_loader@4.0.43/net.neoforged.fml.ModLoader.lambda$dispatchParallelTask$7(ModLoader.java:231)
[207月2026 16:42:07.191] [modloading-worker-0/INFO] [STDERR/]: [java.lang.Throwable:printStackTrace:651]: 	at java.base/java.util.concurrent.CompletableFuture.uniHandle(CompletableFuture.java:934)
[207月2026 16:42:07.191] [modloading-worker-0/INFO] [STDERR/]: [java.lang.Throwable:printStackTrace:651]: 	at java.base/java.util.concurrent.CompletableFuture$UniHandle.tryFire(CompletableFuture.java:911)
[207月2026 16:42:07.192] [modloading-worker-0/INFO] [STDERR/]: [java.lang.Throwable:printStackTrace:651]: 	at java.base/java.util.concurrent.CompletableFuture$Completion.exec(CompletableFuture.java:483)
[207月2026 16:42:07.192] [modloading-worker-0/INFO] [STDERR/]: [java.lang.Throwable:printStackTrace:651]: 	at java.base/java.util.concurrent.ForkJoinTask.doExec(ForkJoinTask.java:387)
[207月2026 16:42:07.193] [modloading-worker-0/INFO] [STDERR/]: [java.lang.Throwable:printStackTrace:651]: 	at java.base/java.util.concurrent.ForkJoinPool$WorkQueue.topLevelExec(ForkJoinPool.java:1310)
[207月2026 16:42:07.193] [modloading-worker-0/INFO] [STDERR/]: [java.lang.Throwable:printStackTrace:651]: 	at java.base/java.util.concurrent.ForkJoinPool.scan(ForkJoinPool.java:1841)
[207月2026 16:42:07.193] [modloading-worker-0/INFO] [STDERR/]: [java.lang.Throwable:printStackTrace:651]: 	at java.base/java.util.concurrent.ForkJoinPool.runWorker(ForkJoinPool.java:1806)
[207月2026 16:42:07.193] [modloading-worker-0/INFO] [STDERR/]: [java.lang.Throwable:printStackTrace:651]: 	at java.base/java.util.concurrent.ForkJoinWorkerThread.run(ForkJoinWorkerThread.java:188)
[207月2026 16:42:07.193] [modloading-worker-0/INFO] [KubeJS/]: Found plugin source probejs
[207月2026 16:42:07.224] [modloading-worker-0/INFO] [KubeJS/]: Found plugin source kaleidoscope_cookery
[207月2026 16:42:07.228] [modloading-worker-0/INFO] [KubeJS/]: Found plugin source ldlib2
[207月2026 16:42:07.231] [modloading-worker-0/INFO] [KubeJS/]: Found plugin source createoreexcavation
[207月2026 16:42:07.235] [modloading-worker-0/INFO] [KubeJS/]: Found plugin source eclipticseasons
[207月2026 16:42:07.239] [modloading-worker-0/INFO] [KubeJS/]: Found plugin source morejs
[207月2026 16:42:07.242] [modloading-worker-0/INFO] [KubeJS/]: Found plugin source lootjs
[207月2026 16:42:07.246] [modloading-worker-0/INFO] [KubeJS/]: Found plugin source ftbxmodcompat
[207月2026 16:42:07.260] [modloading-worker-0/INFO] [KubeJS/]: Found plugin source mechanicals
[207月2026 16:42:07.262] [modloading-worker-0/INFO] [KubeJS/]: Found plugin source kubejsdelight
[207月2026 16:42:07.266] [modloading-worker-0/INFO] [KubeJS/]: Found plugin source createvintageneoforged
[207月2026 16:42:07.271] [modloading-worker-0/INFO] [KubeJS/]: Found plugin source tacz
[207月2026 16:42:07.274] [modloading-worker-0/INFO] [KubeJS/]: Found plugin source ponderjs
[207月2026 16:42:07.276] [modloading-worker-0/INFO] [KubeJS/]: Found plugin source createsifter
[207月2026 16:42:07.279] [modloading-worker-0/INFO] [KubeJS/]: Found plugin source kubejs_create
[207月2026 16:42:07.284] [modloading-worker-0/INFO] [KubeJS/]: Found plugin source northstar
[207月2026 16:42:07.284] [modloading-worker-0/INFO] [STDOUT/]: [dev.tr7zw.trender.gui.impl.client.LibGuiClient:onInitializeClient:37]: [TRender] Initializing Client...
[207月2026 16:42:07.289] [modloading-worker-0/INFO] [KubeJS/]: Found plugin source createpropulsion
[207月2026 16:42:07.292] [modloading-worker-0/INFO] [KubeJS/]: Found plugin source create_mechanical_extruder
[207月2026 16:42:07.294] [modloading-worker-0/INFO] [KubeJS/]: Found plugin source create_mechanical_spawner
[207月2026 16:42:07.297] [modloading-worker-0/INFO] [KubeJS/]: Found plugin source extendedae
[207月2026 16:42:07.307] [modloading-worker-0/INFO] [KubeJS/]: Found plugin source createmetallurgy
[207月2026 16:42:07.310] [modloading-worker-0/INFO] [KubeJS/]: Found plugin source renderjs
[207月2026 16:42:07.316] [modloading-worker-0/INFO] [KubeJS/]: Done in 274.5 ms
[207月2026 16:42:07.430] [modloading-worker-0/INFO] [FTB XMod Compat/]: [FTB Quests] Enabled KubeJS integration
[207月2026 16:42:07.443] [modloading-worker-0/INFO] [FTB XMod Compat/]: [FTB Chunks] Enabled KubeJS integration
[207月2026 16:42:07.485] [UI thread/INFO] [ModernUI-MC/UIManager]: UI thread initialized in 1941ms
[207月2026 16:42:07.573] [modloading-worker-0/INFO] [cn.alini.trueuuid.Trueuuid/]: TrueUUID 已经加载
[207月2026 16:42:07.591] [modloading-worker-0/INFO] [Railways/]: Registered bogey styles from railways
[207月2026 16:42:07.627] [modloading-worker-0/INFO] [PluginManager/]: Scanning classes for titanium
[207月2026 16:42:07.657] [modloading-worker-0/INFO] [net.blay09.mods.balm.neoforge.config.NeoForgeBalmConfig/]: Registering config for waystones:common (COMMON) with 34 properties.
[207月2026 16:42:07.786] [modloading-worker-0/WARN] [AE2:C/]: Unable to find class com.simibubi.create.foundation.ponder.PonderWorld. Integration with PonderJS disabled.
[207月2026 16:42:07.797] [modloading-worker-0/INFO] [coroutil/]: neo forge loader environment detected
[207月2026 16:42:07.893] [modloading-worker-0/INFO] [twilightforest.beanification.BeanContext/]: Bean Context loaded in 1428 ms
[207月2026 16:42:07.999] [modloading-worker-0/INFO] [YetAnotherConfigLib/]: Deserializing YACLConfig from 'D:\MC_games\versions\齿轮盛宴1.21.1\config\yacl.json5'
[207月2026 16:42:08.007] [modloading-worker-0/INFO] [be.florens.expandability.ExpandAbility/]: ExpandAbility here, who dis?
[207月2026 16:42:08.074] [modloading-worker-0/INFO] [PFSolver/]: Presence Footsteps starting
[207月2026 16:42:08.289] [modloading-worker-0/INFO] [Railways/]: Registering data fixers
[207月2026 16:42:08.316] [modloading-worker-0/INFO] [com.simibubi.create.Create/]: Create 6.0.10 initializing! Commit hash: ac0c444d9828da3453ae8cc65338e8de063286fb
[207月2026 16:42:08.340] [modloading-worker-0/INFO] [Railways/]: Registering tracks for Twilight Forest
[207月2026 16:42:08.443] [modloading-worker-0/INFO] [Railways/]: Registering tracks for Quark
[207月2026 16:42:08.798] [modloading-worker-0/WARN] [mixin/]: Method overwrite conflict for addToGoggleTooltip in createlazytick.mixins.json:Create.Client.DepotGoggleMixin from mod createlazytick, previously written by io.github.forgestove.create_cyber_goggles.mixin.provider.DepotBlockEntityMixin. Skipping method.
[207月2026 16:42:09.205] [modloading-worker-0/INFO] [net.neoforged.coremod.CoreMod.zstdnet/COREMODLOG]: [zstdnet] patched IntegratedServer#publishServer to use configured LAN backend port.
[207月2026 16:42:09.967] [modloading-worker-0/INFO] [KubeJS Startup/]: startup_scripts:main.js#2: Hello, World! (Loaded startup example script)
[207月2026 16:42:09.968] [modloading-worker-0/INFO] [KubeJS Startup/]: Loaded script startup_scripts:main.js in 0.051 s
[207月2026 16:42:09.971] [modloading-worker-0/INFO] [KubeJS Startup/]: Loaded 1/1 KubeJS startup scripts in 2.473 s with 0 errors and 0 warnings
[207月2026 16:42:09.990] [modloading-worker-0/INFO] [Create: Interiors/]: Create: Interiors v0.6.1 initializing! Create version: 6.0.10 on platform: NeoForge
[207月2026 16:42:10.053] [modloading-worker-0/INFO] [dev.ryanhcode.sable.Sable/]: Sable loaded!
[207月2026 16:42:10.073] [modloading-worker-0/INFO] [appliedcreate/]: Applied Create loaded
[207月2026 16:42:10.095] [modloading-worker-0/WARN] [dev.ryanhcode.sable.Sable/]: NOTE: Sable is loaded with Flywheel. Sable contains extensive shader overrides and a full light-storage replacement. Expect this to cause compatibility issues. If issues arise, please report them to the Sable issue tracker (https://github.com/ryanhcode/sable/issues) instead of the Flywheel issue tracker.
[207月2026 16:42:10.161] [modloading-worker-0/INFO] [KubeJS Client/]: client_scripts:main.js#2: Hello, World! (Loaded client example script)
[207月2026 16:42:10.162] [modloading-worker-0/INFO] [KubeJS Client/]: Loaded script client_scripts:main.js in 0.0 s
[207月2026 16:42:10.162] [modloading-worker-0/INFO] [KubeJS Client/]: Loaded 1/1 KubeJS client scripts in 0.108 s with 0 errors and 0 warnings
[207月2026 16:42:10.173] [modloading-worker-0/INFO] [KubeJS Startup/]: Validated 0 files in kubejs/assets/ in 1ms
[207月2026 16:42:10.174] [modloading-worker-0/INFO] [KubeJS Startup/]: Validated 0 files in kubejs/data/ in 1ms
[207月2026 16:42:10.208] [modloading-worker-0/INFO] [com.maxenonyme.AbyssDimension.CreateAbyss/]: Create Abyss is in development, content disabled in production
[207月2026 16:42:10.296] [modloading-worker-0/INFO] [FTB Library/]: registered docs provider mod: guideme
[207月2026 16:42:10.297] [modloading-worker-0/INFO] [FTB Library/]: registered docs provider mod: patchouli
[207月2026 16:42:10.580] [modloading-worker-0/INFO] [com.example.cnbridge.CNBridge/]: Create: Northstar Aeronautics Bridge initializing!
[207月2026 16:42:10.744] [modloading-sync-worker/INFO] [Multiblocked2/]: Loading recipe types
[207月2026 16:42:10.753] [modloading-sync-worker/INFO] [Multiblocked2/]: Loading machines
[207月2026 16:42:10.853] [modloading-sync-worker/INFO] [wover-core/]: Processing wover.datapack.registry Entrypoints
[207月2026 16:42:10.853] [modloading-sync-worker/INFO] [wover-core/]:     - Processing Entrypoint: org.betterx.wover.entrypoint.BiomeDatapackRegistryEntrypoint
[207月2026 16:42:10.854] [modloading-sync-worker/INFO] [wover-core/]:     - Processing Entrypoint: org.betterx.wover.entrypoint.FeatureDatapackRegistryEntrypoint
[207月2026 16:42:10.855] [modloading-sync-worker/INFO] [wover-core/]:     - Processing Entrypoint: org.betterx.wover.entrypoint.ItemDatapackRegistryEntrypoint
[207月2026 16:42:10.856] [modloading-sync-worker/INFO] [wover-core/]:     - Processing Entrypoint: org.betterx.wover.entrypoint.StructureDatapackRegistryEntrypoint
[207月2026 16:42:10.857] [modloading-sync-worker/INFO] [wover-core/]:     - Processing Entrypoint: org.betterx.wover.entrypoint.SurfaceDatapackRegistryEntrypoint
[207月2026 16:42:15.161] [modloading-sync-worker/INFO] [oelib/]: Loaded config oei:common_config from D:\MC_games\versions\齿轮盛宴1.21.1\config\oei\common.json
[207月2026 16:42:15.602] [modloading-sync-worker/INFO] [SimpleHats/]: Generated 293 hat items from hat entries.
[207月2026 16:42:15.810] [modloading-sync-worker/INFO] [Moonlight/]: Initialized block sets in 41ms
[207月2026 16:42:16.672] [modloading-sync-worker/WARN] [betterend/]: Skip eternal_portal POI registration: Block{betterend:end_portal_block}[axis=x,portal=0] is defined in more than one PoI type
[207月2026 16:42:16.673] [modloading-sync-worker/WARN] [betterend/]: Skip eternal_portal_frame POI registration: Block{betterend:flavolite_runed_eternal}[active=false] is defined in more than one PoI type
[207月2026 16:42:17.773] [modloading-sync-worker/INFO] [io.github.lightman314.lightmanscurrency.LightmansCurrency/]: CoinsInChestModifier was deserialized!
[207月2026 16:42:17.773] [modloading-sync-worker/INFO] [io.github.lightman314.lightmanscurrency.LightmansCurrency/]: CoinsInChestModifier was deserialized!
[207月2026 16:42:18.504] [modloading-sync-worker/INFO] [ShoulderSurfing/]: Registering plugin for Shoulder Surfing Reloaded (shouldersurfing)
[207月2026 16:42:18.508] [modloading-sync-worker/INFO] [ShoulderSurfing/]: Registering plugin for Timeless & Classics Guns: Zero (tacz)
[207月2026 16:42:18.508] [modloading-sync-worker/WARN] [ShoulderSurfing/]: Plugin for Timeless & Classics Guns: Zero (tacz) is loaded in legacy mode!
[207月2026 16:42:18.525] [modloading-sync-worker/INFO] [ShoulderSurfing/]: Registering compatibility callback for Create
[207月2026 16:42:18.525] [modloading-sync-worker/INFO] [ShoulderSurfing/]: Registering compatibility callback for Curios
[207月2026 16:42:18.599] [modloading-sync-worker/INFO] [SodiumExtras/Config]: Updating config cache
[207月2026 16:42:18.599] [modloading-sync-worker/INFO] [SodiumExtras/Config]: Cache updated successfully
[207月2026 16:42:18.669] [modloading-sync-worker/INFO] [Colorful Hearts/]: Loading colorfulhearts.toml config file
[207月2026 16:42:18.799] [modloading-sync-worker/INFO] [createstructuresarise.CreateStructuresAriseMod/]: Create Structures Arise config loaded from D:\MC_games\versions\齿轮盛宴1.21.1\config\create_structures_arise-server.toml. This NeoForge COMMON config is the active gameplay config on dedicated servers.
[207月2026 16:42:18.800] [modloading-sync-worker/INFO] [createstructuresarise.CreateStructuresAriseMod/]: Validated Create Structures Arise config from Forge loaded at D:\MC_games\versions\齿轮盛宴1.21.1\config\create_structures_arise-server.toml
[207月2026 16:42:18.825] [modloading-sync-worker/INFO] [site.fqo3.adlf.ADLFMod/]: [ADLF] Config loaded — debug logging is disabled
[207月2026 16:42:18.832] [modloading-sync-worker/INFO] [com.tom.createores.CreateOreExcavation/]: Loaded Create Ore Excavation config file createoreexcavation-common.toml
[207月2026 16:42:19.563] [modloading-sync-worker/INFO] [cn.alini.trueuuid.Trueuuid/]: 成功连接到 Mojang 会话服务器 (sessionserver.mojang.com)，响应码: 204
[207月2026 16:42:19.598] [modloading-sync-worker/WARN] [net.neoforged.fml.config.ConfigTracker/CONFIG]: Configuration file D:\MC_games\versions\齿轮盛宴1.21.1\config\sliceanddice-common.toml is not correct. Correcting
[207月2026 16:42:19.844] [Render thread/INFO] [Moonlight/]: Merging 3 images using mode MIN_AREA_NO_UPSCALE
[207月2026 16:42:19.965] [Render thread/INFO] [tacz/GunPackFinder]: Start scanning for gun packs in D:\MC_games\versions\齿轮盛宴1.21.1\tacz
[207月2026 16:42:19.968] [Render thread/INFO] [tacz/GunPackFinder]: - tacz_default_gun, Main namespace: tacz
[207月2026 16:42:19.968] [Render thread/INFO] [tacz/GunPackFinder]: Found 1 possible gunpack(s) and added them to resource set.
[207月2026 16:42:20.231] [Render thread/INFO] [Veil/]: GL Debug supported
[207月2026 16:42:20.277] [Render thread/INFO] [Sodium/]: Block minecraft:birch_leaves had its color provider replaced with sereneseasons.init.ModClient$$Lambda/0x000001ca0a45d6a8@1572f95a and will not use per-vertex coloring
[207月2026 16:42:20.279] [Render thread/INFO] [Sodium/]: Block minecraft:spruce_leaves had its color provider replaced with com.teamtea.eclipticseasons.client.ClientSetup$$Lambda/0x000001ca0a45dab0@725a790e and will not use per-vertex coloring
[207月2026 16:42:20.279] [Render thread/INFO] [Sodium/]: Block minecraft:birch_leaves had its color provider replaced with com.teamtea.eclipticseasons.client.ClientSetup$$Lambda/0x000001ca0a45dcc0@3a557a90 and will not use per-vertex coloring
[207月2026 16:42:20.279] [Render thread/INFO] [Sodium/]: Block minecraft:mangrove_leaves had its color provider replaced with com.teamtea.eclipticseasons.client.ClientSetup$$Lambda/0x000001ca0a45c800@72febfc3 and will not use per-vertex coloring
[207月2026 16:42:20.282] [Render thread/INFO] [Sodium/]: Block minecraft:spruce_leaves had its color provider replaced with Impl[content=ColorHolder[block=Block{minecraft:spruce_leaves}, base=-10380959, values=[Lcom.teamtea.eclipticseasons.api.constant.solar.color.leaves.LeaveColor;@703f6fe]] and will not use per-vertex coloring
[207月2026 16:42:20.284] [Render thread/INFO] [Sodium/]: Block railways:copycat_headstock had its color provider replaced with com.simibubi.create.content.decoration.copycat.CopycatBlock$WrappedBlockColor@2ae9ba95 and will not use per-vertex coloring
[207月2026 16:42:20.295] [Render thread/INFO] [Sodium/]: Block minecraft:water_cauldron had its color provider replaced with net.mehvahdjukaar.amendments.AmendmentsClient$$Lambda/0x000001ca0a469480@42edcb56 and will not use per-vertex coloring
[207月2026 16:42:20.296] [Render thread/INFO] [com.github.alexmodguy.alexscaves.AlexsCaves/]: loaded in block colorizer
[207月2026 16:42:20.328] [Render thread/INFO] [com.github.alexmodguy.alexscaves.AlexsCaves/]: loaded in item colorizer
[207月2026 16:42:20.724] [Render thread/INFO] [Iris/]: Hardware information:
[207月2026 16:42:20.725] [Render thread/INFO] [Iris/]: CPU: 16x AMD Ryzen 9 6900HX with Radeon Graphics 
[207月2026 16:42:20.725] [Render thread/INFO] [Iris/]: GPU: NVIDIA GeForce RTX 3070 Ti Laptop GPU/PCIe/SSE2 (Supports OpenGL 4.6.0 NVIDIA 610.74)
[207月2026 16:42:20.725] [Render thread/INFO] [Iris/]: OS: Windows 11 (10.0)
[207月2026 16:42:21.306] [Render thread/INFO] [STDOUT/]: [io.ejekta.bountiful.forge.BountifulForgeClient:onRegisterClientComponents:43]: REGISTERING MENU SCREENS BO
[207月2026 16:42:21.326] [Render thread/WARN] [mixin/]: Error loading class: net/minecraft/client/gui/components/AbstractScrollArea (java.lang.ClassNotFoundException: net.minecraft.client.gui.components.AbstractScrollArea)
[207月2026 16:42:22.399] [Render thread/INFO] [net.pinkcats.createlazytick.CreateLazyTick/]: [CreateLazyTick][ClientInit] registering independent LazyTick tooltip overlay
[207月2026 16:42:22.604] [Render thread/INFO] [net.minecraft.client.Minecraft/]: [FANCYMENU] Registering resource reload listener..
[207月2026 16:42:22.740] [Render thread/INFO] [ModernUI-MC/TextLayout]: Preloaded modern text shaders
[207月2026 16:42:22.806] [Render thread/INFO] [mixin/]: fancymenu.mixins.json:client.IMixinRealmsNotificationsScreen from mod fancymenu->@Accessor[FIELD_GETTER]::get_trialAvailable_FancyMenu()Z should be static as its target is
[207月2026 16:42:22.806] [Render thread/INFO] [mixin/]: fancymenu.mixins.json:client.IMixinRealmsNotificationsScreen from mod fancymenu->@Accessor[FIELD_GETTER]::get_hasUnreadNews_FancyMenu()Z should be static as its target is
[207月2026 16:42:22.806] [Render thread/INFO] [mixin/]: fancymenu.mixins.json:client.IMixinRealmsNotificationsScreen from mod fancymenu->@Accessor[FIELD_GETTER]::get_hasUnseenNotifications()Z should be static as its target is
[207月2026 16:42:22.966] [Render thread/INFO] [net.minecraft.server.packs.resources.ReloadableResourceManager/]: Reloading ResourceManager: tacz_resources, vanilla, KubeJS Virtual Resource Pack [Before Mods, assets], KubeJS Virtual Resource Pack [Internal, assets], KubeJS Virtual Resource Pack [After Mods, assets], KubeJS File Resource Pack [assets], file/Minecraft-Mod-Language-Modpack-Converted-1.21.1.zip, fabric, generated/fragmentum_layer, mod_resources, mod/sodium, mod/betterdungeons, mod/meed, mod/azimuth, mod/dynamiccrosshair, mod/fabric_rendering_fluids_v1, mod/apollib, mod/create_cyber_goggles, mod/kaleidoscopecookery_automation, mod/neoforge, mod/modernfix, mod/fabric_block_view_api_v2, mod/fabric_command_api_v2, mod/krypton_fnp, mod/yungsapi, mod/gateways, mod/iris, mod/oneenoughitem, mod/tiny_config, mod/veil, mod/kambrik, mod/generalfeedback, mod/biolith, mod/createdieselgenerators, mod/pickupnotifier, mod/create_new_age, mod/createbetterfps, mod/cloth_config, mod/betterfortresses, mod/supplementaries, mod/tenshilib, mod/bcc, mod/jupiter, mod/yungsextras, mod/createlazytick, mod/accessories, mod/createrailwaysnavigator, mod/transition, mod/dynamic_fps, mod/betterendisland, mod/fabric_rendering_data_attachment_v1, mod/the_bumblezone, mod/create_factory_abstractions, mod/betterjungletemples, mod/fabric_client_tags_api_v1, mod/createultimine, mod/kiwi, mod/quarkoddities, mod/compat_manager, mod/fastboot, mod/mbd2, mod/lithium, mod/attributefix, mod/fabric_screen_handler_api_v1, mod/caelus, mod/libbamboo, mod/fragmentum, mod/integrated_api, mod/vintageimprovements, mod/fabric_particles_v1, mod/sophisticatedbackpackscreateintegration, mod/tectonic, mod/cavesdelight, mod/omnilook, mod/shouldersurfing, mod/justenoughbreeding, mod/fabric_block_api_v1, mod/luncheonmeatsdelight, mod/fabric_resource_conditions_api_v1, mod/forgeconfigapiport, mod/createadditionallogistics, mod/brewinandchewin, mod/sablecompanion, mod/flywheel, mod/create_aeronautics_toolgun, mod/shadowizardlib, mod/greenhouseconfig_night_config, mod/kaleidoscope_end, mod/fabric_registry_sync_v0, mod/appleskin, mod/lootr, mod/fabric_object_builder_api_v1, mod/immersive_melodies, mod/enhancedbossbars, mod/fabric_message_api_v1, mod/cosmeticarmorreworked, mod/euphoria_patcher, mod/atmosphere, mod/kuma_api, mod/fabric_renderer_api_v1, mod/codecui, mod/fabric_item_api_v1, mod/minersdelight, mod/zstdnet, mod/betteroceanmonuments, mod/tipsmod, mod/sophisticatedcore, mod/prism, mod/placebo, mod/createfastschematiccannon, mod/cobweb, mod/bookshelf, mod/sophisticatedbackpacks, mod/ends_delight, mod/carryon, mod/melody, mod/connector, mod/fzzy_config, mod/fabric_api,forgified_fabric_api, mod/integration, mod/konkrete, mod/createcafe, mod/dsbg, mod/create_connected, mod/fabric_api_lookup_api_v1, mod/cmr, mod/greenhouseconfig, mod/dynamiccrosshairapi, mod/touhou_little_maid, mod/cullleaves, mod/midnightlib, mod/dramaticdoors, mod/oneenoughvalue, mod/framework, mod/probejs, mod/observable, mod/fabric_key_binding_api_v1, mod/betteradvancements, mod/esl, mod/fabric_transfer_api_v1, mod/irisflw, mod/copycats, mod/xaerolib, mod/fabric_resource_loader_v0, mod/traderefresh, mod/clumps, mod/mcwifipnp, mod/artifacts, mod/quality_food, mod/explorerscompass, mod/txnilib, mod/skinlayers3d, mod/travelerstitles, mod/dragonlib, mod/create_fantasizing, mod/kaleidoscope_nether, mod/mysterious_mountain_lib, mod/fabric_blockrenderlayer_v1, mod/obscure_tooltips, mod/creativecore, mod/industrial_platform, mod/polyeng, mod/fabric_gametest_api_v1, mod/neobeefix, mod/freecam, mod/jecharacters, mod/fabric_biome_api_v1, mod/cpapireforged, mod/fancymenu, mod/ferritecore, mod/functionalstorage, mod/charmofundying, mod/lodestone, mod/kaleidoscope_cookery, mod/create_simulated_additions, mod/improvedmobs, mod/overloadedarmorbar, mod/create_structures_arise, mod/imblocker, mod/create_enhanced_schematicannon, mod/smsn, mod/man_of_many_planes, mod/supermartijn642configlib, mod/sodium_extra, mod/sodiumextras, mod/createdeco, mod/playeranimator, mod/ponder, mod/world_preview, mod/aeronautics_bundled, mod/create_jetpack, mod/bettercaves, mod/create_deepfried, mod/fabric_convention_tags_v1, mod/fabric_convention_tags_v2, mod/maidsoulkitchen, mod/kaleidoscope_chinesefood, mod/kaleidoscope_doll, mod/balm, mod/fabric_screen_api_v1, mod/prickle, mod/chat_heads, mod/sqlite_jdbc, mod/biome_replacer, mod/ldlib2, mod/athena, mod/glodium, mod/w2w2, mod/vintagedelight, mod/torchmaster, mod/fabric_game_rule_api_v1, mod/chefsdelight, mod/supermartijn642corelib, mod/apothic_attributes, mod/yungsbridges, mod/resourcefulconfig, mod/rcg_lib, mod/bakeries, mod/servercore, mod/curios, mod/ias, mod/searchables, mod/fabric_entity_events_v1, mod/conditional_mixin, mod/create_rustic_structures, mod/flightlib, mod/jadeaddons, mod/cobblefordays, mod/codechickenlib, mod/brandonscore, mod/cmpackagecouriers, mod/bettermineshafts, mod/acceleratedrendering, mod/aeronautics_display_link_fix, mod/elytraslot, mod/createnuclear, mod/createbigcannons, mod/createtransmission, mod/integrated_villages, mod/fabric_model_loading_api_v1, mod/jei, mod/butchercraft, mod/lithostitched, mod/aeronautics, mod/mekanism, mod/fabric_rendering_v1, mod/fabric_renderer_indigo, mod/naturescompass, mod/lightmanscurrency, mod/lctech, mod/oelib, mod/glitchcore, mod/sereneseasons, mod/neruina, mod/runiclib, mod/nebulusbetterportals, mod/iceandfire, mod/catalogue, mod/cratedelight, mod/end_portal_recept, mod/oworld2create, mod/offroad, mod/idas, mod/drippyloadingscreen, mod/simplebackups, mod/itemphysiclite, mod/fabric_api_base, mod/createstockbridge, mod/bettercombat, mod/mousetweaks, mod/createoreexcavation, mod/nochatreports, mod/createutilities, mod/spectrelib, mod/eclipticseasons, mod/createendertransmission, mod/kotlinforforge, mod/xaerominimap, mod/integrated_stronghold, mod/prometheus, mod/soul_fire_d, mod/fabric_item_group_api_v1, mod/polymorph, mod/l2core, mod/zeta, mod/entityculling, mod/continuity, mod/oceansdelight, mod/fabric_recipe_api_v1, mod/modernui, mod/puzzleslib, mod/create_power_loader, mod/fabric_sound_api_v1, mod/betterend, mod/configurable, mod/cristellib, mod/tetra, mod/totw_modded, mod/betterwitchhuts, mod/wover, mod/geckolib, mod/creeperoverhaul, mod/create_compatible_storage, mod/morejs, mod/dynamiclights, mod/immersive_aircraft, mod/netmusic, mod/kaleidoscope_tavern, mod/kaleidoscope_world_liquor, mod/kaleidoscope_compat, mod/ritchiesprojectilelib, mod/controlling, mod/xaeroworldmap, mod/citadel, mod/fabric_data_attachment_api_v1, mod/biomespy, mod/simulated, mod/createaddition, mod/wunderlib, mod/jeed, mod/railways, mod/struts, mod/bits_n_bobs, mod/create_jetpack_curios, mod/bclib, mod/dummmmmmy, mod/fabric_content_registries_v0, mod/twilightforest, mod/kaleidoscope_twilight, mod/sodiumdynamiclights, mod/greenhouseconfig_toml, mod/farmersdelight, mod/mynethersdelight, mod/rusticdelight, mod/corn_delight, mod/dumplings_delight, mod/dungeonsdelight, mod/fruitsdelight, mod/cuisinedelight, mod/culturaldelights, mod/create_ultimate_factory, mod/colorfulhearts, mod/trailsandtalesplus, mod/spiceoflifelatiao, mod/bountiful, mod/patchouli, mod/simplebedrockmodel, mod/simplehats, mod/betterendcities_betterend_1_21, mod/ftbultimine, mod/betterstrongholds, mod/resourcefullib, mod/createliquidfuel, mod/lootjs, mod/ali, mod/architectury, mod/vinery, mod/herbalbrews, mod/farm_and_charm, mod/brewery, mod/uranus, mod/ftblibrary, mod/ftbfiltersystem, mod/ftbteams, mod/ftbranks, mod/ftbessentials, mod/ftbchunks, mod/ftbquests, mod/certain_questing_additions, mod/seasonhud, mod/fabric_loot_api_v2, mod/fabric_loot_api_v3, mod/refurbished_furniture, mod/trashcans, mod/fabric_networking_api_v1, mod/t_and_t, mod/yeetusexperimentus, mod/fabric_lifecycle_events_v1, mod/percale, mod/ftbquestslangsplitter, mod/dynamiclantern, mod/rhino, mod/kubejs, mod/ftbxmodcompat, mod/betteradvancedtooltips, mod/mechanicals, mod/kubejsdelight, mod/festive_delight, mod/owo, mod/trashslot, mod/amendments, mod/createvintageneoforged, mod/octolib, mod/elysium_api, mod/tacz, mod/taczaddon, mod/trender, mod/ponderjs, mod/create, mod/createprism, mod/ratatouille, mod/createsifter, mod/kubejs_create, mod/interiors, mod/create_dragons_plus, mod/create_bs, mod/ratatouille_fried_delights, mod/sliceanddice, mod/northstar, mod/northstar_curios_compat, mod/extra_gauges, mod/sable, mod/aeronautics_utility_objects, mod/constructionwand, mod/tracks, mod/createpropulsion, mod/create_submarine,create_abyss,create_high_seas, mod/create_enchantment_industry, mod/cnbridge, mod/create_central_kitchen, mod/create_mechanical_extruder, mod/create_mechanical_spawner, mod/someassemblyrequired, mod/waystones, mod/comforts, mod/configured, mod/create_bic_bit, mod/create_confectionery, mod/guideme, mod/betterdeserttemples, mod/resourcify, mod/terralith, mod/blueprint, mod/abnormals_delight, mod/neapolitan, mod/drivebywire, mod/sable_schematic_api, mod/aeroworks, mod/aeronautics_curios_compat, mod/player_animation_library, mod/trueuuid, mod/casualnessdelight, mod/fabric_transitive_access_wideners_v1, mod/always_eat, mod/alexscaves, mod/letemburn, mod/enchdesc, mod/radiantgear, mod/moonlight, mod/titanium, mod/visual_keybinder, mod/jade, mod/ae2, mod/ae2ct, mod/ae2omnicells, mod/ae2netanalyser, mod/ae2wtlib, mod/extendedae, mod/ae2wtlib_api, mod/createmetallurgy, mod/appliedcreate, mod/megacells, mod/l2harvester, mod/displaydelight, mod/iceberg, mod/advancementplaques, mod/itemborders, mod/mutil, mod/ftbxaerocompat, mod/quark, mod/deployer, mod/create_sa, mod/renderjs, mod/barbequesdelight, mod/immersive_paintings, mod/coroutil, mod/watut, mod/alexsdelight, mod/create_pattern_schematics, mod/yet_another_config_lib_v3, mod/solcarrot, mod/createfluidstuffs, mod/crabbersdelight, mod/packetfixer, mod/expandability, mod/fabric_data_generation_api_v1, mod/fabric_tag_api_v1, mod/fabric_events_interaction_v0, mod/vanillin, mod/presencefootsteps, moonlight:merged_pack, mod/bakeries:resourcepacks/b_16x, SnowySodiumStairs, file/Squareful方纹v26.2.1.zip, quark-emote-pack, KubeJS Virtual Resource Pack [Last, assets], ldlib2
[207月2026 16:42:22.972] [Render thread/WARN] [net.minecraft.server.packs.PathPackResources/]: Non [a-z0-9_.-] character in namespace LICENSE in pack , ignoring
[207月2026 16:42:23.018] [Render thread/WARN] [net.minecraft.server.packs.PathPackResources/]: Non [a-z0-9_.-] character in namespace LICENSE in pack , ignoring
[207月2026 16:42:23.411] [Render thread/INFO] [com.teamabnormals.blueprint.core.Blueprint/]: Successfully loaded 0 assets remolders!
[207月2026 16:42:23.421] [Render thread/INFO] [de.keksuccino.fancymenu.customization.ScreenCustomization/]: [FANCYMENU] Initializing screen customization engine! Addons should NOT REGISTER TO REGISTRIES anymore now!
[207月2026 16:42:23.428] [Worker-ResourceReload-0/INFO] [Moonlight/]: Resource cache state for CLIENT_RESOURCES: up to date
[207月2026 16:42:23.441] [Worker-ResourceReload-0/INFO] [Moonlight/]: Populated search tree for pack at D:\MC_games\versions\齿轮盛宴1.21.1\dynamic-resource-pack-cache\supplementaries-generated_pack in 11.88 ms
[207月2026 16:42:23.452] [Worker-ResourceReload-0/INFO] [Moonlight/]: Populated search tree for pack at D:\MC_games\versions\齿轮盛宴1.21.1\dynamic-resource-pack-cache\amendments-generated_pack in 10.68 ms
[207月2026 16:42:23.453] [Worker-ResourceReload-0/INFO] [Moonlight/]: Starting runtime resource generation for pack type CLIENT_RESOURCES with generators [supplementaries:generated_pack, amendments:generated_pack, moonlight:dynamic_resources]
[207月2026 16:42:23.455] [Worker-ResourceReload-0/WARN] [net.minecraft.server.packs.PathPackResources/]: Non [a-z0-9_.-] character in namespace LICENSE in pack , ignoring
[207月2026 16:42:23.488] [Worker-ResourceReload-0/WARN] [net.minecraft.server.packs.PathPackResources/]: Non [a-z0-9_.-] character in namespace LICENSE in pack , ignoring
[207月2026 16:42:23.495] [Worker-ResourceReload-0/INFO] [Moonlight/]: Skipping regeneration for Dynamic CLIENT_RESOURCES Resources Provider [supplementaries:generated_pack] (cache up-to-date)
[207月2026 16:42:23.512] [Worker-ResourceReload-0/INFO] [Moonlight/]: Skipping regeneration for Dynamic CLIENT_RESOURCES Resources Provider [amendments:generated_pack] (cache up-to-date)
[207月2026 16:42:23.512] [Worker-ResourceReload-0/INFO] [Moonlight/]: Regenerating Dynamic CLIENT_RESOURCES Resources Provider [moonlight:dynamic_resources], requested by strategy REGEN_ON_EVERY_RELOAD
[207月2026 16:42:23.517] [Worker-ResourceReload-0/INFO] [Moonlight/]: Generated runtime CLIENT_RESOURCES for pack moonlight:dynamic_resources in 4.472 ms
[207月2026 16:42:23.517] [Worker-ResourceReload-0/INFO] [Moonlight/]: Finished runtime resources generation for 3 packs in a total of 63.54 ms 
[207月2026 16:42:24.393] [Render thread/INFO] [net.minecraft.client.gui.screens.LoadingOverlay/]: [DRIPPY LOADING SCREEN] Initializing fonts for text rendering..
[207月2026 16:42:24.395] [Render thread/INFO] [de.keksuccino.fancymenu.customization.layer.ScreenCustomizationLayerHandler/]: [FANCYMENU] ScreenCustomizationLayer registered: drippy_loading_overlay
[207月2026 16:42:24.536] [Render thread/INFO] [de.keksuccino.fancymenu.FancyMenu/]: [FANCYMENU] Starting late client initialization phase..
[207月2026 16:42:24.581] [Render thread/INFO] [de.keksuccino.konkrete.Konkrete/]: [KONKRETE] Client-side modules initialized and ready to use!
[207月2026 16:42:25.428] [Render thread/INFO] [KubeJS Client/]: Client resource reload complete!
[207月2026 16:42:25.482] [Render thread/INFO] [ModernUI-MC/TextLayout]: Loaded smart SDF text shaders
[207月2026 16:42:25.483] [Render thread/INFO] [ModernUI-MC/Glyph]: Reloaded glyph manager
[207月2026 16:42:25.483] [Render thread/INFO] [ModernUI-MC/TextLayout]: Reloaded text layout engine, res level: 2 to 2, locale: zh_CN, layout RTL: false
[207月2026 16:42:25.493] [Worker-ResourceReload-0/INFO] [simplebedrockmodel/]: Loading bedrock model file: touhou_little_maid:models/bedrock/block/shrine.json
[207月2026 16:42:25.507] [NeoForge Version Check/INFO] [net.neoforged.fml.VersionChecker/]: Global NeoForge version check system disabled, no further processing.
[207月2026 16:42:25.509] [Worker-ResourceReload-13/INFO] [quark/]: added [block.quark.ancient_sapling] to CompostManager with chance 0.3
[207月2026 16:42:25.510] [Worker-ResourceReload-13/INFO] [quark/]: added [block.quark.ancient_leaves] to CompostManager with chance 0.3
[207月2026 16:42:25.510] [Worker-ResourceReload-12/INFO] [dev.wuffs.bcc.BetterCompatibilityChecker/]: Better Compatibility Checker setup
[207月2026 16:42:25.510] [Worker-ResourceReload-13/INFO] [quark/]: added [item.quark.ancient_fruit] to CompostManager with chance 0.65
[207月2026 16:42:25.535] [Worker-ResourceReload-12/INFO] [dev.wuffs.bcc.neoforge.BetterCompatibilityCheckerNeoForge/]: Loaded BetterCompatibilityChecker - Modpack: CHANGE_ME | Version: CHANGE_ME
[207月2026 16:42:25.537] [Worker-ResourceReload-12/INFO] [de.mrjulsen.crn.CreateRailwaysNavigator/]: Welcome to the CREATE RAILWAYS NAVIGATOR mod by MRJULSEN.
[207月2026 16:42:25.537] [Worker-ResourceReload-0/INFO] [simplebedrockmodel/]: Loading bedrock model file: touhou_little_maid:models/bedrock/block/altar.json
[207月2026 16:42:25.539] [Worker-ResourceReload-13/INFO] [quark/]: added [block.quark.blue_blossom_leaves] to CompostManager with chance 0.3
[207月2026 16:42:25.539] [Worker-ResourceReload-13/INFO] [quark/]: added [block.quark.blue_blossom_sapling] to CompostManager with chance 0.3
[207月2026 16:42:25.539] [Worker-ResourceReload-13/INFO] [quark/]: added [block.quark.lavender_blossom_leaves] to CompostManager with chance 0.3
[207月2026 16:42:25.539] [Worker-ResourceReload-13/INFO] [quark/]: added [block.quark.lavender_blossom_sapling] to CompostManager with chance 0.3
[207月2026 16:42:25.539] [Worker-ResourceReload-13/INFO] [quark/]: added [block.quark.orange_blossom_leaves] to CompostManager with chance 0.3
[207月2026 16:42:25.541] [Worker-ResourceReload-13/INFO] [quark/]: added [block.quark.orange_blossom_sapling] to CompostManager with chance 0.3
[207月2026 16:42:25.541] [Worker-ResourceReload-13/INFO] [quark/]: added [block.quark.yellow_blossom_leaves] to CompostManager with chance 0.3
[207月2026 16:42:25.541] [Worker-ResourceReload-13/INFO] [quark/]: added [block.quark.yellow_blossom_sapling] to CompostManager with chance 0.3
[207月2026 16:42:25.541] [Worker-ResourceReload-13/INFO] [quark/]: added [block.quark.red_blossom_leaves] to CompostManager with chance 0.3
[207月2026 16:42:25.541] [Worker-ResourceReload-13/INFO] [quark/]: added [block.quark.red_blossom_sapling] to CompostManager with chance 0.3
[207月2026 16:42:25.542] [Worker-ResourceReload-9/ERROR] [dev.ftb.mods.ftblibrary.icon.EntityIconLoader/]: Entity iceandfire:stone_statue is using legacy invisible texture, please update it to use the new system!
[207月2026 16:42:25.543] [Worker-ResourceReload-13/INFO] [quark/]: added [block.quark.apple_crate] to CompostManager with chance 1.0
[207月2026 16:42:25.543] [Worker-ResourceReload-13/INFO] [quark/]: added [block.quark.potato_crate] to CompostManager with chance 1.0
[207月2026 16:42:25.543] [Worker-ResourceReload-13/INFO] [quark/]: added [block.quark.carrot_crate] to CompostManager with chance 1.0
[207月2026 16:42:25.543] [Worker-ResourceReload-13/INFO] [quark/]: added [block.quark.beetroot_crate] to CompostManager with chance 1.0
[207月2026 16:42:25.543] [Worker-ResourceReload-13/INFO] [quark/]: added [block.quark.cocoa_beans_sack] to CompostManager with chance 1.0
[207月2026 16:42:25.544] [Worker-ResourceReload-13/INFO] [quark/]: added [block.quark.nether_wart_sack] to CompostManager with chance 1.0
[207月2026 16:42:25.544] [Worker-ResourceReload-13/INFO] [quark/]: added [block.quark.berry_sack] to CompostManager with chance 1.0
[207月2026 16:42:25.544] [Worker-ResourceReload-13/INFO] [quark/]: added [block.quark.glowberry_sack] to CompostManager with chance 1.0
[207月2026 16:42:25.548] [Worker-ResourceReload-13/INFO] [quark/]: added [block.quark.glow_shroom] to CompostManager with chance 0.65
[207月2026 16:42:25.548] [Worker-ResourceReload-13/INFO] [quark/]: added [block.quark.glow_shroom_block] to CompostManager with chance 0.65
[207月2026 16:42:25.548] [Worker-ResourceReload-13/INFO] [quark/]: added [block.quark.glow_shroom_stem] to CompostManager with chance 0.65
[207月2026 16:42:25.548] [Worker-ResourceReload-13/INFO] [quark/]: added [block.quark.glow_shroom_ring] to CompostManager with chance 0.65
[207月2026 16:42:25.549] [Worker-ResourceReload-13/INFO] [quark/]: added [block.quark.glow_lichen_growth] to CompostManager with chance 0.5
[207月2026 16:42:25.549] [Worker-ResourceReload-13/INFO] [quark/]: added [block.quark.oak_leaf_carpet] to CompostManager with chance 0.2
[207月2026 16:42:25.549] [Worker-ResourceReload-13/INFO] [quark/]: added [block.quark.spruce_leaf_carpet] to CompostManager with chance 0.2
[207月2026 16:42:25.549] [Worker-ResourceReload-13/INFO] [quark/]: added [block.quark.birch_leaf_carpet] to CompostManager with chance 0.2
[207月2026 16:42:25.550] [Worker-ResourceReload-13/INFO] [quark/]: added [block.quark.jungle_leaf_carpet] to CompostManager with chance 0.2
[207月2026 16:42:25.550] [Worker-ResourceReload-13/INFO] [quark/]: added [block.quark.acacia_leaf_carpet] to CompostManager with chance 0.2
[207月2026 16:42:25.550] [Worker-ResourceReload-13/INFO] [quark/]: added [block.quark.dark_oak_leaf_carpet] to CompostManager with chance 0.2
[207月2026 16:42:25.550] [Worker-ResourceReload-13/INFO] [quark/]: added [block.quark.mangrove_leaf_carpet] to CompostManager with chance 0.2
[207月2026 16:42:25.550] [Worker-ResourceReload-13/INFO] [quark/]: added [block.quark.cherry_leaf_carpet] to CompostManager with chance 0.2
[207月2026 16:42:25.550] [Worker-ResourceReload-13/INFO] [quark/]: added [block.quark.azalea_leaf_carpet] to CompostManager with chance 0.2
[207月2026 16:42:25.550] [Worker-ResourceReload-13/INFO] [quark/]: added [block.quark.flowering_azalea_leaf_carpet] to CompostManager with chance 0.2
[207月2026 16:42:25.551] [Worker-ResourceReload-13/INFO] [quark/]: added [block.quark.blue_blossom_leaf_carpet] to CompostManager with chance 0.2
[207月2026 16:42:25.551] [Worker-ResourceReload-13/INFO] [quark/]: added [block.quark.lavender_blossom_leaf_carpet] to CompostManager with chance 0.2
[207月2026 16:42:25.551] [Worker-ResourceReload-13/INFO] [quark/]: added [block.quark.orange_blossom_leaf_carpet] to CompostManager with chance 0.2
[207月2026 16:42:25.551] [Worker-ResourceReload-13/INFO] [quark/]: added [block.quark.yellow_blossom_leaf_carpet] to CompostManager with chance 0.2
[207月2026 16:42:25.552] [Worker-ResourceReload-13/INFO] [quark/]: added [block.quark.red_blossom_leaf_carpet] to CompostManager with chance 0.2
[207月2026 16:42:25.552] [Worker-ResourceReload-13/INFO] [quark/]: added [block.quark.ancient_leaf_carpet] to CompostManager with chance 0.2
[207月2026 16:42:25.557] [Worker-ResourceReload-13/INFO] [quark/]: added [block.quark.thatch] to CompostManager with chance 0.65
[207月2026 16:42:25.557] [Worker-ResourceReload-13/INFO] [quark/]: added [Poisonous Potato] to CompostManager with chance 0.85
[207月2026 16:42:25.558] [Worker-ResourceReload-13/INFO] [quark/]: added [Rotten Flesh] to CompostManager with chance 0.3
[207月2026 16:42:25.567] [Worker-ResourceReload-9/ERROR] [dev.ftb.mods.ftblibrary.icon.EntityIconLoader/]: Entity artifacts:mimic is using legacy invisible texture, please update it to use the new system!
[207月2026 16:42:25.575] [Worker-ResourceReload-0/INFO] [simplebedrockmodel/]: Loading bedrock model file: touhou_little_maid:models/bedrock/entity/backpack/tank_backpack.json
[207月2026 16:42:25.580] [Worker-ResourceReload-0/INFO] [simplebedrockmodel/]: Loading bedrock model file: touhou_little_maid:models/bedrock/entity/maid_fairy.json
[207月2026 16:42:25.591] [Worker-ResourceReload-0/INFO] [simplebedrockmodel/]: Loading bedrock model file: touhou_little_maid:models/bedrock/entity/backpack/small_backpack.json
[207月2026 16:42:25.592] [Worker-ResourceReload-0/INFO] [simplebedrockmodel/]: Loading bedrock model file: touhou_little_maid:models/bedrock/entity/broom.json
[207月2026 16:42:25.594] [Worker-ResourceReload-0/INFO] [simplebedrockmodel/]: Loading bedrock model file: touhou_little_maid:models/bedrock/entity/baby_maid_fairy.json
[207月2026 16:42:25.604] [Worker-ResourceReload-0/INFO] [simplebedrockmodel/]: Loading bedrock model file: touhou_little_maid:models/bedrock/block/maid_bed/black.json
[207月2026 16:42:25.606] [Worker-ResourceReload-0/INFO] [simplebedrockmodel/]: Loading bedrock model file: touhou_little_maid:models/bedrock/block/cchess.json
[207月2026 16:42:25.607] [Worker-ResourceReload-0/INFO] [simplebedrockmodel/]: Loading bedrock model file: touhou_little_maid:models/bedrock/block/gomoku.json
[207月2026 16:42:25.611] [Worker-ResourceReload-0/INFO] [simplebedrockmodel/]: Loading bedrock model file: touhou_little_maid:models/bedrock/block/maid_bed/yellow.json
[207月2026 16:42:25.612] [Worker-ResourceReload-0/INFO] [simplebedrockmodel/]: Loading bedrock model file: touhou_little_maid:models/bedrock/block/computer.json
[207月2026 16:42:25.618] [Worker-ResourceReload-12/INFO] [FTB Library/]: Setting game stages provider implementation to: KubeJS Stages
[207月2026 16:42:25.619] [Worker-ResourceReload-12/INFO] [FTB XMod Compat/]: Chose [KubeJS Stages] as the active game stages implementation
[207月2026 16:42:25.621] [Worker-ResourceReload-0/INFO] [simplebedrockmodel/]: Loading bedrock model file: touhou_little_maid:models/bedrock/block/gomoku_piece.json
[207月2026 16:42:25.623] [Worker-ResourceReload-0/INFO] [simplebedrockmodel/]: Loading bedrock model file: touhou_little_maid:models/bedrock/block/bookshelf.json
[207月2026 16:42:25.626] [Worker-ResourceReload-12/INFO] [FTB Library/]: Setting permissions provider implementation to: FTB Ranks
[207月2026 16:42:25.626] [Worker-ResourceReload-12/INFO] [FTB XMod Compat/]: Chose [FTB Ranks] as the active permissions implementation
[207月2026 16:42:25.637] [Worker-ResourceReload-12/INFO] [FTB Library/]: Setting permissions currency implementation to: <NONE>
[207月2026 16:42:25.637] [Worker-ResourceReload-12/INFO] [FTB XMod Compat/]: Chose [<NONE>] as the active currency implementation
[207月2026 16:42:25.643] [Worker-ResourceReload-12/INFO] [FTB XMod Compat/]: [FTB Quests] recipe helper provider is [JEI]
[207月2026 16:42:25.643] [Worker-ResourceReload-0/INFO] [simplebedrockmodel/]: Loading bedrock model file: touhou_little_maid:models/bedrock/block/maid_bed/blue.json
[207月2026 16:42:25.656] [Worker-ResourceReload-12/INFO] [FTB XMod Compat/]: [FTB Quests] Enabled FTB Filter System integration
[207月2026 16:42:25.662] [Worker-ResourceReload-12/INFO] [FTB XMod Compat/]: [FTB Chunks] FTB Ranks detected, listening for ranks events
[207月2026 16:42:25.665] [Worker-ResourceReload-12/INFO] [FTB XMod Compat/]: [FTB Chunks] Enabled Waystones integration
[207月2026 16:42:25.671] [Worker-ResourceReload-0/INFO] [simplebedrockmodel/]: Loading bedrock model file: touhou_little_maid:models/bedrock/entity/backpack/end_chest_backpack.json
[207月2026 16:42:25.675] [Worker-ResourceReload-0/INFO] [simplebedrockmodel/]: Loading bedrock model file: touhou_little_maid:models/bedrock/block/keyboard.json
[207月2026 16:42:25.685] [Worker-ResourceReload-0/INFO] [simplebedrockmodel/]: Loading bedrock model file: touhou_little_maid:models/bedrock/entity/backpack/crafting_table_backpack.json
[207月2026 16:42:25.688] [Worker-ResourceReload-0/INFO] [simplebedrockmodel/]: Loading bedrock model file: touhou_little_maid:models/bedrock/block/picnic_mat.json
[207月2026 16:42:25.698] [Worker-ResourceReload-12/INFO] [com.Pink_Cats.createfastschematiccannon.Createfastschematiccannon/]: Create:FasterSchematicCannon: SpeedMultiply:20
[207月2026 16:42:25.706] [Worker-ResourceReload-0/INFO] [simplebedrockmodel/]: Loading bedrock model file: touhou_little_maid:models/bedrock/block/snack_cabinet.json
[207月2026 16:42:25.711] [Worker-ResourceReload-0/INFO] [simplebedrockmodel/]: Loading bedrock model file: touhou_little_maid:models/bedrock/block/statue_base.json
[207月2026 16:42:25.715] [Worker-ResourceReload-0/INFO] [simplebedrockmodel/]: Loading bedrock model file: touhou_little_maid:models/bedrock/block/wchess.json
[207月2026 16:42:25.716] [Worker-ResourceReload-0/INFO] [simplebedrockmodel/]: Loading bedrock model file: touhou_little_maid:models/bedrock/block/picnic_basket.json
[207月2026 16:42:25.719] [Worker-ResourceReload-0/INFO] [simplebedrockmodel/]: Loading bedrock model file: touhou_little_maid:models/bedrock/entity/maid_banner.json
[207月2026 16:42:25.720] [Worker-ResourceReload-0/INFO] [simplebedrockmodel/]: Loading bedrock model file: touhou_little_maid:models/bedrock/block/cchess_pieces.json
[207月2026 16:42:25.726] [Worker-ResourceReload-13/INFO] [ch.capez.dsbg.Dsbg/]: DSBG loaded. Suppressing set to: true
[207月2026 16:42:25.726] [Worker-ResourceReload-14/INFO] [dev.polaris_light.constructionwand.ConstructionWand/]: ConstructionWand says hello - may the odds be ever in your favor.
[207月2026 16:42:25.729] [Worker-ResourceReload-14/INFO] [dev.polaris_light.constructionwand.ConstructionWand/]: Curios integration added
[207月2026 16:42:25.732] [Worker-ResourceReload-14/INFO] [dev.polaris_light.constructionwand.ConstructionWand/]: Applied Energistics 2 integration added
[207月2026 16:42:25.739] [Worker-ResourceReload-14/INFO] [xaero.lib.XaeroLib/]: Loading XaeroLib common 1/2!
[207月2026 16:42:25.741] [Worker-ResourceReload-13/WARN] [Radiant Gear/]: Detected a dynamiclights mod that is not AtomicStryker Dynamic Lights; skipping Radiant Gear's Dynamic Lights bridge
[207月2026 16:42:25.742] [Worker-ResourceReload-13/INFO] [STDOUT/]: [toni.lib.TxniLib:onInitialize:75]: TxniLib onInitialize!
[207月2026 16:42:25.749] [Worker-ResourceReload-13/INFO] [cn.mcmod_mmf.mmlib.Main/]: Presented by Zaia
[207月2026 16:42:25.753] [Worker-ResourceReload-0/INFO] [simplebedrockmodel/]: Loading bedrock model file: touhou_little_maid:models/bedrock/block/maid_bed/purple.json
[207月2026 16:42:25.756] [Worker-ResourceReload-0/INFO] [simplebedrockmodel/]: Loading bedrock model file: touhou_little_maid:models/bedrock/entity/tombstone.json
[207月2026 16:42:25.758] [Worker-ResourceReload-0/INFO] [simplebedrockmodel/]: Loading bedrock model file: touhou_little_maid:models/bedrock/entity/cake_box.json
[207月2026 16:42:25.760] [Worker-ResourceReload-0/INFO] [simplebedrockmodel/]: Loading bedrock model file: touhou_little_maid:models/bedrock/entity/backpack/middle_backpack.json
[207月2026 16:42:25.768] [Worker-ResourceReload-0/INFO] [simplebedrockmodel/]: Loading bedrock model file: touhou_little_maid:models/bedrock/entity/new_maid_fairy.json
[207月2026 16:42:25.774] [Worker-ResourceReload-0/INFO] [simplebedrockmodel/]: Loading bedrock model file: touhou_little_maid:models/bedrock/entity/backpack/big_backpack.json
[207月2026 16:42:25.777] [Worker-ResourceReload-0/INFO] [simplebedrockmodel/]: Loading bedrock model file: touhou_little_maid:models/bedrock/block/maid_bed/pink.json
[207月2026 16:42:25.781] [Worker-ResourceReload-0/INFO] [simplebedrockmodel/]: Loading bedrock model file: touhou_little_maid:models/bedrock/block/maid_bed/green.json
[207月2026 16:42:25.787] [Worker-ResourceReload-0/INFO] [simplebedrockmodel/]: Loading bedrock model file: touhou_little_maid:models/bedrock/entity/marisa_yukkuri.json
[207月2026 16:42:25.790] [Worker-ResourceReload-0/INFO] [simplebedrockmodel/]: Loading bedrock model file: touhou_little_maid:models/bedrock/block/wchess_pieces.json
[207月2026 16:42:25.793] [Worker-ResourceReload-0/INFO] [simplebedrockmodel/]: Loading bedrock model file: touhou_little_maid:models/bedrock/entity/backpack/furnace_backpack.json
[207月2026 16:42:25.797] [Worker-ResourceReload-0/INFO] [simplebedrockmodel/]: Loading bedrock model file: touhou_little_maid:models/bedrock/entity/reimu_yukkuri.json
[207月2026 16:42:25.803] [Worker-ResourceReload-0/INFO] [simplebedrockmodel/]: Loading bedrock model file: touhou_little_maid:models/bedrock/block/maid_bed/white.json
[207月2026 16:42:25.917] [Worker-ResourceReload-13/INFO] [mekanism.common.Mekanism/]: Version 10.7.19 initializing...
[207月2026 16:42:25.931] [Worker-ResourceReload-13/INFO] [mekanism.common.Mekanism/]: Initialized HolidayManager.
[207月2026 16:42:25.974] [Worker-ResourceReload-13/INFO] [mekanism.common.Mekanism/]: Fake player readout: UUID = 46e82cd0-d480-3d48-800a-77431ede078e, name = [Mekanism]
[207月2026 16:42:25.975] [Worker-ResourceReload-13/INFO] [mekanism.common.Mekanism/]: Mod loaded.
[207月2026 16:42:25.975] [Worker-ResourceReload-13/INFO] [com.tom.stockbridge.StockBridge/]: Create Stock Bridge starting
[207月2026 16:42:25.990] [Worker-ResourceReload-13/INFO] [com.tom.createores.CreateOreExcavation/]: Create Ore Excavation starting
[207月2026 16:42:26.013] [Worker-ResourceReload-12/INFO] [fzzy_config/]: Loaded config immersive_paintings:common_config in 302ms
[207月2026 16:42:26.079] [Worker-ResourceReload-12/INFO] [fzzy_config/]: Loaded config immersive_paintings:client_config in 56ms
[207月2026 16:42:26.137] [Worker-ResourceReload-14/INFO] [org.starfruit.ratatouillefrieddelights.RatatouilleFriedDelights/]: DIRT BLOCK >> minecraft:dirt
[207月2026 16:42:26.137] [Worker-ResourceReload-14/INFO] [org.starfruit.ratatouillefrieddelights.RatatouilleFriedDelights/]: The magic number is... 42
[207月2026 16:42:26.137] [Worker-ResourceReload-14/INFO] [org.starfruit.ratatouillefrieddelights.RatatouilleFriedDelights/]: ITEM >> minecraft:iron_ingot
[207月2026 16:42:26.179] [Worker-ResourceReload-13/ERROR] [patchouli/]: Failed to load book betterend:guidebook defined by mod betterend, skipping
java.lang.IllegalArgumentException: Book betterend:guidebook has use_resource_pack set to false. This behaviour was removed in 1.20. The book author should enable this flag and move all book contents clientside to /assets/, leaving the book.json in /data/. See https://vazkiimods.github.io/Patchouli/docs/upgrading/upgrade-guide-120 for details.
	at TRANSFORMER/patchouli@1.21.1-93-NEOFORGE/vazkii.patchouli.common.book.Book.<init>(Book.java:148) ~[%5B帕秋莉手册%5D%20Patchouli-1.21.1-93-NEOFORGE.jar%23657!/:1.21.1-93-NEOFORGE]
	at TRANSFORMER/patchouli@1.21.1-93-NEOFORGE/vazkii.patchouli.common.book.BookRegistry.loadBook(BookRegistry.java:90) ~[%5B帕秋莉手册%5D%20Patchouli-1.21.1-93-NEOFORGE.jar%23657!/:1.21.1-93-NEOFORGE]
	at TRANSFORMER/patchouli@1.21.1-93-NEOFORGE/vazkii.patchouli.common.book.BookRegistry.lambda$init$3(BookRegistry.java:75) ~[%5B帕秋莉手册%5D%20Patchouli-1.21.1-93-NEOFORGE.jar%23657!/:1.21.1-93-NEOFORGE]
	at java.base/java.util.HashMap.forEach(HashMap.java:1429) ~[?:?]
	at TRANSFORMER/patchouli@1.21.1-93-NEOFORGE/vazkii.patchouli.common.book.BookRegistry.init(BookRegistry.java:70) ~[%5B帕秋莉手册%5D%20Patchouli-1.21.1-93-NEOFORGE.jar%23657!/:1.21.1-93-NEOFORGE]
	at TRANSFORMER/patchouli@1.21.1-93-NEOFORGE/vazkii.patchouli.neoforge.common.NeoForgeModInitializer.onInitialize(NeoForgeModInitializer.java:86) ~[%5B帕秋莉手册%5D%20Patchouli-1.21.1-93-NEOFORGE.jar%23657!/:1.21.1-93-NEOFORGE]
	at MC-BOOTSTRAP/net.neoforged.bus/net.neoforged.bus.EventBus.post(EventBus.java:360) ~[bus-8.0.5.jar%23164!/:?]
	at MC-BOOTSTRAP/net.neoforged.bus/net.neoforged.bus.EventBus.post(EventBus.java:328) ~[bus-8.0.5.jar%23164!/:?]
	at MC-BOOTSTRAP/fml_loader@4.0.43/net.neoforged.fml.ModContainer.acceptEvent(ModContainer.java:158) ~[loader-4.0.43.jar%23161!/:4.0]
	at MC-BOOTSTRAP/fml_loader@4.0.43/net.neoforged.fml.ModLoader.lambda$dispatchParallelEvent$4(ModLoader.java:172) ~[loader-4.0.43.jar%23161!/:4.0]
	at MC-BOOTSTRAP/fml_loader@4.0.43/net.neoforged.fml.ModLoader.lambda$dispatchParallelTask$7(ModLoader.java:231) ~[loader-4.0.43.jar%23161!/:4.0]
	at java.base/java.util.concurrent.CompletableFuture.uniHandle(CompletableFuture.java:934) [?:?]
	at java.base/java.util.concurrent.CompletableFuture$UniHandle.tryFire(CompletableFuture.java:911) [?:?]
	at java.base/java.util.concurrent.CompletableFuture$Completion.exec(CompletableFuture.java:483) [?:?]
	at java.base/java.util.concurrent.ForkJoinTask.doExec(ForkJoinTask.java:387) [?:?]
	at java.base/java.util.concurrent.ForkJoinPool$WorkQueue.topLevelExec(ForkJoinPool.java:1310) [?:?]
	at java.base/java.util.concurrent.ForkJoinPool.scan(ForkJoinPool.java:1841) [?:?]
	at java.base/java.util.concurrent.ForkJoinPool.runWorker(ForkJoinPool.java:1806) [?:?]
	at java.base/java.util.concurrent.ForkJoinWorkerThread.run(ForkJoinWorkerThread.java:188) [?:?]
[207月2026 16:42:26.206] [Worker-ResourceReload-13/INFO] [com.jkvin114.displaydelight.DisplayDelight/]: HELLO FROM COMMON SETUP
[207月2026 16:42:26.222] [Worker-ResourceReload-12/INFO] [com.yanny.ali.neoforge.platform.NeoForgePlatformHelper/]: Registered ALI plugin [ali] com.yanny.ali.plugin.Plugin
[207月2026 16:42:26.223] [Worker-ResourceReload-12/INFO] [com.yanny.ali.neoforge.platform.NeoForgePlatformHelper/]: Registered ALI plugin [farmersdelight] com.yanny.ali.neoforge.plugin.mods.farmers_delight.Plugin
[207月2026 16:42:26.230] [Worker-ResourceReload-12/INFO] [com.yanny.ali.neoforge.platform.NeoForgePlatformHelper/]: Registered ALI plugin [neoforge] com.yanny.ali.neoforge.plugin.NeoForgePlugin
[207月2026 16:42:26.232] [Worker-ResourceReload-12/INFO] [com.yanny.ali.neoforge.platform.NeoForgePlatformHelper/]: Registered ALI plugin [lootjs] com.yanny.ali.lootjs.LootJsPlugin
[207月2026 16:42:26.239] [Worker-ResourceReload-12/INFO] [com.yanny.ali.neoforge.platform.NeoForgePlatformHelper/]: Found 4 plugin(s)
[207月2026 16:42:26.239] [Worker-ResourceReload-12/INFO] [com.yanny.aci.manager.CorePluginManager/]: Registering common plugin data...
[207月2026 16:42:26.242] [Worker-ResourceReload-12/INFO] [com.yanny.ali.configuration.ConfigUtils/]: Loading configuration file D:\MC_games\versions\齿轮盛宴1.21.1\config\ali\ali_common.json
[207月2026 16:42:26.256] [Worker-ResourceReload-14/INFO] [ModernUI-MC/Glyph]: Scanned emoji shortcodes: 6923
[207月2026 16:42:26.319] [Worker-ResourceReload-12/INFO] [com.yanny.aci.manager.ManagedRegistry/]: Registered 1 entity variants
[207月2026 16:42:26.319] [Worker-ResourceReload-12/INFO] [com.yanny.aci.manager.CorePluginManager/]: Registering common plugin data finished
[207月2026 16:42:26.967] [Worker-ResourceReload-12/WARN] [Continuity/]: Unknown block 'byg:ivis_phylium' in 'matchBlocks' element 'byg:ivis_phylium' at index 4 in file 'minecraft:optifine/ctm/_overlays/08_amber_moss/amber_moss.properties' in pack 'mod/betterend'
[207月2026 16:42:26.967] [Worker-ResourceReload-12/WARN] [Continuity/]: Unknown block 'byg:vermilion_sculk' in 'matchBlocks' element 'byg:vermilion_sculk' at index 9 in file 'minecraft:optifine/ctm/_overlays/08_amber_moss/amber_moss.properties' in pack 'mod/betterend'
[207月2026 16:42:26.967] [Worker-ResourceReload-12/WARN] [Continuity/]: Unknown block 'byg:shulkren_phylium' in 'matchBlocks' element 'byg:shulkren_phylium' at index 10 in file 'minecraft:optifine/ctm/_overlays/08_amber_moss/amber_moss.properties' in pack 'mod/betterend'
[207月2026 16:42:26.974] [Worker-ResourceReload-12/WARN] [Continuity/]: Unknown block 'byg:ivis_phylium' in 'matchBlocks' element 'byg:ivis_phylium' at index 10 in file 'minecraft:optifine/ctm/_overlays/07_jungle_moss/jungle_moss.properties' in pack 'mod/betterend'
[207月2026 16:42:26.981] [Worker-ResourceReload-12/WARN] [Continuity/]: Unknown block 'byg:vermilion_sculk' in 'matchBlocks' element 'byg:vermilion_sculk' at index 11 in file 'minecraft:optifine/ctm/_overlays/07_jungle_moss/jungle_moss.properties' in pack 'mod/betterend'
[207月2026 16:42:26.981] [Worker-ResourceReload-12/WARN] [Continuity/]: Unknown block 'byg:shulkren_phylium' in 'matchBlocks' element 'byg:shulkren_phylium' at index 12 in file 'minecraft:optifine/ctm/_overlays/07_jungle_moss/jungle_moss.properties' in pack 'mod/betterend'
[207月2026 16:42:26.982] [Worker-ResourceReload-12/WARN] [Continuity/]: Unknown block 'byg:ivis_phylium' in 'matchBlocks' element 'byg:ivis_phylium' at index 8 in file 'minecraft:optifine/ctm/_overlays/06_end_moss/end_moss.properties' in pack 'mod/betterend'
[207月2026 16:42:26.982] [Worker-ResourceReload-12/WARN] [Continuity/]: Unknown block 'byg:vermilion_sculk' in 'matchBlocks' element 'byg:vermilion_sculk' at index 9 in file 'minecraft:optifine/ctm/_overlays/06_end_moss/end_moss.properties' in pack 'mod/betterend'
[207月2026 16:42:26.982] [Worker-ResourceReload-12/WARN] [Continuity/]: Unknown block 'byg:shulkren_phylium' in 'matchBlocks' element 'byg:shulkren_phylium' at index 10 in file 'minecraft:optifine/ctm/_overlays/06_end_moss/end_moss.properties' in pack 'mod/betterend'
[207月2026 16:42:26.984] [Worker-ResourceReload-12/WARN] [Continuity/]: Unknown block 'byg:ivis_phylium' in 'matchBlocks' element 'byg:ivis_phylium' at index 3 in file 'minecraft:optifine/ctm/_overlays/05_chorus_nylium/chorus_nylium.properties' in pack 'mod/betterend'
[207月2026 16:42:26.984] [Worker-ResourceReload-12/WARN] [Continuity/]: Unknown block 'byg:vermilion_sculk' in 'matchBlocks' element 'byg:vermilion_sculk' at index 8 in file 'minecraft:optifine/ctm/_overlays/05_chorus_nylium/chorus_nylium.properties' in pack 'mod/betterend'
[207月2026 16:42:26.984] [Worker-ResourceReload-12/WARN] [Continuity/]: Unknown block 'byg:shulkren_phylium' in 'matchBlocks' element 'byg:shulkren_phylium' at index 9 in file 'minecraft:optifine/ctm/_overlays/05_chorus_nylium/chorus_nylium.properties' in pack 'mod/betterend'
[207月2026 16:42:26.985] [Worker-ResourceReload-12/WARN] [Continuity/]: Unknown block 'byg:ivis_phylium' in 'matchBlocks' element 'byg:ivis_phylium' at index 6 in file 'minecraft:optifine/ctm/_overlays/04_crystal_moss/crystal_moss.properties' in pack 'mod/betterend'
[207月2026 16:42:26.985] [Worker-ResourceReload-12/WARN] [Continuity/]: Unknown block 'byg:vermilion_sculk' in 'matchBlocks' element 'byg:vermilion_sculk' at index 7 in file 'minecraft:optifine/ctm/_overlays/04_crystal_moss/crystal_moss.properties' in pack 'mod/betterend'
[207月2026 16:42:26.985] [Worker-ResourceReload-12/WARN] [Continuity/]: Unknown block 'byg:shulkren_phylium' in 'matchBlocks' element 'byg:shulkren_phylium' at index 8 in file 'minecraft:optifine/ctm/_overlays/04_crystal_moss/crystal_moss.properties' in pack 'mod/betterend'
[207月2026 16:42:26.986] [Worker-ResourceReload-12/WARN] [Continuity/]: Unknown block 'byg:ivis_phylium' in 'matchBlocks' element 'byg:ivis_phylium' at index 5 in file 'minecraft:optifine/ctm/_overlays/03_pink_moss/pink_moss.properties' in pack 'mod/betterend'
[207月2026 16:42:26.986] [Worker-ResourceReload-12/WARN] [Continuity/]: Unknown block 'byg:vermilion_sculk' in 'matchBlocks' element 'byg:vermilion_sculk' at index 6 in file 'minecraft:optifine/ctm/_overlays/03_pink_moss/pink_moss.properties' in pack 'mod/betterend'
[207月2026 16:42:26.986] [Worker-ResourceReload-12/WARN] [Continuity/]: Unknown block 'byg:shulkren_phylium' in 'matchBlocks' element 'byg:shulkren_phylium' at index 7 in file 'minecraft:optifine/ctm/_overlays/03_pink_moss/pink_moss.properties' in pack 'mod/betterend'
[207月2026 16:42:26.987] [Worker-ResourceReload-12/WARN] [Continuity/]: Unknown block 'byg:ivis_phylium' in 'matchBlocks' element 'byg:ivis_phylium' at index 4 in file 'minecraft:optifine/ctm/_overlays/02_shadow_grass/shadow_grass.properties' in pack 'mod/betterend'
[207月2026 16:42:26.987] [Worker-ResourceReload-12/WARN] [Continuity/]: Unknown block 'byg:vermilion_sculk' in 'matchBlocks' element 'byg:vermilion_sculk' at index 5 in file 'minecraft:optifine/ctm/_overlays/02_shadow_grass/shadow_grass.properties' in pack 'mod/betterend'
[207月2026 16:42:26.987] [Worker-ResourceReload-12/WARN] [Continuity/]: Unknown block 'byg:shulkren_phylium' in 'matchBlocks' element 'byg:shulkren_phylium' at index 6 in file 'minecraft:optifine/ctm/_overlays/02_shadow_grass/shadow_grass.properties' in pack 'mod/betterend'
[207月2026 16:42:26.988] [Worker-ResourceReload-12/WARN] [Continuity/]: Unknown block 'byg:ivis_phylium' in 'matchBlocks' element 'byg:ivis_phylium' at index 4 in file 'minecraft:optifine/ctm/_overlays/01_end_mycelium/end_mycelium.properties' in pack 'mod/betterend'
[207月2026 16:42:26.988] [Worker-ResourceReload-12/WARN] [Continuity/]: Unknown block 'byg:vermilion_sculk' in 'matchBlocks' element 'byg:vermilion_sculk' at index 5 in file 'minecraft:optifine/ctm/_overlays/01_end_mycelium/end_mycelium.properties' in pack 'mod/betterend'
[207月2026 16:42:26.988] [Worker-ResourceReload-12/WARN] [Continuity/]: Unknown block 'byg:shulkren_phylium' in 'matchBlocks' element 'byg:shulkren_phylium' at index 6 in file 'minecraft:optifine/ctm/_overlays/01_end_mycelium/end_mycelium.properties' in pack 'mod/betterend'
[207月2026 16:42:26.989] [Worker-ResourceReload-12/WARN] [Continuity/]: Unknown block 'byg:ivis_phylium' in 'matchBlocks' element 'byg:ivis_phylium' at index 2 in file 'minecraft:optifine/ctm/_overlays/00_cave_moss/cave_moss.properties' in pack 'mod/betterend'
[207月2026 16:42:26.989] [Worker-ResourceReload-12/WARN] [Continuity/]: Unknown block 'byg:vermilion_sculk' in 'matchBlocks' element 'byg:vermilion_sculk' at index 3 in file 'minecraft:optifine/ctm/_overlays/00_cave_moss/cave_moss.properties' in pack 'mod/betterend'
[207月2026 16:42:26.989] [Worker-ResourceReload-12/WARN] [Continuity/]: Unknown block 'byg:shulkren_phylium' in 'matchBlocks' element 'byg:shulkren_phylium' at index 4 in file 'minecraft:optifine/ctm/_overlays/00_cave_moss/cave_moss.properties' in pack 'mod/betterend'
[207月2026 16:42:26.991] [Worker-ResourceReload-12/WARN] [net.minecraft.server.packs.PathPackResources/]: Non [a-z0-9_.-] character in namespace LICENSE in pack , ignoring
[207月2026 16:42:27.427] [Render thread/ERROR] [net.minecraft.server.packs.PathPackResources/]: Invalid path ae2omnicells:textures/block/crafting/light/README.md_condition.json: Invalid segment 'README.md_condition.json' in path 'textures/block/crafting/light/README.md_condition.json'
[207月2026 16:42:27.428] [Render thread/ERROR] [net.minecraft.server.packs.PathPackResources/]: Invalid path ae2omnicells:textures/item/led/README.md_condition.json: Invalid segment 'README.md_condition.json' in path 'textures/item/led/README.md_condition.json'
[207月2026 16:42:27.429] [Render thread/ERROR] [net.minecraft.server.packs.PathPackResources/]: Invalid path ae2omnicells:textures/item/README.md_condition.json: Invalid segment 'README.md_condition.json' in path 'textures/item/README.md_condition.json'
[207月2026 16:42:27.774] [Worker-ResourceReload-0/ERROR] [net.minecraft.server.packs.PathPackResources/]: Invalid path modernui:font/muii18ncompat/OFL.txt_condition.json: Invalid segment 'OFL.txt_condition.json' in path 'font/muii18ncompat/OFL.txt_condition.json'
[207月2026 16:42:30.392] [Worker-ResourceReload-13/INFO] [ModernUI-MC/Glyph]: Scanned emoji map size: 3581
[207月2026 16:42:30.654] [Render thread/ERROR] [net.minecraft.Util/]: Invalid path in pack: createcafe:textures/item/demon's_dream_fruit_milk_tea.png, ignoring
[207月2026 16:42:30.693] [Worker-ResourceReload-6/WARN] [GeckoLib/]: Unsupported geometry json version: 1.21.0 for model northstar:geo/entity/moon_lunar_hydra.geo.json. Supported versions: 1.12.0. Remove any rotated face UVs and re-export the model to fix
[207月2026 16:42:30.694] [Worker-ResourceReload-6/WARN] [GeckoLib/]: Unsupported geometry json version: 1.21.0 for model northstar:geo/entity/moon_snail.geo.json. Supported versions: 1.12.0. Remove any rotated face UVs and re-export the model to fix
[207月2026 16:42:30.742] [ForkJoinPool.commonPool-worker-9/INFO] [ModernUI-MC/TextLayout]: Redirect registered font 'mui-i18n-compat' to 'modernui:mui-i18n-compat'
[207月2026 16:42:30.742] [ForkJoinPool.commonPool-worker-12/INFO] [ModernUI-MC/TextLayout]: Redirect registered font 'Source Han Sans CN Medium' to 'modernui:source-han-sans-cn-medium'
[207月2026 16:42:30.742] [ForkJoinPool.commonPool-worker-9/INFO] [ModernUI-MC/Init]: Registered font 'mui-i18n-compat', location 'modernui:font/muii18ncompat/muii18ncompat.ttf' in pack: 'mod/modernui'
[207月2026 16:42:30.742] [ForkJoinPool.commonPool-worker-12/INFO] [ModernUI-MC/Init]: Registered font 'Source Han Sans CN Medium', location 'modernui:font/source-han-sans-cn-medium.otf' in pack: 'mod/modernui'
[207月2026 16:42:30.744] [ForkJoinPool.commonPool-worker-8/INFO] [ModernUI-MC/TextLayout]: Redirect registered font 'Inter Frozen Medium' to 'modernui:inter-frozen-medium'
[207月2026 16:42:30.744] [ForkJoinPool.commonPool-worker-8/INFO] [ModernUI-MC/Init]: Registered font 'Inter Frozen Medium', location 'modernui:font/inter-frozen-medium-italic.otf' in pack: 'mod/modernui'
[207月2026 16:42:30.745] [ForkJoinPool.commonPool-worker-1/INFO] [ModernUI-MC/Init]: Registered font 'Inter Frozen Medium', location 'modernui:font/inter-frozen-medium.otf' in pack: 'mod/modernui'
[207月2026 16:42:30.745] [ForkJoinPool.commonPool-worker-14/INFO] [ModernUI-MC/TextLayout]: Redirect registered font 'JetBrains Mono Medium' to 'modernui:jetbrains-mono-medium'
[207月2026 16:42:30.746] [ForkJoinPool.commonPool-worker-14/INFO] [ModernUI-MC/Init]: Registered font 'JetBrains Mono Medium', location 'modernui:font/jetbrains-mono-medium.ttf' in pack: 'mod/modernui'
[207月2026 16:42:30.808] [Worker-ResourceReload-0/INFO] [ModernUI-MC/Init]: Font 'Noto Sans' failed to load or invalid
[207月2026 16:42:30.855] [Worker-ResourceReload-0/INFO] [ModernUI-MC/Init]: Font 'San Francisco' failed to load or invalid
[207月2026 16:42:30.902] [Worker-ResourceReload-0/INFO] [ModernUI-MC/Init]: Font 'Open Sans' failed to load or invalid
[207月2026 16:42:30.950] [Worker-ResourceReload-0/INFO] [ModernUI-MC/Init]: Font 'STHeiti' failed to load or invalid
[207月2026 16:42:30.952] [Worker-ResourceReload-0/INFO] [ModernUI-MC/Init]: Loaded typeface: FontCollection{mFamilies=[Inter Frozen Medium, Source Han Sans CN Medium, Segoe UI Variable, Segoe UI, SimHei, Segoe UI Symbol, mui-i18n-compat], mExclusiveEastAsianBits=null}
[207月2026 16:42:30.989] [Render thread/ERROR] [net.minecraft.Util/]: Invalid path in pack: create_submarine:textures/entity/mooring hook.png, ignoring
[207月2026 16:42:31.148] [Render thread/ERROR] [net.minecraft.server.packs.PathPackResources/]: Invalid path createdeco:textures/block/palettes/decals/BLANK_decal_dont_use.png_condition.json: Invalid segment 'BLANK_decal_dont_use.png_condition.json' in path 'textures/block/palettes/decals/BLANK_decal_dont_use.png_condition.json'
[207月2026 16:42:31.282] [Render thread/ERROR] [net.minecraft.server.packs.PathPackResources/]: Invalid path byg:textures/block/track/TODO.txt_condition.json: Invalid segment 'TODO.txt_condition.json' in path 'textures/block/track/TODO.txt_condition.json'
[207月2026 16:42:31.470] [Worker-ResourceReload-7/ERROR] [net.minecraft.server.packs.PathPackResources/]: Invalid path ae2omnicells:textures/block/crafting/light/README.md_condition.json: Invalid segment 'README.md_condition.json' in path 'textures/block/crafting/light/README.md_condition.json'
[207月2026 16:42:32.231] [Render thread/INFO] [Supplementaries/]: Finished mod setup in: [12, 2, 5, 0, 0, 0] ms
[207月2026 16:42:32.239] [Render thread/INFO] [zeta/]: Common setup: Performing initial refresh of zeta's config on thread 'Render thread'
[207月2026 16:42:32.241] [Render thread/INFO] [zeta/]: 'zeta' is enabling Zeta's piston structure resolver.
[207月2026 16:42:32.243] [Render thread/INFO] [zeta/]: zeta's config is now ready to accept filewatcher changes
[207月2026 16:42:32.298] [Render thread/INFO] [quark-zeta/]: Common setup: Performing initial refresh of quark's config on thread 'Render thread'
[207月2026 16:42:32.360] [Render thread/INFO] [quark-zeta/]: quark's config is now ready to accept filewatcher changes
[207月2026 16:42:32.520] [Worker-ResourceReload-0/ERROR] [net.minecraft.server.packs.PathPackResources/]: Invalid path modernui:font/muii18ncompat/OFL.txt_condition.json: Invalid segment 'OFL.txt_condition.json' in path 'font/muii18ncompat/OFL.txt_condition.json'
[207月2026 16:42:32.907] [Render thread/INFO] [modclazzchecker/]: The task analysis report has been exported to: D:\MC_games\versions\齿轮盛宴1.21.1\logs\maidsoulkitchen_task_clazz_analysis.txt
[207月2026 16:42:33.252] [Render thread/INFO] [modclazzchecker/]: The task analysis report has been exported to: D:\MC_games\versions\齿轮盛宴1.21.1\logs\maidsoulkitchen_task_clazz_analysis.txt
[207月2026 16:42:33.314] [Render thread/WARN] [chat_heads/]: disabled "Before Name" rendermode due to incompatibility with modernui
[207月2026 16:42:33.477] [Render thread/INFO] [io.github.lightman314.lightmanscurrency.LightmansCurrency/]: Reloading config/lightmanscurrency-common.txt
[207月2026 16:42:33.496] [Render thread/INFO] [io.github.lightman314.lightmanscurrency.LightmansCurrency/]: Reloading config/lctech-common.txt
[207月2026 16:42:33.525] [Render thread/INFO] [io.github.lightman314.lightmanscurrency.LightmansCurrency/]: ATM Icon Type 'lightmanscurrency:item' has been registered successfully.
[207月2026 16:42:33.527] [Render thread/INFO] [io.github.lightman314.lightmanscurrency.LightmansCurrency/]: ATM Icon Type 'lightmanscurrency:small_arrow' has been registered successfully.
[207月2026 16:42:33.528] [Render thread/INFO] [io.github.lightman314.lightmanscurrency.LightmansCurrency/]: ATM Icon Type 'lightmanscurrency:texture' has been registered successfully.
[207月2026 16:42:33.551] [Render thread/INFO] [io.github.lightman314.lightmanscurrency.LightmansCurrency/]: Registered TraderType lightmanscurrency:item_trader
[207月2026 16:42:33.553] [Render thread/INFO] [io.github.lightman314.lightmanscurrency.LightmansCurrency/]: Registered TraderType lightmanscurrency:item_trader_armor
[207月2026 16:42:33.557] [Render thread/INFO] [io.github.lightman314.lightmanscurrency.LightmansCurrency/]: Registered TraderType lightmanscurrency:item_trader_ticket
[207月2026 16:42:33.558] [Render thread/INFO] [io.github.lightman314.lightmanscurrency.LightmansCurrency/]: Registered TraderType lightmanscurrency:item_trader_book
[207月2026 16:42:33.562] [Render thread/INFO] [io.github.lightman314.lightmanscurrency.LightmansCurrency/]: Registered TraderType lightmanscurrency:slot_machine_trader
[207月2026 16:42:33.564] [Render thread/INFO] [io.github.lightman314.lightmanscurrency.LightmansCurrency/]: Registered TraderType lightmanscurrency:paygate
[207月2026 16:42:33.573] [Render thread/INFO] [io.github.lightman314.lightmanscurrency.LightmansCurrency/]: Registered TraderType lightmanscurrency:auction_house
[207月2026 16:42:33.578] [Render thread/INFO] [io.github.lightman314.lightmanscurrency.LightmansCurrency/]: Registered TraderType lightmanscurrency:commands
[207月2026 16:42:33.581] [Render thread/INFO] [io.github.lightman314.lightmanscurrency.LightmansCurrency/]: Registered TraderType lightmanscurrency:gacha
[207月2026 16:42:33.584] [Render thread/INFO] [io.github.lightman314.lightmanscurrency.LightmansCurrency/]: Registered TradeRuleType lightmanscurrency:player_list
[207月2026 16:42:33.584] [Render thread/INFO] [io.github.lightman314.lightmanscurrency.LightmansCurrency/]: Registered TradeRuleType lightmanscurrency:player_trade_limit
[207月2026 16:42:33.584] [Render thread/INFO] [io.github.lightman314.lightmanscurrency.LightmansCurrency/]: Registered TradeRuleType lightmanscurrency:discount_list
[207月2026 16:42:33.584] [Render thread/INFO] [io.github.lightman314.lightmanscurrency.LightmansCurrency/]: Registered TradeRuleType lightmanscurrency:timed_sale
[207月2026 16:42:33.584] [Render thread/INFO] [io.github.lightman314.lightmanscurrency.LightmansCurrency/]: Registered TradeRuleType lightmanscurrency:trade_limit
[207月2026 16:42:33.584] [Render thread/INFO] [io.github.lightman314.lightmanscurrency.LightmansCurrency/]: Registered TradeRuleType lightmanscurrency:free_sample
[207月2026 16:42:33.585] [Render thread/INFO] [io.github.lightman314.lightmanscurrency.LightmansCurrency/]: Registered TradeRuleType lightmanscurrency:price_fluctuation
[207月2026 16:42:33.585] [Render thread/INFO] [io.github.lightman314.lightmanscurrency.LightmansCurrency/]: Registered TradeRuleType lightmanscurrency:demand_pricing
[207月2026 16:42:33.585] [Render thread/INFO] [io.github.lightman314.lightmanscurrency.LightmansCurrency/]: Registered TradeRuleType lightmanscurrency:daily_trades
[207月2026 16:42:33.585] [Render thread/INFO] [io.github.lightman314.lightmanscurrency.LightmansCurrency/]: Registered TradeRuleType lightmanscurrency:discount_code
[207月2026 16:42:33.585] [Render thread/INFO] [io.github.lightman314.lightmanscurrency.LightmansCurrency/]: Registered NotificationType lightmanscurrency:item_trade
[207月2026 16:42:33.585] [Render thread/INFO] [io.github.lightman314.lightmanscurrency.LightmansCurrency/]: Registered NotificationType lightmanscurrency:paygate_trade
[207月2026 16:42:33.585] [Render thread/INFO] [io.github.lightman314.lightmanscurrency.LightmansCurrency/]: Registered NotificationType lightmanscurrency:slot_machine_trade
[207月2026 16:42:33.585] [Render thread/INFO] [io.github.lightman314.lightmanscurrency.LightmansCurrency/]: Registered NotificationType lightmanscurrency:out_of_stock
[207月2026 16:42:33.585] [Render thread/INFO] [io.github.lightman314.lightmanscurrency.LightmansCurrency/]: Registered NotificationType lightmanscurrency:bank_low_balance
[207月2026 16:42:33.585] [Render thread/INFO] [io.github.lightman314.lightmanscurrency.LightmansCurrency/]: Registered NotificationType lightmanscurrency:auction_house_seller
[207月2026 16:42:33.585] [Render thread/INFO] [io.github.lightman314.lightmanscurrency.LightmansCurrency/]: Registered NotificationType lightmanscurrency:auction_house_buyer
[207月2026 16:42:33.585] [Render thread/INFO] [io.github.lightman314.lightmanscurrency.LightmansCurrency/]: Registered NotificationType lightmanscurrency:auction_house_seller_nobid
[207月2026 16:42:33.585] [Render thread/INFO] [io.github.lightman314.lightmanscurrency.LightmansCurrency/]: Registered NotificationType lightmanscurrency:auction_house_outbid
[207月2026 16:42:33.585] [Render thread/INFO] [io.github.lightman314.lightmanscurrency.LightmansCurrency/]: Registered NotificationType lightmanscurrency:auction_house_canceled
[207月2026 16:42:33.587] [Render thread/INFO] [io.github.lightman314.lightmanscurrency.LightmansCurrency/]: Registered NotificationType lightmanscurrency:text
[207月2026 16:42:33.587] [Render thread/INFO] [io.github.lightman314.lightmanscurrency.LightmansCurrency/]: Registered NotificationType lightmanscurrency:add_remove_ally
[207月2026 16:42:33.587] [Render thread/INFO] [io.github.lightman314.lightmanscurrency.LightmansCurrency/]: Registered NotificationType lightmanscurrency:add_remove_trade
[207月2026 16:42:33.587] [Render thread/INFO] [io.github.lightman314.lightmanscurrency.LightmansCurrency/]: Registered NotificationType lightmanscurrency:change_ally_permissions
[207月2026 16:42:33.587] [Render thread/INFO] [io.github.lightman314.lightmanscurrency.LightmansCurrency/]: Registered NotificationType lightmanscurrency:change_creative
[207月2026 16:42:33.587] [Render thread/INFO] [io.github.lightman314.lightmanscurrency.LightmansCurrency/]: Registered NotificationType lightmanscurrency:changed_name
[207月2026 16:42:33.587] [Render thread/INFO] [io.github.lightman314.lightmanscurrency.LightmansCurrency/]: Registered NotificationType lightmanscurrency:change_ownership
[207月2026 16:42:33.587] [Render thread/INFO] [io.github.lightman314.lightmanscurrency.LightmansCurrency/]: Registered NotificationType lightmanscurrency:change_settings_simple
[207月2026 16:42:33.587] [Render thread/INFO] [io.github.lightman314.lightmanscurrency.LightmansCurrency/]: Registered NotificationType lightmanscurrency:change_settings_advanced
[207月2026 16:42:33.587] [Render thread/INFO] [io.github.lightman314.lightmanscurrency.LightmansCurrency/]: Registered NotificationType lightmanscurrency:change_settings_dumb
[207月2026 16:42:33.591] [Render thread/INFO] [io.github.lightman314.lightmanscurrency.LightmansCurrency/]: Registered NotificationType lightmanscurrency:bank_deposit_player
[207月2026 16:42:33.591] [Render thread/INFO] [io.github.lightman314.lightmanscurrency.LightmansCurrency/]: Registered NotificationType lightmanscurrency:bank_deposit_trader
[207月2026 16:42:33.591] [Render thread/INFO] [io.github.lightman314.lightmanscurrency.LightmansCurrency/]: Registered NotificationType lightmanscurrency:bank_deposit_server
[207月2026 16:42:33.591] [Render thread/INFO] [io.github.lightman314.lightmanscurrency.LightmansCurrency/]: Registered NotificationType lightmanscurrency:bank_transfer
[207月2026 16:42:33.591] [Render thread/INFO] [io.github.lightman314.lightmanscurrency.LightmansCurrency/]: Registered NotificationType lightmanscurrency:bank_interest
[207月2026 16:42:33.591] [Render thread/INFO] [io.github.lightman314.lightmanscurrency.LightmansCurrency/]: Registered NotificationType lightmanscurrency:taxes_collected
[207月2026 16:42:33.591] [Render thread/INFO] [io.github.lightman314.lightmanscurrency.LightmansCurrency/]: Registered NotificationType lightmanscurrency:taxes_paid
[207月2026 16:42:33.592] [Render thread/INFO] [io.github.lightman314.lightmanscurrency.LightmansCurrency/]: Registered NotificationType lightmanscurrency:block_ejected
[207月2026 16:42:33.592] [Render thread/INFO] [io.github.lightman314.lightmanscurrency.LightmansCurrency/]: Registered NotificationType lightmanscurrency:command_trade
[207月2026 16:42:33.592] [Render thread/INFO] [io.github.lightman314.lightmanscurrency.LightmansCurrency/]: Registered NotificationType lightmanscurrency:gacha_trade
[207月2026 16:42:33.592] [Render thread/INFO] [io.github.lightman314.lightmanscurrency.LightmansCurrency/]: Registered NotificationType lightmanscurrency:bank_salary_payment
[207月2026 16:42:33.593] [Render thread/INFO] [io.github.lightman314.lightmanscurrency.LightmansCurrency/]: Registered NotificationCategoryType lightmanscurrency:general
[207月2026 16:42:33.593] [Render thread/INFO] [io.github.lightman314.lightmanscurrency.LightmansCurrency/]: Registered NotificationCategoryType lightmanscurrency:null
[207月2026 16:42:33.594] [Render thread/INFO] [io.github.lightman314.lightmanscurrency.LightmansCurrency/]: Registered NotificationCategoryType lightmanscurrency:seasonal_event
[207月2026 16:42:33.595] [Render thread/INFO] [io.github.lightman314.lightmanscurrency.LightmansCurrency/]: Registered NotificationCategoryType lightmanscurrency:trader
[207月2026 16:42:33.595] [Render thread/INFO] [io.github.lightman314.lightmanscurrency.LightmansCurrency/]: Registered NotificationCategoryType lightmanscurrency:bank
[207月2026 16:42:33.595] [Render thread/INFO] [io.github.lightman314.lightmanscurrency.LightmansCurrency/]: Registered NotificationCategoryType lightmanscurrency:auction_house
[207月2026 16:42:33.596] [Render thread/INFO] [io.github.lightman314.lightmanscurrency.LightmansCurrency/]: Registered NotificationCategoryType lightmanscurrency:tax_entry
[207月2026 16:42:33.631] [Render thread/INFO] [io.github.lightman314.lightmanscurrency.LightmansCurrency/]: Registered Item Listing serializer 'lightmanscurrency:simple'
[207月2026 16:42:33.634] [Render thread/INFO] [io.github.lightman314.lightmanscurrency.LightmansCurrency/]: Registered Item Listing serializer 'lightmanscurrency:random_selection'
[207月2026 16:42:33.635] [Render thread/INFO] [io.github.lightman314.lightmanscurrency.LightmansCurrency/]: Registered Item Listing serializer 'lightmanscurrency:enchanted_item_for_coins'
[207月2026 16:42:33.637] [Render thread/INFO] [io.github.lightman314.lightmanscurrency.LightmansCurrency/]: Registered Item Listing serializer 'lightmanscurrency:enchanted_book_for_coins'
[207月2026 16:42:33.638] [Render thread/INFO] [io.github.lightman314.lightmanscurrency.LightmansCurrency/]: Registered Item Listing serializer 'lightmanscurrency:items_for_map'
[207月2026 16:42:33.661] [Render thread/INFO] [io.github.lightman314.lightmanscurrency.LightmansCurrency/]: Registered TraderType lctech:fluid_trader
[207月2026 16:42:33.664] [Render thread/INFO] [io.github.lightman314.lightmanscurrency.LightmansCurrency/]: Registered TraderType lctech:energy_trader
[207月2026 16:42:33.665] [Render thread/INFO] [io.github.lightman314.lightmanscurrency.LightmansCurrency/]: Registered NotificationType lctech:fluid_trade
[207月2026 16:42:33.665] [Render thread/INFO] [io.github.lightman314.lightmanscurrency.LightmansCurrency/]: Registered NotificationType lctech:energy_trade
[207月2026 16:42:33.666] [Render thread/FATAL] [ModernUI-MC/]: OK
[207月2026 16:42:33.729] [Render thread/INFO] [dev.rew1nd.sableschematicapi.SableSchematicApi/]: Registered Create blueprint compatibility mappers
[207月2026 16:42:33.737] [Render thread/INFO] [dev.rew1nd.sableschematicapi.SableSchematicApi/]: Registered Simulated Project blueprint compatibility mappers
[207月2026 16:42:33.742] [Render thread/INFO] [dev.rew1nd.sableschematicapi.SableSchematicApi/]: Registered Create Aeronautics blueprint compatibility events
[207月2026 16:42:33.745] [Render thread/INFO] [dev.rew1nd.sableschematicapi.SableSchematicApi/]: Registered Copycats+ blueprint survival cost compatibility
[207月2026 16:42:33.748] [Render thread/INFO] [dev.rew1nd.sableschematicapi.SableSchematicApi/]: Registered Drive By Wire blueprint compatibility mappers
[207月2026 16:42:33.749] [Render thread/INFO] [dev.rew1nd.sableschematicapi.SableSchematicApi/]: Registered Create Aeronautics: Transmission & Linkage blueprint compatibility mappers
[207月2026 16:42:33.868] [Render thread/INFO] [Framework/SYNCED_ENTITY_DATA]: Registered synced data key refurbished_furniture:lock_yaw for refurbished_furniture:seat
[207月2026 16:42:33.901] [Render thread/INFO] [tacz/SYNCED_ENTITY_DATA_TAC_COPY]: Registered synced data key tacz:shoot_cool_down for minecraft:living_entity
[207月2026 16:42:33.901] [Render thread/INFO] [tacz/SYNCED_ENTITY_DATA_TAC_COPY]: Registered synced data key tacz:melee_cool_down for minecraft:living_entity
[207月2026 16:42:33.901] [Render thread/INFO] [tacz/SYNCED_ENTITY_DATA_TAC_COPY]: Registered synced data key tacz:reload_state for minecraft:living_entity
[207月2026 16:42:33.901] [Render thread/INFO] [tacz/SYNCED_ENTITY_DATA_TAC_COPY]: Registered synced data key tacz:aiming_progress for minecraft:living_entity
[207月2026 16:42:33.901] [Render thread/INFO] [tacz/SYNCED_ENTITY_DATA_TAC_COPY]: Registered synced data key tacz:draw_cool_down for minecraft:living_entity
[207月2026 16:42:33.901] [Render thread/INFO] [tacz/SYNCED_ENTITY_DATA_TAC_COPY]: Registered synced data key tacz:is_aiming for minecraft:living_entity
[207月2026 16:42:33.901] [Render thread/INFO] [tacz/SYNCED_ENTITY_DATA_TAC_COPY]: Registered synced data key tacz:sprint_time for minecraft:living_entity
[207月2026 16:42:33.901] [Render thread/INFO] [tacz/SYNCED_ENTITY_DATA_TAC_COPY]: Registered synced data key tacz:is_bolting for minecraft:living_entity
[207月2026 16:42:33.901] [Render thread/INFO] [tacz/SYNCED_ENTITY_DATA_TAC_COPY]: Registered synced data key tacz:throwable_using for minecraft:living_entity
[207月2026 16:42:33.907] [Worker-ResourceReload-10/WARN] [net.minecraft.client.sounds.SoundManager/]: File mmlib:sounds/presented_by_zaia.ogg does not exist, cannot add it to event mysterious_mountain_lib:presented_by_zaia
[207月2026 16:42:33.992] [Render thread/INFO] [Moonlight/]: Initialized color sets in 75ms
[207月2026 16:42:34.000] [Render thread/ERROR] [Moonlight/]: Fabric API detected! This is not a Fabric mod, so please don't report related issues to MoonlightLib or its dependent(s). This can usually happen when using Connector, or when using a mod that does NOT have a native Neoforge implementation. This can easily lead to poor compatibility and other bizarre issues. Proceed at your own risk. 
 Mods that bundle Fabric API: [forgified-fabric-api-0.116.14+2.3.0+1.21.1.jar]
[207月2026 16:42:34.097] [Render thread/INFO] [Sodium/]: Block minecraft:large_fern had its color provider replaced with org.violetmoon.quark.content.client.module.GreenerGrassModule$Client$$Lambda/0x000001ca0aef9068@18520b3c and will not use per-vertex coloring
[207月2026 16:42:34.098] [Render thread/INFO] [Sodium/]: Block minecraft:tall_grass had its color provider replaced with org.violetmoon.quark.content.client.module.GreenerGrassModule$Client$$Lambda/0x000001ca0aef9068@39c854ee and will not use per-vertex coloring
[207月2026 16:42:34.098] [Render thread/INFO] [Sodium/]: Block minecraft:grass_block had its color provider replaced with org.violetmoon.quark.content.client.module.GreenerGrassModule$Client$$Lambda/0x000001ca0aef9068@2fa78b09 and will not use per-vertex coloring
[207月2026 16:42:34.098] [Render thread/INFO] [Sodium/]: Block minecraft:fern had its color provider replaced with org.violetmoon.quark.content.client.module.GreenerGrassModule$Client$$Lambda/0x000001ca0aef9068@4dd41f6c and will not use per-vertex coloring
[207月2026 16:42:34.098] [Render thread/INFO] [Sodium/]: Block minecraft:short_grass had its color provider replaced with org.violetmoon.quark.content.client.module.GreenerGrassModule$Client$$Lambda/0x000001ca0aef9068@4557e601 and will not use per-vertex coloring
[207月2026 16:42:34.098] [Render thread/INFO] [Sodium/]: Block minecraft:potted_fern had its color provider replaced with org.violetmoon.quark.content.client.module.GreenerGrassModule$Client$$Lambda/0x000001ca0aef9068@3e43a561 and will not use per-vertex coloring
[207月2026 16:42:34.098] [Render thread/INFO] [Sodium/]: Block minecraft:sugar_cane had its color provider replaced with org.violetmoon.quark.content.client.module.GreenerGrassModule$Client$$Lambda/0x000001ca0aef9068@2d2f9e63 and will not use per-vertex coloring
[207月2026 16:42:34.098] [Render thread/INFO] [Sodium/]: Block minecraft:spruce_leaves had its color provider replaced with org.violetmoon.quark.content.client.module.GreenerGrassModule$Client$$Lambda/0x000001ca0aef9068@3af04a37 and will not use per-vertex coloring
[207月2026 16:42:34.098] [Render thread/INFO] [Sodium/]: Block minecraft:birch_leaves had its color provider replaced with org.violetmoon.quark.content.client.module.GreenerGrassModule$Client$$Lambda/0x000001ca0aef9068@19bb88a5 and will not use per-vertex coloring
[207月2026 16:42:34.098] [Render thread/INFO] [Sodium/]: Block minecraft:oak_leaves had its color provider replaced with org.violetmoon.quark.content.client.module.GreenerGrassModule$Client$$Lambda/0x000001ca0aef9068@48b6d177 and will not use per-vertex coloring
[207月2026 16:42:34.099] [Render thread/INFO] [Sodium/]: Block minecraft:jungle_leaves had its color provider replaced with org.violetmoon.quark.content.client.module.GreenerGrassModule$Client$$Lambda/0x000001ca0aef9068@66ab08c7 and will not use per-vertex coloring
[207月2026 16:42:34.099] [Render thread/INFO] [Sodium/]: Block minecraft:acacia_leaves had its color provider replaced with org.violetmoon.quark.content.client.module.GreenerGrassModule$Client$$Lambda/0x000001ca0aef9068@5eb257d7 and will not use per-vertex coloring
[207月2026 16:42:34.099] [Render thread/INFO] [Sodium/]: Block minecraft:dark_oak_leaves had its color provider replaced with org.violetmoon.quark.content.client.module.GreenerGrassModule$Client$$Lambda/0x000001ca0aef9068@1b891204 and will not use per-vertex coloring
[207月2026 16:42:34.099] [Render thread/INFO] [Sodium/]: Block minecraft:vine had its color provider replaced with org.violetmoon.quark.content.client.module.GreenerGrassModule$Client$$Lambda/0x000001ca0aef9068@65ca456b and will not use per-vertex coloring
[207月2026 16:42:34.763] [Worker-ResourceReload-7/ERROR] [net.minecraft.server.packs.PathPackResources/]: Invalid path createdeco:textures/block/palettes/decals/BLANK_decal_dont_use.png_condition.json: Invalid segment 'BLANK_decal_dont_use.png_condition.json' in path 'textures/block/palettes/decals/BLANK_decal_dont_use.png_condition.json'
[207月2026 16:42:34.901] [Worker-ResourceReload-7/ERROR] [net.minecraft.server.packs.PathPackResources/]: Invalid path byg:textures/block/track/TODO.txt_condition.json: Invalid segment 'TODO.txt_condition.json' in path 'textures/block/track/TODO.txt_condition.json'
[207月2026 16:42:35.498] [Render thread/ERROR] [net.minecraft.server.packs.PathPackResources/]: Invalid path modernui:font/muii18ncompat/OFL.txt_condition.json: Invalid segment 'OFL.txt_condition.json' in path 'font/muii18ncompat/OFL.txt_condition.json'
[207月2026 16:42:35.817] [Worker-ResourceReload-12/ERROR] [net.minecraft.server.packs.PathPackResources/]: Invalid path railways:models/block/bogey/wide/scotch_yoke/Broad_Gauge_L_0-2-0.bbmodel_condition.json: Invalid segment 'Broad_Gauge_L_0-2-0.bbmodel_condition.json' in path 'models/block/bogey/wide/scotch_yoke/Broad_Gauge_L_0-2-0.bbmodel_condition.json'
[207月2026 16:42:35.925] [Worker-ResourceReload-0/INFO] [ModernUI-MC/TextLayout]: Loaded raw font 'minecraft:alt' in pack: 'vanilla'
[207月2026 16:42:35.926] [Worker-ResourceReload-0/INFO] [ModernUI-MC/TextLayout]: Loaded raw font bundle: 'minecraft:font/alt.json', font set: [minecraft:include/space,minecraft:font/ascii_sga.png]
[207月2026 16:42:35.926] [Worker-ResourceReload-0/INFO] [ModernUI-MC/TextLayout]: Loaded raw font 'supplementaries:antiquable' in pack: 'mod/supplementaries'
[207月2026 16:42:35.926] [Worker-ResourceReload-0/INFO] [ModernUI-MC/TextLayout]: Loaded raw font bundle: 'supplementaries:font/antiquable.json', font set: [minecraft:include/space,supplementaries:include/antiquable,modernui:internal-default]
[207月2026 16:42:35.937] [Worker-ResourceReload-0/INFO] [ModernUI-MC/TextLayout]: Loaded raw font 'tetra:ascii_small' in pack: 'mod/tetra'
[207月2026 16:42:35.937] [Worker-ResourceReload-0/INFO] [ModernUI-MC/TextLayout]: Loaded raw font bundle: 'tetra:font/ascii_small.json', font set: [tetra:ascii_small / minecraft:space,tetra:font/ascii_small.png]
[207月2026 16:42:35.938] [Worker-ResourceReload-0/INFO] [ModernUI-MC/TextLayout]: Ignore 'size=13.0' of providers[0] in font 'kaleidoscope_chinesefood:couplet_font' in pack: 'mod/kaleidoscope_chinesefood'
[207月2026 16:42:35.938] [Worker-ResourceReload-0/INFO] [ModernUI-MC/TextLayout]: Ignore 'oversample=8.0' of providers[0] in font 'kaleidoscope_chinesefood:couplet_font' in pack: 'mod/kaleidoscope_chinesefood'
[207月2026 16:42:35.942] [Worker-ResourceReload-0/INFO] [ModernUI-MC/TextLayout]: Ignore 'shift=Shift[x=-0.4, y=0.0]' of providers[0] in font 'kaleidoscope_chinesefood:couplet_font' in pack: 'mod/kaleidoscope_chinesefood'
[207月2026 16:42:35.942] [Worker-ResourceReload-0/INFO] [ModernUI-MC/TextLayout]: Ignore 'skip=' of providers[0] in font 'kaleidoscope_chinesefood:couplet_font' in pack: 'mod/kaleidoscope_chinesefood'
[207月2026 16:42:36.163] [Worker-ResourceReload-0/INFO] [ModernUI-MC/TextLayout]: Loaded raw font 'kaleidoscope_chinesefood:couplet_font' in pack: 'mod/kaleidoscope_chinesefood'
[207月2026 16:42:36.163] [Worker-ResourceReload-0/INFO] [ModernUI-MC/TextLayout]: Loaded raw font bundle: 'kaleidoscope_chinesefood:font/couplet_font.json', font set: [zihunbaigetianxingti]
[207月2026 16:42:36.164] [Worker-ResourceReload-0/INFO] [ModernUI-MC/TextLayout]: Ignore 'size=8.0' of providers[1] in font 'create_cyber_goggles:create' in pack: 'mod/create_cyber_goggles'
[207月2026 16:42:36.164] [Worker-ResourceReload-0/INFO] [ModernUI-MC/TextLayout]: Ignore 'oversample=5.0' of providers[1] in font 'create_cyber_goggles:create' in pack: 'mod/create_cyber_goggles'
[207月2026 16:42:36.165] [Worker-ResourceReload-0/INFO] [ModernUI-MC/TextLayout]: Ignore 'shift=Shift[x=0.0, y=-1.0]' of providers[1] in font 'create_cyber_goggles:create' in pack: 'mod/create_cyber_goggles'
[207月2026 16:42:36.169] [Worker-ResourceReload-0/INFO] [ModernUI-MC/TextLayout]: Loaded raw font 'create_cyber_goggles:create' in pack: 'mod/create_cyber_goggles'
[207月2026 16:42:36.170] [Worker-ResourceReload-0/INFO] [ModernUI-MC/TextLayout]: Loaded raw font bundle: 'create_cyber_goggles:font/create.json', font set: [create_cyber_goggles:create / minecraft:space,numbers]
[207月2026 16:42:36.172] [Worker-ResourceReload-0/INFO] [ModernUI-MC/TextLayout]: Ignore 'size=5.0' of providers[1] in font 'create_cyber_goggles:create_tiny' in pack: 'mod/create_cyber_goggles'
[207月2026 16:42:36.172] [Worker-ResourceReload-0/INFO] [ModernUI-MC/TextLayout]: Ignore 'oversample=5.0' of providers[1] in font 'create_cyber_goggles:create_tiny' in pack: 'mod/create_cyber_goggles'
[207月2026 16:42:36.172] [Worker-ResourceReload-0/INFO] [ModernUI-MC/TextLayout]: Ignore 'shift=Shift[x=0.0, y=-1.0]' of providers[1] in font 'create_cyber_goggles:create_tiny' in pack: 'mod/create_cyber_goggles'
[207月2026 16:42:36.176] [Worker-ResourceReload-0/INFO] [ModernUI-MC/TextLayout]: Loaded raw font 'create_cyber_goggles:create_tiny' in pack: 'mod/create_cyber_goggles'
[207月2026 16:42:36.176] [Worker-ResourceReload-0/INFO] [ModernUI-MC/TextLayout]: Loaded raw font bundle: 'create_cyber_goggles:font/create_tiny.json', font set: [create_cyber_goggles:create_tiny / minecraft:space,numbers]
[207月2026 16:42:36.177] [Worker-ResourceReload-0/INFO] [ModernUI-MC/TextLayout]: Loaded raw font 'minecraft:default' in pack: 'vanilla'
[207月2026 16:42:36.178] [Worker-ResourceReload-0/INFO] [ModernUI-MC/TextLayout]: Loaded raw font 'minecraft:default' in pack: 'file/Minecraft-Mod-Language-Modpack-Converted-1.21.1.zip'
[207月2026 16:42:36.182] [Worker-ResourceReload-0/INFO] [ModernUI-MC/TextLayout]: Loaded raw font 'minecraft:default' in pack: 'mod/create_deepfried'
[207月2026 16:42:36.182] [Worker-ResourceReload-0/INFO] [ModernUI-MC/TextLayout]: Loaded raw font bundle: 'minecraft:font/default.json', font set: [minecraft:include/space,minecraft:include/default,minecraft:include/cjk-punctuations,create_deepfried:font/south_american.png,create_deepfried:font/north_american.png,create_deepfried:font/africa.png,create_deepfried:font/minecraft.png,create_deepfried:font/canada.png,create_deepfried:font/oceania.png,create_deepfried:font/asia.png,create_deepfried:font/japan.png,create_deepfried:font/european.png,create_deepfried:font/italy.png,create_deepfried:font/greece.png,create_deepfried:font/germany.png,create_deepfried:font/united_kingdom.png]
[207月2026 16:42:36.184] [Worker-ResourceReload-0/INFO] [ModernUI-MC/TextLayout]: Loaded raw font 'betteradvancedtooltips:icons' in pack: 'mod/betteradvancedtooltips'
[207月2026 16:42:36.185] [Worker-ResourceReload-0/INFO] [ModernUI-MC/TextLayout]: Loaded raw font bundle: 'betteradvancedtooltips:font/icons.json', font set: [betteradvancedtooltips:font/icons/small_space.png,betteradvancedtooltips:font/icons/error.png,betteradvancedtooltips:font/icons/plus.png,betteradvancedtooltips:font/icons/minus.png,betteradvancedtooltips:font/icons/tilde.png,betteradvancedtooltips:font/icons/copy.png,betteradvancedtooltips:font/icons/id.png,betteradvancedtooltips:font/icons/fire.png,betteradvancedtooltips:font/icons/info.png,betteradvancedtooltips:font/icons/camera.png,betteradvancedtooltips:font/icons/prototype_component.png,betteradvancedtooltips:font/icons/patched_component.png,betteradvancedtooltips:font/icons/tag.png,betteradvancedtooltips:font/icons/warn.png,betteradvancedtooltips:font/icons/no.png,betteradvancedtooltips:font/icons/yes.png]
[207月2026 16:42:36.186] [Worker-ResourceReload-0/INFO] [ModernUI-MC/TextLayout]: Loaded raw font 'kubejs:icons' in pack: 'mod/kubejs'
[207月2026 16:42:36.186] [Worker-ResourceReload-0/INFO] [ModernUI-MC/TextLayout]: Loaded raw font bundle: 'kubejs:font/icons.json', font set: [kubejs:font/icons/crafting.png,kubejs:font/icons/kube.png,kubejs:font/icons/vscode.png]
[207月2026 16:42:36.187] [Worker-ResourceReload-0/INFO] [ModernUI-MC/TextLayout]: Loaded raw font 'refurbished_furniture:icons' in pack: 'mod/refurbished_furniture'
[207月2026 16:42:36.188] [Worker-ResourceReload-0/INFO] [ModernUI-MC/TextLayout]: Loaded raw font bundle: 'refurbished_furniture:font/icons.json', font set: [refurbished_furniture:icons / minecraft:space,refurbished_furniture:gui/font.png]
[207月2026 16:42:36.190] [Worker-ResourceReload-0/INFO] [ModernUI-MC/TextLayout]: Loaded raw font 'minecraft:illageralt' in pack: 'vanilla'
[207月2026 16:42:36.190] [Worker-ResourceReload-0/INFO] [ModernUI-MC/TextLayout]: Loaded raw font bundle: 'minecraft:font/illageralt.json', font set: [minecraft:include/space,minecraft:font/asciillager.png]
[207月2026 16:42:36.201] [Worker-ResourceReload-0/INFO] [ModernUI-MC/TextLayout]: Loaded raw font 'supplementaries:include/antiquable' in pack: 'mod/supplementaries'
[207月2026 16:42:36.201] [Worker-ResourceReload-0/INFO] [ModernUI-MC/TextLayout]: Loaded raw font bundle: 'supplementaries:font/include/antiquable.json', font set: [supplementaries:font/antiquable_cyrillic.png,minecraft:font/nonlatin_european.png,supplementaries:font/antiquable_accented.png,supplementaries:font/antiquable.png]
[207月2026 16:42:36.207] [Worker-ResourceReload-0/INFO] [ModernUI-MC/TextLayout]: Loaded raw font 'minecraft:include/cjk-punctuations' in pack: 'file/Minecraft-Mod-Language-Modpack-Converted-1.21.1.zip'
[207月2026 16:42:36.207] [Worker-ResourceReload-0/INFO] [ModernUI-MC/TextLayout]: Loaded raw font bundle: 'minecraft:font/include/cjk-punctuations.json', font set: [minecraft:font/element_ideographs.png,minecraft:font/cjk_punctuations.png,minecraft:font/ellipsis.png,minecraft:font/2em_dash.png]
[207月2026 16:42:36.219] [Worker-ResourceReload-0/INFO] [ModernUI-MC/TextLayout]: Loaded raw font 'minecraft:include/default' in pack: 'vanilla'
[207月2026 16:42:36.219] [Worker-ResourceReload-0/INFO] [ModernUI-MC/TextLayout]: Loaded raw font bundle: 'minecraft:font/include/default.json', font set: [minecraft:font/nonlatin_european.png,minecraft:font/accented.png,minecraft:font/ascii.png]
[207月2026 16:42:36.220] [Worker-ResourceReload-0/INFO] [ModernUI-MC/TextLayout]: Loaded raw font 'minecraft:include/space' in pack: 'vanilla'
[207月2026 16:42:36.221] [Worker-ResourceReload-0/INFO] [ModernUI-MC/TextLayout]: Loaded raw font bundle: 'minecraft:font/include/space.json', font set: [minecraft:include/space / minecraft:space]
[207月2026 16:42:36.221] [Worker-ResourceReload-0/INFO] [ModernUI-MC/TextLayout]: Ignore 'size=9.0' of providers[0] in font 'ldlib2:jetbrains_mono_bold' in pack: 'mod/ldlib2'
[207月2026 16:42:36.221] [Worker-ResourceReload-0/INFO] [ModernUI-MC/TextLayout]: Ignore 'oversample=16.0' of providers[0] in font 'ldlib2:jetbrains_mono_bold' in pack: 'mod/ldlib2'
[207月2026 16:42:36.221] [Worker-ResourceReload-0/INFO] [ModernUI-MC/TextLayout]: Ignore 'shift=Shift[x=0.0, y=0.0]' of providers[0] in font 'ldlib2:jetbrains_mono_bold' in pack: 'mod/ldlib2'
[207月2026 16:42:36.221] [Worker-ResourceReload-0/INFO] [ModernUI-MC/TextLayout]: Ignore 'skip=' of providers[0] in font 'ldlib2:jetbrains_mono_bold' in pack: 'mod/ldlib2'
[207月2026 16:42:36.228] [Worker-ResourceReload-0/INFO] [ModernUI-MC/TextLayout]: Loaded raw font 'ldlib2:jetbrains_mono_bold' in pack: 'mod/ldlib2'
[207月2026 16:42:36.229] [Worker-ResourceReload-0/INFO] [ModernUI-MC/TextLayout]: Loaded raw font bundle: 'ldlib2:font/jetbrains_mono_bold.json', font set: [JetBrains Mono]
[207月2026 16:42:36.233] [Worker-ResourceReload-0/INFO] [ModernUI-MC/TextLayout]: Loaded raw font 'deployer:logistics' in pack: 'mod/deployer'
[207月2026 16:42:36.233] [Worker-ResourceReload-0/INFO] [ModernUI-MC/TextLayout]: Loaded raw font bundle: 'deployer:font/logistics.json', font set: [deployer:font/nonlatin_logistics.png,deployer:font/logistics.png]
[207月2026 16:42:36.236] [Worker-ResourceReload-0/INFO] [ModernUI-MC/TextLayout]: Loaded raw font 'eclipticseasons:monsoon_icons' in pack: 'mod/eclipticseasons'
[207月2026 16:42:36.236] [Worker-ResourceReload-0/INFO] [ModernUI-MC/TextLayout]: Loaded raw font bundle: 'eclipticseasons:font/monsoon_icons.json', font set: [eclipticseasons:font/season_phase/dry_end.png,eclipticseasons:font/season_phase/dry_middle.png,eclipticseasons:font/season_phase/dry_start.png,eclipticseasons:font/season_phase/rain_end.png,eclipticseasons:font/season_phase/rain_middle.png,eclipticseasons:font/season_phase/rain_start.png,eclipticseasons:font/season_phase/wet_end.png,eclipticseasons:font/season_phase/wet_middle.png,eclipticseasons:font/season_phase/wet_start.png]
[207月2026 16:42:36.239] [Worker-ResourceReload-0/INFO] [ModernUI-MC/TextLayout]: Loaded raw font 'seasonhud:season_icons' in pack: 'mod/seasonhud'
[207月2026 16:42:36.239] [Worker-ResourceReload-0/INFO] [ModernUI-MC/TextLayout]: Loaded raw font bundle: 'seasonhud:font/season_icons.json', font set: [seasonhud:season_icons / minecraft:space,seasonhud:season/spring.png,seasonhud:season/summer.png,seasonhud:season/autumn.png,seasonhud:season/winter.png,seasonhud:season/dry.png,seasonhud:season/wet.png,seasonhud:season/null.png]
[207月2026 16:42:36.240] [Worker-ResourceReload-0/INFO] [ModernUI-MC/TextLayout]: Loaded raw font 'eclipticseasons:solar_icons' in pack: 'mod/eclipticseasons'
[207月2026 16:42:36.240] [Worker-ResourceReload-0/INFO] [ModernUI-MC/TextLayout]: Loaded raw font bundle: 'eclipticseasons:font/solar_icons.json', font set: [eclipticseasons:font/seasons_icons_font.png]
[207月2026 16:42:36.242] [Worker-ResourceReload-0/INFO] [ModernUI-MC/TextLayout]: Loaded raw font 'betteradvancedtooltips:tags' in pack: 'mod/betteradvancedtooltips'
[207月2026 16:42:36.242] [Worker-ResourceReload-0/INFO] [ModernUI-MC/TextLayout]: Loaded raw font bundle: 'betteradvancedtooltips:font/tags.json', font set: [betteradvancedtooltips:font/icons/tag/banner_pattern.png,betteradvancedtooltips:font/icons/tag/block.png,betteradvancedtooltips:font/icons/tag/enchantment.png,betteradvancedtooltips:font/icons/tag/entity_type.png,betteradvancedtooltips:font/icons/tag/fluid.png,betteradvancedtooltips:font/icons/tag/item.png,betteradvancedtooltips:font/icons/tag/instrument.png,betteradvancedtooltips:font/icons/tag/painting_variant.png]
[207月2026 16:42:36.245] [Worker-ResourceReload-0/INFO] [ModernUI-MC/TextLayout]: Loaded raw font 'eclipticseasons:test' in pack: 'mod/eclipticseasons'
[207月2026 16:42:36.245] [Worker-ResourceReload-0/INFO] [ModernUI-MC/TextLayout]: Loaded raw font bundle: 'eclipticseasons:font/test.json', font set: [eclipticseasons:font/humid4/1746959612787.png,eclipticseasons:font/humid4/1746959637049.png,eclipticseasons:font/humid4/1746959626560.png,eclipticseasons:font/humid4/1746959663272.png,eclipticseasons:font/humid4/1746959652390.png]
[207月2026 16:42:36.252] [Worker-ResourceReload-0/INFO] [ModernUI-MC/TextLayout]: Loaded font: 'minecraft:include/space', font set: [minecraft:include/space / minecraft:space]
[207月2026 16:42:36.252] [Worker-ResourceReload-0/INFO] [ModernUI-MC/TextLayout]: Loaded font: 'supplementaries:include/antiquable', font set: [supplementaries:font/antiquable_cyrillic.png,minecraft:font/nonlatin_european.png,supplementaries:font/antiquable_accented.png,supplementaries:font/antiquable.png]
[207月2026 16:42:36.253] [Worker-ResourceReload-0/INFO] [ModernUI-MC/TextLayout]: Loaded font: 'supplementaries:antiquable', font set: [minecraft:include/space / minecraft:space,supplementaries:font/antiquable_cyrillic.png,minecraft:font/nonlatin_european.png,supplementaries:font/antiquable_accented.png,supplementaries:font/antiquable.png,Inter Frozen Medium,Source Han Sans CN Medium,Segoe UI Variable,Segoe UI,SimHei,Segoe UI Symbol,mui-i18n-compat]
[207月2026 16:42:36.253] [Worker-ResourceReload-0/INFO] [ModernUI-MC/TextLayout]: Loaded font: 'tetra:ascii_small', font set: [tetra:ascii_small / minecraft:space,tetra:font/ascii_small.png]
[207月2026 16:42:36.253] [Worker-ResourceReload-0/INFO] [ModernUI-MC/TextLayout]: Loaded font: 'kubejs:icons', font set: [kubejs:font/icons/crafting.png,kubejs:font/icons/kube.png,kubejs:font/icons/vscode.png]
[207月2026 16:42:36.253] [Worker-ResourceReload-0/INFO] [ModernUI-MC/TextLayout]: Loaded font: 'seasonhud:season_icons', font set: [seasonhud:season_icons / minecraft:space,seasonhud:season/spring.png,seasonhud:season/summer.png,seasonhud:season/autumn.png,seasonhud:season/winter.png,seasonhud:season/dry.png,seasonhud:season/wet.png,seasonhud:season/null.png]
[207月2026 16:42:36.253] [Worker-ResourceReload-0/INFO] [ModernUI-MC/TextLayout]: Loaded font: 'eclipticseasons:solar_icons', font set: [eclipticseasons:font/seasons_icons_font.png]
[207月2026 16:42:36.253] [Worker-ResourceReload-0/INFO] [ModernUI-MC/TextLayout]: Loaded font: 'minecraft:alt', font set: [minecraft:include/space / minecraft:space,minecraft:font/ascii_sga.png]
[207月2026 16:42:36.253] [Worker-ResourceReload-0/INFO] [ModernUI-MC/TextLayout]: Loaded font: 'create_cyber_goggles:create_tiny', font set: [create_cyber_goggles:create_tiny / minecraft:space,numbers]
[207月2026 16:42:36.254] [Worker-ResourceReload-0/INFO] [ModernUI-MC/TextLayout]: Loaded font: 'minecraft:include/default', font set: [minecraft:font/nonlatin_european.png,minecraft:font/accented.png,minecraft:font/ascii.png]
[207月2026 16:42:36.254] [Worker-ResourceReload-0/INFO] [ModernUI-MC/TextLayout]: Loaded font: 'minecraft:include/cjk-punctuations', font set: [minecraft:font/element_ideographs.png,minecraft:font/cjk_punctuations.png,minecraft:font/ellipsis.png,minecraft:font/2em_dash.png]
[207月2026 16:42:36.254] [Worker-ResourceReload-0/INFO] [ModernUI-MC/TextLayout]: Loaded font: 'minecraft:default', font set: [minecraft:include/space / minecraft:space,minecraft:font/nonlatin_european.png,minecraft:font/accented.png,minecraft:font/ascii.png,minecraft:font/element_ideographs.png,minecraft:font/cjk_punctuations.png,minecraft:font/ellipsis.png,minecraft:font/2em_dash.png,create_deepfried:font/south_american.png,create_deepfried:font/north_american.png,create_deepfried:font/africa.png,create_deepfried:font/minecraft.png,create_deepfried:font/canada.png,create_deepfried:font/oceania.png,create_deepfried:font/asia.png,create_deepfried:font/japan.png,create_deepfried:font/european.png,create_deepfried:font/italy.png,create_deepfried:font/greece.png,create_deepfried:font/germany.png,create_deepfried:font/united_kingdom.png]
[207月2026 16:42:36.254] [Worker-ResourceReload-0/INFO] [ModernUI-MC/TextLayout]: Loaded font: 'minecraft:illageralt', font set: [minecraft:include/space / minecraft:space,minecraft:font/asciillager.png]
[207月2026 16:42:36.254] [Worker-ResourceReload-0/INFO] [ModernUI-MC/TextLayout]: Loaded font: 'ldlib2:jetbrains_mono_bold', font set: [JetBrains Mono]
[207月2026 16:42:36.254] [Worker-ResourceReload-0/INFO] [ModernUI-MC/TextLayout]: Loaded font: 'create_cyber_goggles:create', font set: [create_cyber_goggles:create / minecraft:space,numbers]
[207月2026 16:42:36.254] [Worker-ResourceReload-0/INFO] [ModernUI-MC/TextLayout]: Loaded font: 'refurbished_furniture:icons', font set: [refurbished_furniture:icons / minecraft:space,refurbished_furniture:gui/font.png]
[207月2026 16:42:36.254] [Worker-ResourceReload-0/INFO] [ModernUI-MC/TextLayout]: Loaded font: 'betteradvancedtooltips:icons', font set: [betteradvancedtooltips:font/icons/small_space.png,betteradvancedtooltips:font/icons/error.png,betteradvancedtooltips:font/icons/plus.png,betteradvancedtooltips:font/icons/minus.png,betteradvancedtooltips:font/icons/tilde.png,betteradvancedtooltips:font/icons/copy.png,betteradvancedtooltips:font/icons/id.png,betteradvancedtooltips:font/icons/fire.png,betteradvancedtooltips:font/icons/info.png,betteradvancedtooltips:font/icons/camera.png,betteradvancedtooltips:font/icons/prototype_component.png,betteradvancedtooltips:font/icons/patched_component.png,betteradvancedtooltips:font/icons/tag.png,betteradvancedtooltips:font/icons/warn.png,betteradvancedtooltips:font/icons/no.png,betteradvancedtooltips:font/icons/yes.png]
[207月2026 16:42:36.254] [Worker-ResourceReload-0/INFO] [ModernUI-MC/TextLayout]: Loaded font: 'betteradvancedtooltips:tags', font set: [betteradvancedtooltips:font/icons/tag/banner_pattern.png,betteradvancedtooltips:font/icons/tag/block.png,betteradvancedtooltips:font/icons/tag/enchantment.png,betteradvancedtooltips:font/icons/tag/entity_type.png,betteradvancedtooltips:font/icons/tag/fluid.png,betteradvancedtooltips:font/icons/tag/item.png,betteradvancedtooltips:font/icons/tag/instrument.png,betteradvancedtooltips:font/icons/tag/painting_variant.png]
[207月2026 16:42:36.254] [Worker-ResourceReload-0/INFO] [ModernUI-MC/TextLayout]: Loaded font: 'deployer:logistics', font set: [deployer:font/nonlatin_logistics.png,deployer:font/logistics.png]
[207月2026 16:42:36.254] [Worker-ResourceReload-0/INFO] [ModernUI-MC/TextLayout]: Loaded font: 'eclipticseasons:monsoon_icons', font set: [eclipticseasons:font/season_phase/dry_end.png,eclipticseasons:font/season_phase/dry_middle.png,eclipticseasons:font/season_phase/dry_start.png,eclipticseasons:font/season_phase/rain_end.png,eclipticseasons:font/season_phase/rain_middle.png,eclipticseasons:font/season_phase/rain_start.png,eclipticseasons:font/season_phase/wet_end.png,eclipticseasons:font/season_phase/wet_middle.png,eclipticseasons:font/season_phase/wet_start.png]
[207月2026 16:42:36.254] [Worker-ResourceReload-0/INFO] [ModernUI-MC/TextLayout]: Loaded font: 'kaleidoscope_chinesefood:couplet_font', font set: [zihunbaigetianxingti]
[207月2026 16:42:36.256] [Worker-ResourceReload-0/INFO] [ModernUI-MC/TextLayout]: Loaded font: 'eclipticseasons:test', font set: [eclipticseasons:font/humid4/1746959612787.png,eclipticseasons:font/humid4/1746959637049.png,eclipticseasons:font/humid4/1746959626560.png,eclipticseasons:font/humid4/1746959663272.png,eclipticseasons:font/humid4/1746959652390.png]
[207月2026 16:42:36.366] [Worker-ResourceReload-7/ERROR] [net.minecraft.server.packs.PathPackResources/]: Invalid path ae2omnicells:textures/item/led/README.md_condition.json: Invalid segment 'README.md_condition.json' in path 'textures/item/led/README.md_condition.json'
[207月2026 16:42:36.367] [Worker-ResourceReload-7/ERROR] [net.minecraft.server.packs.PathPackResources/]: Invalid path ae2omnicells:textures/item/README.md_condition.json: Invalid segment 'README.md_condition.json' in path 'textures/item/README.md_condition.json'
[207月2026 16:42:38.333] [Worker-Main-5/INFO] [net.minecraft.client.gui.font.providers.UnihexProvider/]: Found unifont_all_no_pua-15.1.05.hex, loading
[207月2026 16:42:38.554] [Worker-Main-2/INFO] [net.minecraft.client.gui.font.providers.UnihexProvider/]: Found unifont_jp_patch-15.1.05.hex, loading
[207月2026 16:42:39.206] [Worker-ResourceReload-7/ERROR] [net.minecraft.Util/]: Invalid path in pack: createcafe:textures/item/demon's_dream_fruit_milk_tea.png, ignoring
